municipality_code,municipality_name_jp,municipality_name_en,unit_role,parent_code,primary_population,granular_population,analysis_eligible,analysis_exclusion_reason,population_density,habitable_population_density,did_population_share,establishments_per_1000,commercial_establishments_per_1000,retail_stores_per_1000,eateries_per_1000,large_retail_stores_per_10000,clinics_per_10000,establishments_per_habitable_km2,commercial_establishments_per_habitable_km2,retail_stores_per_habitable_km2,eateries_per_habitable_km2,large_retail_stores_per_habitable_km2,clinics_per_habitable_km2,primary_employment_share,tertiary_employment_share,cultivated_land_share,validation_net_migration_per_1000,validation_taxable_income_per_taxpayer_yen,validation_dwelling_floor_area_m2
01100,札幌市,Sapporo-shi,designated_city,,True,False,True,,1759.979844,4497.356366,0.9709343542,36.85526719,6.889142822,5.254903352,3.726572734,1.763458405,7.160249215,165.7512705,30.98293033,23.63317304,16.75972561,0.7930900887,3.220219239,0.004708299397,0.8250659316,0.02229634518,5.537721445,3633412.344,79.47
01101,中央区,Chuo-ku,designated_city_ward,01100,False,True,False,overlapping_hierarchy,5357.173632,9553.592009,0.991527264,89.1909281,15.92005791,11.61733955,14.98713206,2.65401319,16.00450378,852.093738,152.093738,110.9873223,143.1809451,2.53553592,15.29004994,0.00292155199,0.8831572046,,7.868540477,,66.54
01102,北区,Kita-ku,designated_city_ward,01100,False,True,False,overlapping_hierarchy,4551.25059,4578.620035,0.9683917283,30.30868614,5.398810326,4.354994245,2.312294564,1.62448198,6.22142035,138.7719576,24.71910112,19.9398639,10.58711821,0.7437885741,2.848551986,0.005445892553,0.80357619,,4.456042739,,83.67
01103,東区,Higashi-ku,designated_city_ward,01100,False,True,False,overlapping_hierarchy,4658.223626,4661.496575,0.9615455631,32.48184672,6.78652041,4.729085572,1.778588359,1.846415881,4.936336334,151.4140172,31.63534165,22.0446162,8.290883541,0.8607061303,2.301071491,0.004774921586,0.8016173404,,6.094048798,,78.31
01104,白石区,Shiroishi-ku,designated_city_ward,01100,False,True,False,overlapping_hierarchy,6145.488831,6156.204592,0.9822503363,38.91236104,8.32723582,4.88587816,2.308400406,1.46340312,5.428753511,239.5524557,51.26416739,30.07846556,14.21098518,0.9009009009,3.342051729,0.003660937583,0.8042994732,,7.141820157,,70.1
01105,豊平区,Toyohira-ku,designated_city_ward,01100,False,True,False,overlapping_hierarchy,4873.415531,8092.600575,0.9943585829,26.11652123,4.40749585,3.675132491,1.952968957,1.464726718,6.125220819,211.3505747,35.66810345,29.74137931,15.8045977,1.185344828,4.956896552,0.003562030357,0.8571085519,,7.041199162,,70.12
01106,南区,Minami-ku,designated_city_ward,01100,False,True,False,overlapping_hierarchy,206.5112247,1202.950297,0.8557634946,24.79064937,4.08758479,3.932919419,2.180045221,1.473003528,5.597413406,29.82191902,4.917161336,4.731106583,2.622486046,0.1771950031,0.6733410118,0.008262843914,0.8433086991,,3.719897703,,91.73
01107,西区,Nishi-ku,designated_city_ward,01100,False,True,False,overlapping_hierarchy,2890.013316,7179.622891,0.9894443421,30.46443052,5.750092149,4.478437154,2.667711021,1.704754884,6.496498341,218.7231227,41.28349322,32.15348991,19.15315911,1.223949719,4.66424082,0.003717784453,0.8265664055,,7.384559143,,82.13
01108,厚別区,Atsubetsu-ku,designated_city_ward,01100,False,True,False,overlapping_hierarchy,5130.557834,5483.691363,0.986057258,22.41711504,4.540984786,4.029324529,1.790810902,1.279150644,7.355116203,122.9285401,24.90135905,22.09557212,9.820254274,0.7014467339,4.03331872,0.005857851994,0.8334315982,,4.331146132,,84.81
01109,手稲区,Teine-ku,designated_city_ward,01100,False,True,False,overlapping_hierarchy,2512.330456,4072.672758,0.9679088519,22.97633655,3.975460123,3.87028922,1.689745837,1.893076249,5.468886941,93.57509994,16.19074814,15.76242147,6.881781839,0.7709880069,2.227298686,0.004858627438,0.780619475,,3.15428081,,96.89
01110,清田区,Kiyota-ku,designated_city_ward,01100,False,True,False,overlapping_hierarchy,1876.649407,3813.815343,0.9762004361,26.47857238,5.144408349,4.815095011,1.931378221,1.958079302,5.696230697,100.9843856,19.61982349,18.36388323,7.365919891,0.7467752885,2.172437203,0.007351071943,0.805736802,,-1.558017835,,104.16
01202,函館市,Hakodate-shi,basic_municipality,,True,True,True,,370.4014044,2044.491491,0.86044511,45.25178825,9.749725192,8.614646891,5.002309984,1.63291966,8.204425611,92.51689602,19.93323019,17.61257227,10.2271802,0.3338490351,1.677387835,0.02932690987,0.7709258767,0.02802897311,-2.240872672,3295911.805,92.23
01203,小樽市,Otaru-shi,basic_municipality,,True,True,True,,456.4614691,1305.100844,0.8350389491,45.49007628,10.77278322,9.856332941,5.534640922,1.527417138,7.097997287,59.36913696,14.05956848,12.86350844,7.22326454,0.1993433396,0.9263602251,0.01382159205,0.7975661494,0.008202436124,-4.471809407,2984991.207,95.71
01204,旭川市,Asahikawa-shi,basic_municipality,,True,True,True,,440.4488671,940.3906562,0.9308819153,42.56223695,8.791215465,7.315384475,4.564143988,2.034581818,6.893284665,40.02512993,8.26717688,6.879319207,4.29207836,0.1913301731,0.648238049,0.02570376091,0.7857860457,0.1832383704,-2.128514183,3249520.488,99.04
01205,室蘭市,Muroran-shi,basic_municipality,,True,True,True,,1016.948525,1902.170399,0.8316521612,44.0989039,8.739667164,7.537962929,5.425876698,1.57799546,6.311981841,83.88362965,16.62433618,14.33848996,10.32094205,0.3001616255,1.200646502,0.009328304494,0.7108513517,0.02468831009,-8.776968806,3373282.59,85.61
01206,釧路市,Kushiro-shi,basic_municipality,,True,True,True,,121.0872228,529.6361653,0.8974781466,47.09923248,9.438019833,7.414721615,6.23951247,1.453866983,4.785645487,24.94545688,4.998716632,3.927104723,3.304671458,0.07700205339,0.2534650924,0.02183589121,0.7665828492,0.07701956297,-9.314777243,3201617.063,88.02
01207,帯広市,Obihiro-shi,basic_municipality,,True,True,True,,268.8926922,436.7584579,0.908668396,50.88989768,10.76644089,8.592736706,6.743286737,2.101647692,6.665225537,22.22659323,4.70233412,3.752950433,2.945187516,0.09179124049,0.2911093627,0.04850175712,0.7272178555,0.3697484419,-3.395311237,3442001.537,93.21
01208,北見市,Kitami-shi,basic_municipality,,True,True,True,,80.90177314,269.8509137,0.6714322826,44.71770003,9.30897125,8.036023554,4.60685833,2.251472116,5.54208521,12.06711221,2.512034397,2.168528298,1.24316493,0.06075618077,0.1495536757,0.06466842116,0.7343954035,0.1660349864,-3.725714701,3443116.723,94.83
01209,夕張市,Yubari-shi,basic_municipality,,True,True,True,,9.611175908,63.96302111,,47.17752932,10.08999182,11.45350423,3.954185983,0,8.181074448,3.017617303,0.6453863597,0.7326007326,0.2529216815,0,0.05232862376,0.1679092382,0.6094003241,0.009173470324,-19.32208941,2713922.979,92.69
01210,岩見沢市,Iwamizawa-shi,basic_municipality,,True,True,True,,164.8704836,247.2825917,0.5929185686,38.43340983,7.666506948,6.872115603,3.606284518,1.513126371,7.313444128,9.503913193,1.895793708,1.699354557,0.8917713822,0.03741698107,0.1808487419,0.07915993538,0.7146130122,0.4095463806,-4.083337825,3131931.848,103.66
01211,網走市,Abashiri-shi,basic_municipality,,True,True,True,,75.92144374,155.5077191,0.6468022036,46.11426494,9.144551022,8.501356302,4.334573114,1.957549148,4.754047932,7.171124157,1.422048271,1.322026528,0.6740595782,0.0304414003,0.07392911503,0.1312563535,0.6845661664,0.2972399151,-10.99413025,3828209.765,92.83
01212,留萌市,Rumoi-shi,basic_municipality,,True,True,True,,67.53290357,610.6253795,0.7392860694,51.75499652,11.88227105,10.88793875,5.568260913,2.485830765,7.457492294,31.60291439,7.255616272,6.64845173,3.400121433,0.1517911354,0.4553734062,0.03280908239,0.7649203208,0.03693258125,-15.96125268,3217035.611,104.33
01213,苫小牧市,Tomakomai-shi,basic_municipality,,True,True,True,,302.875405,735.2422527,0.8354564319,40.30262237,8.024078113,6.519196064,3.979707606,1.587180286,5.114247588,29.63219086,5.899641267,4.7931884,2.926049185,0.1166962009,0.3760210918,0.01915945612,0.6904636667,0.02136523876,0.03623407211,3309987.135,91.79
01214,稚内市,Wakkanai-shi,basic_municipality,,True,True,True,,44.07948307,104.639127,0.7793999345,51.21711408,10.90486548,8.223341179,6.048327027,1.489735721,4.469207163,5.359314108,1.141075604,0.8604832424,0.6328916602,0.01558846454,0.04676539361,0.08548514491,0.6844279725,0.1930603346,-14.70200422,3633539.509,100.86
01215,美唄市,Bibai-shi,basic_municipality,,True,True,True,,73.51002917,129.5652174,0.4737667173,43.59966688,7.740165581,7.83814236,3.772106011,0.979767795,5.388722873,5.649000317,1.002856236,1.015550619,0.4887337353,0.01269438274,0.06981910505,0.1300637356,0.64254078,0.3385069682,-10.20242036,2960360.853,105.94
01216,芦別市,Ashibetsu-shi,basic_municipality,,True,True,True,,14.51377971,88.90383798,0.4272401434,44.84269215,8.602150538,8.442851454,4.858622063,0.7964954202,3.185981681,3.986687438,0.7647641977,0.7506018977,0.4319501487,0.007081149979,0.02832459992,0.103051997,0.6201959307,0.04046055674,-7.738148181,2758083.55,98.66
01217,江別市,Ebetsu-shi,basic_municipality,,True,True,True,,646.0454691,719.7574172,0.9095212133,26.90490352,5.02246894,4.74160719,2.205590801,1.817340735,5.947660587,19.36500386,3.614959272,3.412806945,1.587490338,0.1308044474,0.4280872822,0.02771535581,0.7623220974,0.3735724197,2.76142476,3197485.176,102.79
01218,赤平市,Akabira-shi,basic_municipality,,True,True,True,,74.66892516,260.2092836,,40.52381934,8.867807795,9.280263972,3.712105589,1.031140441,3.093421324,10.544674,2.307485914,2.41481084,0.9659243359,0.02683123155,0.08049369466,0.04499381953,0.6882571075,0.06159531876,-6.970699433,2793847.13,94.92
01219,紋別市,Mombetsu-shi,basic_municipality,,True,True,True,,25.53962464,119.3395961,0.67376856,59.25053029,12.44402545,10.13433891,7.730379449,1.414093802,3.299552204,7.070934353,1.485064972,1.209427912,0.9225403611,0.01687573831,0.03937672273,0.09795623452,0.6490503716,0.1011231897,-19.48380567,3751305.121,104.9
01220,士別市,Shibetsu-shi,basic_municipality,,True,True,True,,15.9557549,62.81834811,0.5861798634,52.97345727,10.69548662,9.295553813,6.159704334,1.679919364,6.159704334,3.327705079,0.6718728015,0.5839313353,0.3869424511,0.01055297594,0.03869424511,0.1681044268,0.6190692395,0.1483175783,-20.3163017,3356282.013,112.17
01221,名寄市,Nayoro-shi,basic_municipality,,True,True,True,,50.97533632,136.0291185,0.6557070596,48.12697016,10.55641082,9.236859468,5.974635291,1.099626127,3.665420424,6.546669326,1.435979258,1.256481851,0.8127243718,0.01495811727,0.04986039091,0.09986120243,0.7655051501,0.1943198804,-16.44976154,3297053.571,97.34
01222,三笠市,Mikasa-shi,basic_municipality,,True,True,True,,26.57675526,137.4593948,,43.78109453,10.69651741,10.94527363,3.482587065,2.487562189,4.975124378,6.018122756,1.47033681,1.504530689,0.4787143101,0.0341938793,0.06838775859,0.07403876708,0.7111534795,0.04297236546,-1.926252064,2869397.218,98.33
01223,根室市,Nemuro-shi,basic_municipality,,True,True,True,,59.88186967,117.2975289,0.5685582075,53.70189966,12.0961195,9.457704173,6.21042377,1.623640201,3.247280403,6.299100129,1.418844927,1.109365329,0.7284673618,0.01904489835,0.0380897967,0.1916365351,0.5707435938,0.2333438662,-15.39967954,3299492.386,107.48
01224,千歳市,Chitose-shi,basic_municipality,,True,True,True,,164.7603028,495.848942,0.8608984176,32.00612557,6.656457376,6.472690148,4.553343543,1.531393568,5.921388464,15.8702035,3.300597347,3.209476562,2.257770578,0.07593398805,0.2936114205,0.03351908668,0.7602112162,0.0992430614,-5.084484618,3425945.992,87.62
01225,滝川市,Takikawa-shi,basic_municipality,,True,True,True,,340.7247627,384.0692472,0.7246138263,42.79564447,9.293492023,8.128640162,5.444416308,1.266143327,6.077487972,16.43649096,3.569344486,3.121960708,2.091032873,0.04862867146,0.233417623,0.04525956885,0.7463154421,0.4400345125,-9.530330001,3123845.083,95.15
01226,砂川市,Sunagawa-shi,basic_municipality,,True,True,True,,209.5322827,329.9179508,0.3052893364,45.97840592,9.947834526,8.795341502,5.580492539,2.426301104,4.246026932,15.16910146,3.281969182,2.901741045,1.841104663,0.08004802882,0.1400840504,0.05064481462,0.7105051048,0.1906456533,-5.580723524,3251674.194,102.69
01227,歌志内市,Utashinai-shi,basic_municipality,,True,True,True,,53.42269884,213.1954351,,37.13616594,7.360321178,6.691201071,1.003680161,0,10.03680161,7.917261056,1.569186876,1.426533524,0.2139800285,0,0.2139800285,0.01826086957,0.7252173913,0,-12.77089783,2780930.76,87.35
01228,深川市,Fukagawa-shi,basic_municipality,,True,True,True,,37.85085565,93.23934487,0.4786166974,49.35376017,10.92868906,9.980537951,5.389490494,2.495134488,6.986376566,4.601712265,1.018983808,0.93057882,0.5025125628,0.0232644705,0.0651405174,0.1650579151,0.6851136851,0.2172188433,-10.03873643,3113809.206,111.45
01229,富良野市,Furano-shi,basic_municipality,,True,True,True,,35.17670756,106.986988,0.6268515451,52.38748758,11.64166391,11.02645402,6.861956367,0.9464767403,5.205622072,5.604779505,1.245506557,1.179687104,0.7341400435,0.01012606957,0.05569338261,0.2029872901,0.6726041377,0.1747931614,-12.9942927,3372982.456,102.17
01230,登別市,Noboribetsu-shi,basic_municipality,,True,True,True,,218.6089251,1204.022839,0.7369964002,32.57097282,6.509883383,5.970985752,3.211829881,1.293354314,3.664503891,39.21619517,7.838048274,7.189203218,3.867116533,0.1557228134,0.4412146379,0.01273505124,0.733757835,0.04712313275,-7.405709045,3104415.923,98.63
01231,恵庭市,Eniwa-shi,basic_municipality,,True,True,True,,238.693365,718.1762483,0.9140208443,26.77340007,5.04756082,4.677880309,2.303393951,1.848402554,5.118653225,19.22802001,3.625038293,3.35954253,1.654242827,0.1327478811,0.367609517,0.0395686797,0.7384810833,0.1459358561,3.250716861,3206352.797,100.26
01233,伊達市,Date-shi,basic_municipality,,True,True,True,,73.89748092,251.0592734,0.6373606288,39.69414489,8.316578322,7.737768842,4.021202705,0.9139097057,8.52982392,9.965583174,2.087954111,1.942638623,1.009560229,0.02294455067,0.2141491396,0.0944579288,0.7076591154,0.1080570001,-5.479364266,3093930.302,102.91
01234,北広島市,Kitahiroshima-shi,basic_municipality,,True,True,True,,488.6266275,778.1032638,0.8640559729,31.52773719,6.77313438,6.463701845,1.426827801,1.890976603,6.188650702,24.53183521,5.270197967,5.029427501,1.110219369,0.1471375067,0.481540931,0.02124791881,0.7807817331,0.1595968081,0.708027259,3324112.869,107.12
01235,石狩市,Ishikari-shi,basic_municipality,,True,True,True,,78.72994338,286.6381048,0.7865972674,37.98202887,6.084158329,4.800506427,2.215618351,1.230899084,4.571910883,10.88709677,1.743951613,1.376008065,0.6350806452,0.03528225806,0.1310483871,0.04149694501,0.6810930075,0.07614248335,0.3674990813,3161412.804,109.19
01236,北斗市,Hokuto-shi,basic_municipality,,True,True,True,,111.4683977,462.4425887,0.6332896935,35.16771252,7.742314117,7.08771613,1.986366304,1.580064105,5.868809535,16.26304802,3.580375783,3.277661795,0.9185803758,0.07306889353,0.2713987474,0.0789372167,0.6903751567,0.1056763285,-9.623919645,2970041.264,103.26
01303,当別町,Tobetsu-cho,basic_municipality,,True,True,True,,37.63893487,100.6831984,0.3415431013,34.80774064,5.654687107,6.220155818,1.633576275,1.884895702,7.53958281,3.504554656,0.5693319838,0.6262651822,0.1644736842,0.01897773279,0.07591093117,0.1420133876,0.6473290458,0.2010121553,-2.382055184,3256637.168,112.01
01304,新篠津村,Shinshinotsu-mura,basic_municipality,,True,True,True,,39.00563813,40.07372301,,33.50854139,4.927726675,4.270696452,1.314060447,0,9.855453351,1.342812006,0.1974723539,0.1711427067,0.05265929437,0,0.03949447077,0.4126770061,0.4450438301,0.65351102,-9.89010989,3423149.905,
01331,松前町,Matsumae-cho,basic_municipality,,True,True,True,,21.34697357,264.6934461,,46.80511182,13.25878594,13.41853035,1.437699681,0,4.792332268,12.38900634,3.509513742,3.55179704,0.3805496829,0,0.1268498943,0.1010177158,0.620806634,0.0136402387,-10.48470265,3318635.171,
01332,福島町,Fukushima-cho,basic_municipality,,True,True,True,,20.26168224,229.244713,,59.04059041,13.17870322,12.38798102,3.162888772,0,7.907221929,13.5347432,3.021148036,2.839879154,0.7250755287,0,0.1812688822,0.1470408786,0.4789505796,0.005340453939,-2.07223209,3409135.083,
01333,知内町,Shiriuchi-cho,basic_municipality,,True,True,True,,21.17808498,130.7089084,,42.95656347,7.439404848,5.759539237,3.11975042,0,9.599232061,5.614805521,0.9723964868,0.7528230866,0.4077791719,0,0.1254705144,0.2654028436,0.4568720379,0.07623500712,-12.68834259,2916555.407,
01334,木古内町,Kikonai-cho,basic_municipality,,True,True,True,,17.27215361,160.334728,,55.58455115,12.52609603,12.78705637,6.002087683,0,7.828810021,8.912133891,2.008368201,2.050209205,0.9623430962,0,0.1255230126,0.1032138443,0.6452410383,0.04507346976,-9.353741497,2967816.092,
01337,七飯町,Nanae-cho,basic_municipality,,True,True,True,,127.7324106,345.1259038,0.4566929134,29.54561872,5.020588023,4.44267861,1.733728238,1.083580149,6.501480893,10.19695836,1.732734979,1.53328347,0.5983545251,0.03739715782,0.2243829469,0.09474394668,0.6973761917,0.1384083045,-2.358229854,2945072.844,112.15
01343,鹿部町,Shikabe-cho,basic_municipality,,True,True,True,,33.98716442,176.1949391,,39.89361702,10.10638298,8.244680851,2.925531915,0,5.319148936,7.029053421,1.780693533,1.45267104,0.5154639175,0,0.09372071228,0.3316885965,0.4117324561,0.01807827895,-3.705815279,3579104.478,
01345,森町,Mori-machi,basic_municipality,,True,True,True,,38.87849454,154.2052054,,54.1219138,11.71711536,10.60119961,4.184684056,0.6974473427,5.579578742,8.345880835,1.806840181,1.634760163,0.6453000645,0.01075500108,0.0860400086,0.220353238,0.4795346229,0.07050082703,-13.03195406,4386317.159,
01346,八雲町,Yakumo-cho,basic_municipality,,True,True,True,,16.55300812,91.72897467,0.4296095033,52.1294073,11.56325035,11.37368887,5.11815999,0,3.159358018,4.781777082,1.060685098,1.043296818,0.4694835681,0,0.02898046717,0.190036452,0.5560145808,0.06903188018,-6.476505443,3596229.379,117.08
01347,長万部町,Oshamambe-cho,basic_municipality,,True,True,True,,16.44033981,83.5759856,,55.78391075,10.76531611,10.37385007,6.263456645,0,3.914660403,4.662195321,0.8997219041,0.867004744,0.5234745624,0,0.03271716015,0.192336589,0.539444027,0.07723001673,-9.582623509,3305982.001,
01361,江差町,Esashi-cho,basic_municipality,,True,True,True,,67.84800877,273.6919676,,60.85083468,13.46257404,13.3279483,6.731287022,1.346257404,5.385029618,16.65438467,3.684598379,3.647752395,1.842299189,0.03684598379,0.1473839352,0.0831699804,0.7236068328,0.1004749726,-13.62191615,3270887.008,
01362,上ノ国町,Kaminokuni-cho,basic_municipality,,True,True,True,,7.861681151,98.19840365,,45.28564793,9.521597771,8.360427311,2.786809104,0,6.967022759,4.446978335,0.9350057013,0.8209806157,0.2736602052,0,0.06841505131,0.1690211907,0.5454086781,0.01825750383,-10.64601984,3306174.411,
01363,厚沢部町,Assabu-cho,basic_municipality,,True,True,True,,7.798862304,39.12001743,,53.45211581,12.52783964,11.97104677,3.619153675,0,2.783964365,2.091047702,0.4900893052,0.4683075583,0.1415813548,0,0.01089087345,0.3234515617,0.5066172578,0.0846758435,-18.66014072,3345629.511,
01364,乙部町,Otobe-cho,basic_municipality,,True,True,True,,20.92994649,133.03362,,50.54363797,10.57890097,9.991184249,3.526300323,0,2.938583603,6.724003127,1.407349492,1.329163409,0.4691164973,0,0.03909304144,0.1032713278,0.6029506094,0.04920351805,-14.8052784,3112639.725,
01367,奥尻町,Okushiri-cho,basic_municipality,,True,True,True,,16.85432548,116.1445783,,78.83817427,18.67219917,17.01244813,9.543568465,0,12.44813278,9.156626506,2.168674699,1.975903614,1.108433735,0,0.1445783133,0.106466877,0.7649842271,0.04196097629,-42.09541628,3495039.683,
01370,今金町,Imakane-cho,basic_municipality,,True,True,True,,8.925648922,41.50233205,,47.71293375,10.25236593,10.6466877,5.323343849,1.971608833,7.886435331,1.98019802,0.4254970952,0.4418623681,0.220931184,0.008182636445,0.03273054578,0.28049265,0.5816448153,0.09854817422,-18.90189019,3261513.158,
01371,せたな町,Setana-cho,basic_municipality,,True,True,True,,11.58326549,52.91845494,,56.90727224,13.78751014,12.97648013,4.866180049,0,6.758583401,3.011444921,0.7296137339,0.686695279,0.2575107296,0,0.03576537911,0.2521762786,0.5990206746,0.09237802969,-9.658246657,3032715.806,
01391,島牧村,Shimamaki-mura,basic_municipality,,True,True,True,,3.101697241,19.50798446,,56.04719764,9.587020649,8.849557522,1.474926254,0,7.374631268,1.093367861,0.1870234499,0.1726370306,0.02877283844,0,0.01438641922,0.2139605463,0.6540212443,0.006862162039,-16.05136437,3216152.019,
01392,寿都町,Suttsu-cho,basic_municipality,,True,True,True,,29.79527559,143.9878234,,61.66314306,14.44679352,12.33262861,6.694855532,0,7.04721635,8.878741755,2.080162354,1.775748351,0.9639776763,0,0.1014713343,0.1039244186,0.6598837209,0.03149606299,-14.45416508,3554054.054,
01393,黒松内町,Kuromatsunai-cho,basic_municipality,,True,True,True,,8.074641979,42.4486692,,52.66929416,10.39054102,11.10713006,2.149767109,0,17.9147259,2.235741445,0.4410646388,0.4714828897,0.09125475285,0,0.07604562738,0.1254752852,0.6821292776,0.09836539852,-33.11529027,3063720.452,
01394,蘭越町,Rankoshi-cho,basic_municipality,,True,True,True,,10.1560763,48.1958219,,46.62872154,11.38353765,11.38353765,3.940455342,0,6.567425569,2.247309559,0.5486389534,0.5486389534,0.1899134839,0,0.03165224731,0.2376362112,0.5574182733,0.08893236693,5.998666963,3406147.091,
01395,ニセコ町,Niseko-cho,basic_municipality,,True,True,True,,25.73935981,96.09848485,,60.50453291,10.8395743,10.24832479,8.277493102,3.941663382,3.941663382,5.814393939,1.041666667,0.9848484848,0.7954545455,0.03787878788,0.03787878788,0.1650781548,0.6755623332,0.1369654543,-15.67285174,3691689.008,
01396,真狩村,Makkari-mura,basic_municipality,,True,True,True,,17.89934354,55.33008658,,56.72371638,12.22493888,11.24694377,9.290953545,0,14.66992665,3.138528139,0.6764069264,0.6222943723,0.5140692641,0,0.08116883117,0.3891797557,0.5261780105,0.2625820569,-14.96388029,3432605.905,
01397,留寿都村,Rusutsu-mura,basic_municipality,,True,True,True,,15.94626168,40.39315155,,54.42176871,13.60544218,12.03558346,6.279434851,0,10.46572475,2.198266751,0.5495666878,0.4861551469,0.2536461636,0,0.0422743606,0.2852538276,0.6398066076,0.2002670227,-29.23686819,3108078.603,
01398,喜茂別町,Kimobetsu-cho,basic_municipality,,True,True,True,,11.38271475,60.93838327,,54.26716141,15.30612245,12.98701299,6.029684601,0,9.276437848,3.306953081,0.9327303561,0.7914075749,0.3674392312,0,0.05652911249,0.2266419981,0.6475485661,0.06335462753,-9.854771784,3015444.015,
01399,京極町,Kyogoku-cho,basic_municipality,,True,True,True,,12.70465247,78.19728796,,51.68310099,9.180550833,8.160489629,5.44032642,0,6.800408024,4.04147833,0.7178941771,0.6381281574,0.4254187716,0,0.05317734645,0.1821756225,0.5511140236,0.1079960257,-6.484149856,3077049.18,
01400,倶知安町,Kutchan-cho,basic_municipality,,True,True,True,,57.89010484,212.9345531,0.6687157115,60.94256065,9.650340406,9.12155463,8.658867076,1.982946659,7.270804415,12.97677692,2.054890922,1.942294159,1.843771992,0.04222378607,0.1548205489,0.08403046573,0.7798726433,0.172189485,-10.98130841,4378841.841,86.35
01401,共和町,Kyowa-cho,basic_municipality,,True,True,True,,18.92955529,56.66601217,,36.03603604,7.103257103,6.583506584,1.212751213,0,6.93000693,2.042018457,0.4025132535,0.3730610642,0.06872177499,0,0.03926958571,0.2450248756,0.5410447761,0.1672569854,-10.25354213,3570156.846,
01402,岩内町,Iwanai-cho,basic_municipality,,True,True,True,,164.9858357,841.6184971,0.751459478,58.80837912,11.58997253,10.90315934,7.8125,0.8585164835,8.585164835,49.49421965,9.75433526,9.176300578,6.575144509,0.07225433526,0.7225433526,0.03195455352,0.6518728919,0.04249291785,-0.2749014936,3174531.497,
01403,泊村,Tomari-mura,basic_municipality,,True,True,True,,19.07135043,288.4191176,,65.00956023,11.47227533,10.19757808,0.6373486297,0,25.49394519,18.75,3.308823529,2.941176471,0.1838235294,0,0.7352941176,0.08607594937,0.7594936709,0,-7.042253521,3720465.89,
01404,神恵内村,Kamoenai-mura,basic_municipality,,True,True,True,,5.886731173,89.50617284,,65.51724138,16.09195402,14.94252874,8.045977011,0,11.49425287,5.864197531,1.440329218,1.33744856,0.7201646091,0,0.1028806584,0.1381074169,0.7391304348,0,-2.702702703,4015673.981,
01405,積丹町,Shakotan-cho,basic_municipality,,True,True,True,,7.689077395,35.80367618,,69.90715456,17.47678864,17.47678864,13.10759148,0,10.9229929,2.502933125,0.6257332812,0.6257332812,0.4692999609,0,0.03910833007,0.2805526036,0.568544102,0.03359509512,-15.86368978,3159292.035,
01406,古平町,Furubira-cho,basic_municipality,,True,True,True,,14.57315778,102.6551982,,55.73770492,10.56466302,11.29326047,4.007285974,0,3.64298725,5.721765146,1.084517577,1.159311892,0.411368736,0,0.03739715782,0.1454545455,0.5803030303,0.005308982799,-4.634994206,3097674.419,
01407,仁木町,Niki-cho,basic_municipality,,True,True,True,,18.9330793,78.15188007,,50.62893082,7.86163522,6.289308176,3.773584906,0,9.433962264,3.956746129,0.6144015729,0.4915212583,0.294912755,0,0.07372818874,0.4782089552,0.4310447761,0.08930697785,14.09373976,3620921.305,
01408,余市町,Yoichi-cho,basic_municipality,,True,True,True,,128.0318657,379.0271636,0.45,45.88888889,10.27777778,10,3.777777778,2.222222222,8.333333333,17.3931354,3.895556959,3.790271636,1.431880396,0.08422825858,0.3158559697,0.1721976401,0.6735496559,0.09958034,-1.356612009,3093944.453,113.89
01409,赤井川村,Akaigawa-mura,basic_municipality,,True,True,True,,4.159377343,67.93002915,,48.06866953,6.008583691,6.008583691,4.291845494,0,8.583690987,3.265306122,0.4081632653,0.4081632653,0.2915451895,0,0.0583090379,0.2907801418,0.5531914894,0.02856224785,-2.010723861,2907563.025,
01423,南幌町,Nanporo-cho,basic_municipality,,True,True,True,,89.95821042,91.54471545,,35.79724006,4.918704741,4.098920618,3.415767181,0,2.732613745,3.277048155,0.4502814259,0.3752345216,0.3126954346,0,0.02501563477,0.1710315339,0.6245323356,0.6882989184,23.06819614,3157027.363,
01424,奈井江町,Naie-cho,basic_municipality,,True,True,True,,58.05646899,128.6755466,,47.0703125,7.8125,7.03125,3.125,0,5.859375,6.056798191,1.005277708,0.9047499372,0.4021110832,0,0.0753958281,0.1602459016,0.5413934426,0.226783082,-6.164965986,3035087.719,
01425,上砂川町,Kamisunagawa-cho,basic_municipality,,True,True,True,,71.06053027,519.3784278,,34.49489616,7.039774727,6.687785991,0.3519887364,0,10.55966209,17.91590494,3.65630713,3.473491773,0.1828153565,0,0.5484460695,0.01919385797,0.7005758157,0,-12.71186441,2603535.354,
01427,由仁町,Yuni-cho,basic_municipality,,True,True,True,,36.05503215,56.33835728,,56.61551224,11.40605558,10.78390709,3.525508088,0,10.36914144,3.189624956,0.6425984344,0.6075476107,0.1986213343,0,0.05841803949,0.3561802079,0.4709279938,0.4411544788,-14.13739784,3007604.563,
01428,長沼町,Naganuma-cho,basic_municipality,,True,True,True,,61.05506765,68.48831791,,48.98435222,9.816308679,10.01069103,6.025852853,0.9719117504,5.831470502,3.354855888,0.6723024695,0.6856153897,0.4127005259,0.006656460095,0.03993876057,0.3047794118,0.5354779412,0.6646095419,0.9057059475,3226685.134,
01429,栗山町,Kuriyama-cho,basic_municipality,,True,True,True,,55.27386848,112.3940572,0.5684882896,50.74520937,10.20227111,8.9602555,4.347054649,0.8871540099,7.097232079,5.703459966,1.146674644,1.00707947,0.488583109,0.009971083857,0.07976867085,0.2023142289,0.5724100524,0.289314961,-8.260583873,3094588.449,
01430,月形町,Tsukigata-cho,basic_municipality,,True,True,True,,24.5412234,60.65735415,,41.45218098,6.502302899,7.586020049,2.438363587,0,10.8371715,2.514379622,0.3944124897,0.4601479047,0.1479046836,0,0.06573541495,0.3101182654,0.5788436268,0.2061170213,-12.81112738,3017592.593,
01431,浦臼町,Urausu-cho,basic_municipality,,True,True,True,,17.00874006,32.71010387,,51.9630485,11.54734411,10.96997691,3.464203233,0,17.32101617,1.699716714,0.3777148253,0.358829084,0.1133144476,0,0.0566572238,0.470718232,0.4055248619,0.3437101051,-7.609384908,2984320.557,
01432,新十津川町,Shintotsukawa-cho,basic_municipality,,True,True,True,,13.08656427,57.70736917,,29.45712523,5.243676743,5.089450956,1.233806292,1.542257866,3.084515731,1.6998932,0.3025987896,0.2936988252,0.0711997152,0.0088999644,0.0177999288,0.2347172279,0.5763321347,0.1089874261,-3.371327661,3146769.362,
01433,妹背牛町,Moseushi-cho,basic_municipality,,True,True,True,,55.36595395,55.40012343,,52.72929818,13.36799109,11.51132566,4.455997029,0,3.713330858,2.921209628,0.7405883563,0.6377288624,0.2468627854,0,0.02057189879,0.3468468468,0.4624624625,0.6990131579,-8.576998051,3272357.724,
01434,秩父別町,Chippubetsu-cho,basic_municipality,,True,True,True,,49.36413735,52.5971093,,52.81236582,12.02232718,9.87548304,4.723057106,0,8.587376556,2.777777778,0.6323396567,0.5194218609,0.2484191509,0,0.04516711834,0.3367609254,0.5364181662,0.6570580755,-7.791017415,3209876.543,
01436,雨竜町,Uryu-cho,basic_municipality,,True,True,True,,12.49803819,33.79066478,,46.04437003,8.790288824,7.95311846,2.09292591,0,4.185851821,1.555869873,0.297029703,0.2687411598,0.07072135785,0,0.01414427157,0.3890317052,0.5158526135,0.1831022757,-12.72015656,3237812.128,
01437,北竜町,Hokuryu-cho,basic_municipality,,True,True,True,,10.86326402,30.63255153,,51.04408353,8.700696056,9.280742459,4.64037123,0,11.60092807,1.563610519,0.2665245203,0.2842928216,0.1421464108,0,0.0355366027,0.4625698324,0.4469273743,0.2016383113,-1.255492781,3578947.368,
01438,沼田町,Numata-cho,basic_municipality,,True,True,True,,10.26645491,34.77585176,,53.28291509,12.03162599,11.00034376,6.187693365,0,10.31282228,1.852958757,0.4184100418,0.382546324,0.2151823072,0,0.03586371787,0.2952380952,0.5612698413,0.1446973707,1.429592566,3362802.335,
01452,鷹栖町,Takasu-cho,basic_municipality,,True,True,True,,47.10228088,85.61929596,,39.43962235,5.786508299,4.872849094,2.131871479,0,3.045530684,3.376792699,0.4954367666,0.4172099087,0.1825293351,0,0.0260756193,0.168407724,0.6843937955,0.3084205996,-5.570168652,3144854.369,
01453,東神楽町,Higashikagura-cho,basic_municipality,,True,True,True,,147.8394161,186.9830133,,31.10496692,5.628517824,5.72726375,2.468648168,0.9874592673,2.962377802,5.816100443,1.052437223,1.070901034,0.4615952733,0.01846381093,0.05539143279,0.1177442677,0.7058458996,0.4671532847,0.8184143223,3403194.103,
01454,当麻町,Tohma-cho,basic_municipality,,True,True,True,,30.83943387,89.11296009,,42.5700269,9.969931951,9.020414623,2.373793322,0,6.330115525,3.793541108,0.8884501481,0.8038358483,0.2115357495,0,0.05640953321,0.271902378,0.5666458073,0.214738897,-1.651800463,2971775.944,
01455,比布町,Pippu-cho,basic_municipality,,True,True,True,,40.50632911,82.45490747,,45.73863636,8.238636364,8.522727273,2.556818182,0,11.36363636,3.771375029,0.6793159991,0.7027406887,0.2108222066,0,0.09369875849,0.267032967,0.5928571429,0.2991944764,1.751824818,2950742.768,
01456,愛別町,Aibetsu-cho,basic_municipality,,True,True,True,,10.41458442,55.98538577,,56.04606526,8.061420345,7.677543186,3.454894434,0,7.677543186,3.137760585,0.4513217279,0.4298302171,0.1934235977,0,0.04298302171,0.2969363708,0.5459544383,0.07196257946,-31.01736973,2962616.822,
01457,上川町,Kamikawa-cho,basic_municipality,,True,True,True,,3.335016723,21.84359983,,60,12.57142857,12,6.285714286,0,8.571428571,1.31061599,0.2746052549,0.2621231979,0.1373026275,0,0.01872308556,0.1171171171,0.7640765766,0.02191582418,-10.37277147,2850863.422,
01458,東川町,Higashikawa-cho,basic_municipality,,True,True,True,,33.61908613,111.5823379,,35.48231898,7.096463796,6.615347606,2.2853019,0,3.608371422,3.959200107,0.7918400215,0.7381559522,0.2549993289,0,0.04026305194,0.1683931583,0.6591182848,0.1455721795,1.844805719,3282923.756,
01459,美瑛町,Biei-cho,basic_municipality,,True,True,True,,14.28529212,30.34811815,,46.13156806,9.412494828,9.929664874,4.757964419,1.034340091,3.103020273,1.400006278,0.2856515052,0.3013466428,0.1443952663,0.003139027529,0.009417082588,0.30014312,0.5702310366,0.1861757144,-0.2154475924,3129067.542,
01460,上富良野町,Kamifurano-cho,basic_municipality,,True,True,True,,43.64403205,86.20459847,0.5355624275,41.74719753,8.407421724,8.793969849,6.66795516,1.932740626,3.865481252,3.5988004,0.7247584139,0.7580806398,0.5748083972,0.01666111296,0.03332222592,0.1719779242,0.7096314759,0.2699283003,-22.87245003,3119752.237,
01461,中富良野町,Nakafurano-cho,basic_municipality,,True,True,True,,43.561896,73.31164808,,38.6646947,8.028734418,8.028734418,4.859497148,2.112824847,2.112824847,2.834572491,0.5885997522,0.5885997522,0.3562577447,0.01548946716,0.01548946716,0.3897621927,0.507859734,0.4417855499,-9.808292465,3613062.569,
01462,南富良野町,Minamifurano-cho,basic_municipality,,True,True,True,,3.570033356,23.80046078,,55.55555556,7.154882155,7.154882155,7.996632997,0,25.25252525,1.322247821,0.1702894921,0.1702894921,0.19032355,0,0.0601021737,0.2067345341,0.6202036022,0.04357363945,-17.88908766,3452307.692,
01463,占冠村,Shimukappu-mura,basic_municipality,,True,True,True,,2.285574281,24.77708215,,65.08422665,9.188361409,8.422664625,12.25114855,0,15.31393568,1.61259723,0.2276607854,0.2086890533,0.3035477139,0,0.03794346424,0.07885714286,0.8457142857,0.01225039814,-83.64779874,2882267.442,
01464,和寒町,Wassamu-cho,basic_municipality,,True,True,True,,14.17973435,38.93632593,,51.06516291,11.9047619,13.15789474,5.012531328,0,12.53132832,1.988289827,0.4635276897,0.5123200781,0.1951695535,0,0.04879238839,0.3315250151,0.5298372514,0.2043445427,-16.0313502,3422096.317,
01465,剣淵町,Kembuchi-cho,basic_municipality,,True,True,True,,22.33758302,31.47251802,,44.42925496,12.30348599,11.61995899,4.101161996,0,10.25290499,1.398300527,0.3872216844,0.3657093686,0.1290738948,0,0.0322684737,0.4077729796,0.4879703886,0.4962210856,-18.32844575,3307240.705,
01468,下川町,Shimokawa-cho,basic_municipality,,True,True,True,,4.85253027,33.78363774,,62.69993602,10.87651951,9.916826615,6.397952655,0,3.198976328,2.118231925,0.3674483951,0.3350264779,0.2161461148,0,0.01080730574,0.2592113769,0.5533290239,0.05588326607,-20.80394922,3351423.488,
01469,美深町,Bifuka-cho,basic_municipality,,True,True,True,,6.16732878,43.8021769,,58.86610374,13.99276236,13.02774427,4.82509047,2.412545235,4.82509047,2.578463489,0.6129134524,0.5706435591,0.2113494663,0.01056747332,0.02113494663,0.2338902148,0.6434367542,0.07439479832,-11.95327357,3112271.54,
01470,音威子府村,Otoineppu-mura,basic_municipality,,True,True,True,,2.561404782,18.14443588,,63.73937677,12.74787535,14.16430595,5.66572238,0,14.16430595,1.156515035,0.2313030069,0.257003341,0.1028013364,0,0.0257003341,0.1436781609,0.7298850575,0.06167688568,-56.57237937,3465034.965,
01471,中川町,Nakagawa-cho,basic_municipality,,True,True,True,,2.569189898,18.55269548,,73.29842932,15.05235602,15.05235602,5.890052356,0,13.08900524,1.359883439,0.2792617776,0.2792617776,0.1092763477,0,0.02428363283,0.1709601874,0.5503512881,0.06053065205,-10.24428684,3294736.842,
01472,幌加内町,Horokanai-cho,basic_municipality,,True,True,True,,1.786086775,9.354728576,,62.77372263,10.2189781,9.489051095,4.379562044,0,36.49635036,0.5872311369,0.09559576647,0.08876749744,0.0409696142,0,0.03414134517,0.3105335157,0.5731874145,0.05997079683,-13.09328969,3458407.08,
01481,増毛町,Mashike-cho,basic_municipality,,True,True,True,,10.5701612,81.75732218,,55.01535312,11.77072671,11.25895599,5.629477994,0,12.79426817,4.49790795,0.9623430962,0.9205020921,0.460251046,0,0.1046025105,0.209373408,0.5410086602,0.02163799632,-11.60220994,3128327.645,
01482,小平町,Obira-cho,basic_municipality,,True,True,True,,4.773444724,39.01994005,,48.09619238,7.682030728,8.684034736,3.34001336,0,10.02004008,1.876710543,0.2997523785,0.3388505148,0.1303271211,0,0.03909813632,0.3299874529,0.5282308657,0.03507541214,-18.39339339,3254674.978,
01483,苫前町,Tomamae-cho,basic_municipality,,True,True,True,,6.458424989,32.18592414,,61.30790191,10.21798365,8.174386921,5.790190736,0,10.21798365,1.97325148,0.3288752467,0.2631001973,0.1863626398,0,0.03288752467,0.3698186528,0.4708549223,0.07039155301,-5.626406602,3507582.516,
01484,羽幌町,Haboro-cho,basic_municipality,,True,True,True,,13.85380303,72.64255602,,69.63958461,15.88271228,14.66096518,8.704948076,0,6.108735492,5.058797426,1.153760817,1.065009984,0.6323496783,0,0.04437541602,0.2071964018,0.6653673163,0.05924045277,-15.81160639,3316733.068,
01485,初山別村,Shosambetsu-mura,basic_municipality,,True,True,True,,3.863766457,21.05263158,,61.11111111,6.481481481,6.481481481,4.62962963,0,37.03703704,1.286549708,0.1364522417,0.1364522417,0.09746588694,0,0.07797270955,0.3271500843,0.5548060708,0.06439610761,-29.85074627,3710588.235,
01486,遠別町,Embetsu-cho,basic_municipality,,True,True,True,,4.265402844,25.78005115,,65.87301587,13.88888889,13.0952381,5.158730159,0,3.968253968,1.698209719,0.358056266,0.3375959079,0.1329923274,0,0.01023017903,0.311416185,0.5238439306,0.06601218687,-19.48627104,3516616.314,
01487,天塩町,Teshio-cho,basic_municipality,,True,True,True,,8.343704039,18.15943367,,60.33898305,13.22033898,14.91525424,6.440677966,0,3.389830508,1.095721761,0.2400738689,0.27085257,0.1169590643,0,0.006155740228,0.2331730769,0.6003605769,0.2856657993,-26.49507949,3533082.707,
01511,猿払村,Sarufutsu-mura,basic_municipality,,True,True,True,,4.425498737,21.52514427,,38.68249713,6.510915358,7.2769054,1.914975105,0,11.48985063,0.8326463314,0.1401483924,0.1566364386,0.04122011542,0,0.02473206925,0.3244444444,0.4203174603,0.094916863,-13.13248358,5999284.18,
01512,浜頓別町,Hamatombetsu-cho,basic_municipality,,True,True,True,,8.585871162,41.32805945,,54.81438515,12.18097448,11.31090487,3.480278422,0,8.700696056,2.265372168,0.5034160374,0.467457749,0.1438331535,0,0.03595828839,0.1912393162,0.577991453,0.1469160089,-8.692952499,4126165.32,
01513,中頓別町,Nakatombetsu-cho,basic_municipality,,True,True,True,,4.107801561,24.99236641,,62.91997557,13.43921808,14.05009163,6.719609041,0,12.21747098,1.572519084,0.3358778626,0.3511450382,0.1679389313,0,0.03053435115,0.1541950113,0.7154195011,0.09284585079,-12.22826087,3386895.476,
01514,枝幸町,Esashi-cho,basic_municipality,,True,True,True,,6.78080043,38.33291107,,53.80039656,9.914077991,8.592200925,5.419695968,1.321877065,5.287508262,2.062325817,0.38003547,0.329364074,0.2077527236,0.0050671396,0.0202685584,0.2652526215,0.5142993327,0.09770089186,-9.306848173,4237258.348,
01516,豊富町,Toyotomi-cho,basic_municipality,,True,True,True,,7.632180376,16.50469308,,59.88928032,12.58178158,10.56869653,4.277805737,0,7.549068948,0.9884541905,0.2076584434,0.1744330924,0.07060387075,0,0.0124595066,0.2267904509,0.559239611,0.2554302944,-7.396870555,3253226.798,
01517,礼文町,Rebun-cho,basic_municipality,,True,True,True,,30.73248408,72.87249492,,60.98047031,13.94978079,13.55121562,7.971303308,3.985651654,11.95695496,4.443799012,1.01655533,0.9875108917,0.5808887598,0.02904443799,0.08713331397,0.3667883212,0.5042579075,0,-20.61383417,3903880.071,
01518,利尻町,Rishiri-cho,basic_municipality,,True,True,True,,26.19607843,74.7761194,,69.86027944,22.45508982,19.96007984,10.47904192,0,4.99001996,5.223880597,1.679104478,1.492537313,0.7835820896,0,0.03731343284,0.3042763158,0.5814144737,0,-9.836065574,3854651.163,
01519,利尻富士町,Rishirifuji-cho,basic_municipality,,True,True,True,,23.27210756,63.82757725,,67.53458096,17.08706265,16.273393,9.357200976,0,12.20504475,4.310568683,1.090625811,1.038691249,0.5972474682,0,0.07790184368,0.2677442024,0.5600843289,0,-10.69270107,3396247.241,
01520,幌延町,Horonobe-cho,basic_municipality,,True,True,True,,4.129942519,18.63407733,,59.46857866,10.54407423,8.857022353,5.904681569,0,16.87051877,1.108142094,0.1964790946,0.1650424395,0.110028293,0,0.03143665514,0.1984679666,0.5675487465,0.1428322592,-24.48579824,3600201.41,
01543,美幌町,Bihoro-cho,basic_municipality,,True,True,True,,42.64729363,108.3193326,0.6681820613,41.12959298,10.10857357,9.841150987,4.867090977,1.604535487,4.813606461,4.455130062,1.094953942,1.065986907,0.5272000463,0.01738022131,0.05214066392,0.1573408357,0.6472856101,0.241782806,-16.4464193,3304981.142,106.11
01544,津別町,Tsubetsu-cho,basic_municipality,,True,True,True,,6.100725446,42.97788698,,52.36679625,8.689686714,8.232334782,2.515435628,0,2.286759662,2.250614251,0.3734643735,0.3538083538,0.1081081081,0,0.009828009828,0.2432038835,0.5233009709,0.07952008929,-11.33501259,3214637.146,
01545,斜里町,Shari-cho,basic_municipality,,True,True,True,,15.49001519,36.8774627,,58.24137327,11.47311263,9.809073393,6.305832895,0.8758101244,2.627430373,2.14779407,0.423099283,0.3617337381,0.2325431174,0.003229765519,0.009689296557,0.2255289868,0.5984861517,0.1438029086,-15.78997432,4241656.614,
01546,清里町,Kiyosato-cho,basic_municipality,,True,True,True,,9.640977257,29.35439976,,36.82719547,8.241050734,7.983517899,2.060262683,0,5.150656709,1.081040218,0.2419110977,0.2343513759,0.06047777442,0,0.0151194436,0.3800952885,0.5034409741,0.2234581388,-6.350082827,3499393.939,
01547,小清水町,Koshimizu-cho,basic_municipality,,True,True,True,,16.11419011,31.83665037,,63.16244863,12.11334631,11.89703656,4.542504867,0,2.163097556,2.010880793,0.3856483713,0.3787617933,0.1446181392,0,0.006886578059,0.4156988386,0.4769723668,0.3625082784,-5.527406725,3391727.494,
01549,訓子府町,Kunneppu-cho,basic_municipality,,True,True,True,,24.49332286,55.73829103,,36.77571093,7.055805003,6.84199273,2.565747274,0,4.276245456,2.049815278,0.3932785127,0.381360982,0.1430103683,0,0.02383506138,0.3930544594,0.4755327545,0.3718250851,-8.543165468,3697172.237,
01550,置戸町,Oketo-cho,basic_municipality,,True,True,True,,5.262958257,33.55907607,,58.01801802,12.25225225,10.09009009,1.801801802,0,3.603603604,1.94703108,0.4111742653,0.3386141009,0.06046680372,0,0.01209336074,0.3014318011,0.5968349661,0.09103495363,-3.14589068,3412745.098,
01552,佐呂間町,Saroma-cho,basic_municipality,,True,True,True,,12.03882057,39.72781354,,49.84615385,12.51282051,11.28205128,2.871794872,0,4.102564103,1.980278706,0.4971070002,0.4482112297,0.1140901312,0,0.01629859017,0.312788906,0.4445300462,0.1852126241,-4.95049505,4464894.684,
01555,遠軽町,Engaru-cho,basic_municipality,,True,True,True,,14.44031671,93.73508063,0.4095421236,41.83774232,8.523465516,8.211631412,4.053843355,1.559170521,7.276129099,3.92166415,0.7989477274,0.7697179325,0.3799873338,0.01461489745,0.06820285478,0.07395426659,0.7503625209,0.05778828474,-11.44735351,3253733.281,103.74
01559,湧別町,Yubetsu-cho,basic_municipality,,True,True,True,,16.35065936,44.40030065,,53.808948,11.00362757,10.64087062,2.902055623,0,3.627569528,2.389133469,0.4885643724,0.4724578546,0.1288521422,0,0.01610651777,0.3369713506,0.4681673488,0.2115502481,-2.784457664,4355325.692,
01560,滝上町,Takinoue-cho,basic_municipality,,True,True,True,,3.156906466,24.4200121,,53.28376704,12.39157373,11.97852127,2.891367204,0,12.39157373,1.301190236,0.3026023805,0.2925156345,0.07060722211,0,0.03026023805,0.2247097844,0.6152570481,0.04824681506,-18.56884058,3341278.44,
01561,興部町,Okoppe-cho,basic_municipality,,True,True,True,,10.0068956,43.52729454,,52.09481808,10.74972437,10.74972437,3.858875413,0,0,2.267546491,0.4679064187,0.4679064187,0.1679664067,0,0,0.2727272727,0.479338843,0.1737691353,-20.31473534,4581710.914,
01562,西興部村,Nishiokoppe-mura,basic_municipality,,True,True,True,,3.417943391,31.640625,,53.18138651,9.496676163,10.44634378,2.849002849,0,18.99335233,1.682692308,0.3004807692,0.3305288462,0.09014423077,0,0.06009615385,0.2010771993,0.6409335727,0.05193456245,-26.15062762,3400000,
01563,雄武町,Omu-cho,basic_municipality,,True,True,True,,6.593078759,26.73670805,,49.53560372,8.811621815,8.573469874,5.953798523,0,4.763038819,1.324418975,0.2355937599,0.229226361,0.1591849729,0,0.01273479784,0.2569444444,0.4330065359,0.1570154503,-15.12521696,4492172.211,
01564,大空町,Ozora-cho,basic_municipality,,True,True,True,,19.71425246,34.8114274,,52.54612546,9.446494465,8.560885609,4.280442804,1.47601476,5.904059041,1.829205631,0.3288459562,0.2980166478,0.1490083239,0.005138218066,0.02055287226,0.3833802817,0.4921126761,0.3957399756,-12.42043161,3466843.501,
01571,豊浦町,Toyoura-cho,basic_municipality,,True,True,True,,16.35912146,70.56325023,,56.79141586,10.73017535,10.99188694,3.663962314,0,10.46846375,4.007386888,0.757156048,0.7756232687,0.2585410896,0,0.07386888273,0.2644628099,0.6220385675,0.08134606328,-7.161271842,3145384.615,
01575,壮瞥町,Sobetsu-cho,basic_municipality,,True,True,True,,13.37983513,62.28428701,,52.49726577,11.66605906,12.03062341,4.010207802,0,3.645643456,3.269754768,0.7266121708,0.7493188011,0.2497729337,0,0.02270663034,0.2549467275,0.6544901065,0.07316716258,-14.26718547,2972943.723,
01578,白老町,Shiraoi-cho,basic_municipality,,True,True,True,,38.08852551,212.8117616,,43.97976807,8.018751542,6.785097459,4.564520109,1.233654083,3.70096225,9.359411919,1.706484642,1.443948543,0.9713835652,0.02625360987,0.07876082961,0.09621835926,0.6273254041,0.02819283902,-7.154686982,2854497.817,117.51
01581,厚真町,Atsuma-cho,basic_municipality,,True,True,True,,10.95375794,41.79949071,,50.76714801,8.799638989,7.897111913,4.061371841,0,4.512635379,2.122040932,0.3678204282,0.3300952561,0.1697632745,0,0.01886258606,0.3313929314,0.5230769231,0.1384048837,-8.516678495,3429210.968,
01584,洞爺湖町,Toyako-cho,basic_municipality,,True,True,True,,46.67440703,149.946714,,54.72636816,11.01634684,11.25325752,7.818052594,0,9.476427387,8.206039076,1.651865009,1.687388988,1.172291297,0,0.1420959147,0.136958711,0.694612286,0.1437496544,-5.691879585,3035828.535,
01585,安平町,Abira-cho,basic_municipality,,True,True,True,,30.94956991,55.59763672,,46.73024523,8.583106267,8.038147139,3.814713896,0,5.449591281,2.598091198,0.4772004242,0.4469019845,0.2120890774,0,0.03029843963,0.2514527205,0.5689381933,0.3120256367,-9.287496535,6166611.896,
01586,むかわ町,Mukawa-cho,basic_municipality,,True,True,True,,10.75545434,52.1362862,,50.45092145,8.495621487,8.626323356,5.881584107,0,3.921056071,2.63032368,0.4429301533,0.4497444634,0.3066439523,0,0.02044293015,0.3188615533,0.5026531597,0.09278002699,-17.17213682,3152910.227,
01601,日高町,Hidaka-cho,basic_municipality,,True,True,True,,11.36915742,48.49931201,,53.01888465,9.752637645,10.01861867,4.876318823,0.8866034223,6.206223956,2.571379429,0.472996216,0.4858961128,0.236498108,0.0042999656,0.0300997592,0.3309585492,0.5498704663,0.09475137843,-15.22377109,3559968.07,
01602,平取町,Biratori-cho,basic_municipality,,True,True,True,,6.427216084,37.03186788,,50.25125628,10.05025126,9.631490787,4.18760469,0,4.18760469,1.860897883,0.3721795766,0.3566720943,0.1550748236,0,0.01550748236,0.3350272232,0.5070780399,0.06324940451,-16.6854566,3598116.947,
01604,新冠町,Niikappu-cho,basic_municipality,,True,True,True,,9.064212665,33.73149501,,58.5797702,8.476172537,6.59257864,3.202109625,0,7.534375589,1.975983226,0.2859139717,0.2223775335,0.1080119449,0,0.02541457526,0.3585926928,0.4844384303,0.1229277287,-22.94951108,3565943.993,
01607,浦河町,Urakawa-cho,basic_municipality,,True,True,True,,17.39017716,93.19234332,,64.68444592,12.09209872,11.67798575,5.714758986,0.82822594,6.62580752,6.028095091,1.126891016,1.088298858,0.5325717814,0.007718431615,0.06174745292,0.2554220627,0.6311437042,0.07921647703,-15.49283234,3459443.574,
01608,様似町,Samani-cho,basic_municipality,,True,True,True,,11.09799616,132.2971204,,54.66237942,12.61439525,11.13034875,4.204798417,0,7.420232501,7.231675393,1.668848168,1.472513089,0.5562827225,0,0.09816753927,0.2876456876,0.5184149184,0.02744990393,-14.03230077,3123809.524,
01609,えりも町,Erimo-cho,basic_municipality,,True,True,True,,15.40140845,97.78672032,,54.41243713,12.34567901,9.144947417,5.258344765,0,11.43118427,5.320813772,1.207243461,0.8942544154,0.5141962888,0,0.1117818019,0.4722650231,0.4241140216,0.06338028169,-21.18226601,3220606.061,
01610,新ひだか町,Shinhidaka-cho,basic_municipality,,True,True,True,,18.75038125,92.57012562,0.5131756286,56.32755496,11.5722452,10.82864712,6.088209323,0.4647488033,6.041734443,5.214248838,1.071244192,1.002409224,0.5635863018,0.00430218551,0.05592841163,0.2167865254,0.6426003028,0.08017079866,-7.069059271,3416250.145,93.62
01631,音更町,Otofuke-cho,basic_municipality,,True,True,True,,93.50671645,129.4208494,0.8038369745,30.13126492,5.622360933,5.002753809,1.904718194,2.524325317,4.130714155,3.8996139,0.7276507277,0.6474606475,0.2465102465,0.03267003267,0.05346005346,0.1226202465,0.6829233204,0.5214368482,-5.201133941,3362840.968,110.72
01632,士幌町,Shihoro-cho,basic_municipality,,True,True,True,,22.56259887,29.42537989,,43.2626539,7.010943912,7.181942544,3.077975376,0,3.41997264,1.273020026,0.206299688,0.2113313877,0.09057059475,0,0.01006339942,0.4260519802,0.4455445545,0.613449593,-13.00527241,4453420.67,
01633,上士幌町,Kamishihoro-cho,basic_municipality,,True,True,True,,6.882445299,25.06031679,,58.18334031,10.25533696,8.999581415,5.023022185,0,6.278777731,1.45809294,0.2570019931,0.2255323613,0.1258785272,0,0.0157348159,0.3377952756,0.5224409449,0.1613298186,4.203446826,3744310.576,
01634,鹿追町,Shikaoi-cho,basic_municipality,,True,True,True,,13.07088959,31.85144862,,42.34713255,6.836308393,6.836308393,4.367641474,0,5.696923661,1.348817516,0.2177463255,0.2177463255,0.139115708,0,0.01814552713,0.3428270042,0.5583684951,0.3028196982,-19.07467532,3724686.192,
01635,新得町,Shintoku-cho,basic_municipality,,True,True,True,,5.467978906,26.06066036,,57.58982293,8.423586041,8.251676122,6.016847172,0,12.03369434,1.500828816,0.2195242149,0.2150441288,0.1568030106,0,0.03136060212,0.2047681254,0.644023514,0.06109998778,-0.7268762493,3314187.741,
01636,清水町,Shimizu-cho,basic_municipality,,True,True,True,,22.60783095,40.63812673,,52.01231581,9.236859468,9.236859468,4.948317572,0,4.398504508,2.113683082,0.3753686657,0.3753686657,0.2010903566,0,0.01787469836,0.285498163,0.5228009509,0.3704164077,-5.711022273,3350012.509,
01637,芽室町,Memuro-cho,basic_municipality,,True,True,True,,35.12924323,59.04793064,0.6604055851,41.33421986,8.920656028,6.039450355,2.493351064,1.662234043,2.216312057,2.440700147,0.5267462784,0.3566170456,0.1472272207,0.009815148045,0.01308686406,0.2228088701,0.5628299894,0.4165369044,-1.856749001,3526245.927,117.01
01638,中札内村,Nakasatsunai-mura,basic_municipality,,True,True,True,,13.27500171,30.47230504,,60.76210093,10.04119464,8.238928939,3.604531411,0,7.723995881,1.851561274,0.3059783461,0.2510591558,0.1098383807,0,0.02353679586,0.282424812,0.5333646617,0.2426686718,-7.062516348,3602941.176,
01639,更別村,Sarabetsu-mura,basic_municipality,,True,True,True,,17.41096665,20.55800294,,44.80519481,9.415584416,8.766233766,3.571428571,0,6.493506494,0.9211053264,0.1935656121,0.1802162595,0.07342143906,0,0.01334935256,0.4423286181,0.4548422198,0.6500847937,-8.430609598,4096370.463,
01641,大樹町,Taiki-cho,basic_municipality,,True,True,True,,6.644844116,22.12696469,,60.70110701,12.91512915,12.17712177,5.535055351,1.84501845,5.535055351,1.343131251,0.2857726067,0.2694427434,0.1224739743,0.004082465809,0.01224739743,0.3107843137,0.4973856209,0.1740900119,-9.115077858,3409108.911,
01642,広尾町,Hiroo-cho,basic_municipality,,True,True,True,,10.70907597,49.78564191,,64.19289181,12.99514639,13.15171442,5.323312979,0,6.262721152,3.195884325,0.6469717047,0.6547665445,0.2650245537,0,0.03117935926,0.2149700599,0.548502994,0.1039553327,-6.632653061,3387913.434,
01643,幕別町,Makubetsu-cho,basic_municipality,,True,True,True,,53.94439327,81.22438686,0.6174415897,37.06434837,7.568113017,6.753085461,2.755569355,1.552433439,5.045408678,3.01052897,0.6147153395,0.548515226,0.2238194313,0.01260954543,0.04098102263,0.1489539749,0.6426017497,0.4710660749,-3.996992362,3331614.509,111.99
01644,池田町,Ikeda-cho,basic_municipality,,True,True,True,,16.92891148,47.06850135,,53.70193835,10.64505879,10.64505879,3.972036861,0,9.532888465,2.527669758,0.5010469638,0.5010469638,0.1869578223,0,0.04486987736,0.2442233633,0.5879332478,0.2555205896,-1.523874026,3184830.339,
01645,豊頃町,Toyokoro-cho,basic_municipality,,True,True,True,,5.630601256,15.94722955,,50.95962938,8.934480477,8.603573792,2.978160159,0,13.23626737,0.8126649077,0.1424802111,0.1372031662,0.04749340369,0,0.02110817942,0.4536019536,0.4487179487,0.2142684131,-13.55107714,3679937.549,
01646,本別町,Hombetsu-cho,basic_municipality,,True,True,True,,16.88653007,36.80142357,,56.3614385,13.44817165,12.08824418,4.079782412,0,4.533091568,2.074181171,0.4949118612,0.4448645943,0.1501418006,0,0.01668242229,0.2462384259,0.5555555556,0.3061927483,-8.766126365,3441747.573,
01647,足寄町,Ashoro-cho,basic_municipality,,True,True,True,,4.661089174,25.35935085,,51.34846869,12.18954746,11.88480878,5.637665702,0,4.571080299,1.302163833,0.3091190108,0.3013910355,0.1429675425,0,0.01159196291,0.2541666667,0.5886904762,0.09516775092,-17.97715054,3313740.755,
01648,陸別町,Rikubetsu-cho,basic_municipality,,True,True,True,,3.718180325,22.81568074,,58.74558304,8.833922261,9.717314488,3.975265018,0,17.66784452,1.340320468,0.20155195,0.221707145,0.09069837751,0,0.04031039,0.3083264633,0.5803792251,0.1001806536,3.301886792,3393282.774,
01649,浦幌町,Urahoro-cho,basic_municipality,,True,True,True,,6.010824142,24.7909132,,55.16298154,10.71347162,11.16936403,4.786870299,0,9.117848188,1.367540687,0.265596745,0.2768987342,0.1186708861,0,0.0226039783,0.3650526316,0.4854736842,0.1548263342,-11.44109056,3303030.303,
01661,釧路町,Kushiro-cho,basic_municipality,,True,True,True,,75.6154516,409.0130593,0.5334205705,50.87673384,12.24810259,11.46296781,4.135043182,3.663962314,5.234231876,20.80924855,5.009633911,4.688503532,1.691286662,0.1498608435,0.2140869193,0.07070707071,0.7280412824,0.03562099264,-4.733405876,3027644.082,94.94
01662,厚岸町,Akkeshi-cho,basic_municipality,,True,True,True,,12.02808176,45.67730005,,53.6437247,13.27035538,11.35852452,4.61088619,1.124606388,2.249212776,2.450300509,0.6061540042,0.5188267324,0.210612832,0.005136898341,0.01027379668,0.3033533631,0.4898236092,0.1217417182,-8.297742526,3423686.405,
01663,浜中町,Hamanaka-cho,basic_municipality,,True,True,True,,12.9995515,28.30780302,,47.5758126,10.53205012,9.07935355,3.63174142,0,3.63174142,1.346766732,0.2981392002,0.2570165519,0.1028066207,0,0.01028066207,0.4995855209,0.3357281017,0.3470009206,-15.05909264,3485950.413,
01664,標茶町,Shibecha-cho,basic_municipality,,True,True,True,,6.57649381,19.72607225,,53.1120332,10.92669433,10.65006916,5.670816044,1.383125864,1.383125864,1.047691804,0.2155407618,0.2100840336,0.111862927,0.002728364073,0.002728364073,0.3214756258,0.5277997365,0.26287783,-10.97132826,3388888.889,
01665,弟子屈町,Teshikaga-cho,basic_municipality,,True,True,True,,8.981958596,43.71464488,,61.39468009,13.94680086,13.37167505,8.626887132,0,7.18907261,2.683846637,0.6096794469,0.5845380264,0.3771213074,0,0.03142677561,0.1438974658,0.692979901,0.1317267832,-16.16915423,3409647.228,
01667,鶴居村,Tsurui-mura,basic_municipality,,True,True,True,,4.473592165,21.14049587,,47.69351056,5.473025801,5.473025801,5.082095387,3.909304144,3.909304144,1.008264463,0.1157024793,0.1157024793,0.1074380165,0.00826446281,0.00826446281,0.344964314,0.5638382236,0.1661420077,1.233552632,3473484.848,
01668,白糠町,Shiranuka-cho,basic_municipality,,True,True,True,,9.427909925,70.26219395,,51.17300041,10.56386336,9.19193305,4.66456304,0,6.85965153,3.59552728,0.7422402159,0.6458453827,0.327742433,0,0.04819741662,0.1323366556,0.573089701,0.06208528967,-3.569898615,2767133.382,
01691,別海町,Betsukai-cho,basic_municipality,,True,True,True,,10.89699385,17.85293059,,47.63560501,8.136300417,7.8581363,3.685674548,0,4.172461752,0.8504351497,0.1452568066,0.1402907619,0.06580009187,0,0.007449067004,0.3973379344,0.4631501109,0.4796799103,-8.665138929,3749682.875,
01692,中標津町,Nakashibetsu-cho,basic_municipality,,True,True,True,,33.59761707,64.21275883,0.4039548023,63.23337679,14.51542807,12.4728379,7.04041721,1.73837462,2.60756193,4.060389574,0.9320756823,0.8009153318,0.4520846124,0.01116258302,0.01674387453,0.1334132694,0.6791366906,0.3577321243,-4.89733567,3448437.5,95.87
01693,標津町,Shibetsu-cho,basic_municipality,,True,True,True,,8.040788231,23.64098461,,53.75273741,8.759705355,8.162452717,4.57893689,0,1.990842126,1.270767638,0.2070880595,0.1929684191,0.1082505766,0,0.004706546807,0.3160310734,0.520480226,0.1920952793,-4.376823677,3566254.012,
01694,羅臼町,Rausu-cho,basic_municipality,,True,True,True,,11.87267424,40,,69.03854299,11.85938162,9.953409572,5.717916137,0,4.235493435,2.76154172,0.4743752647,0.3981363829,0.2287166455,0,0.01694197374,0.3891834571,0.4287734182,0.01760032183,-15.93625498,3589416.952,
02201,青森市,Aomori-shi,basic_municipality,,True,True,True,,333.723821,1060.061633,0.79680732,45.1684642,10.17471438,7.925375738,4.476874328,1.707898485,7.522020989,47.88135593,10.78582435,8.401386749,4.745762712,0.1810477658,0.7973805855,0.02694004427,0.8047239273,0.1018663368,-4.405871459,3120783.336,113.04
02202,弘前市,Hirosaki-shi,basic_municipality,,True,True,True,,321.3773369,572.0213236,0.6845654316,45.16044781,10.53031472,9.076015338,5.098951717,1.899493073,9.497465364,25.83273913,6.023564565,5.191674306,2.91670911,0.1086550542,0.5432752708,0.1318064376,0.6631492527,0.2651659672,-4.031651284,3165325.394,111.86
02203,八戸市,Hachinohe-shi,basic_municipality,,True,True,True,,731.1657285,1092.761066,0.7038694806,46.91717208,10.53644563,8.2671262,4.865385046,1.387552313,7.430118837,51.26925899,11.51381756,9.033993641,5.31670335,0.1516263145,0.8119344583,0.02996289949,0.7318781898,0.1570886242,-4.105449135,3171178.495,106.34
02204,黒石市,Kuroishi-shi,basic_municipality,,True,True,True,,147.1826768,434.2849375,0.4707005572,41.97708633,9.109121643,8.076128467,5.102360233,1.565141176,4.695423527,18.23001631,3.955954323,3.507340946,2.215878195,0.06797172376,0.2039151713,0.14759217,0.601417077,0.1520387008,-5.849875115,2618512.53,135.86
02205,五所川原市,Goshogawara-shi,basic_municipality,,True,True,True,,127.2018803,300.5319149,0.2830302441,54.03092483,12.48662842,11.41690168,6.573957016,1.555966158,8.168822328,16.2380173,3.752630348,3.431143325,1.975683891,0.04676174889,0.2454991817,0.1314929762,0.6562806272,0.2300841168,-2.027664572,2863316.53,133.01
02206,十和田市,Towada-shi,basic_municipality,,True,True,True,,83.20540205,292.8412067,0.4444996522,48.54417172,10.98082083,9.241776806,5.01838418,1.656232403,6.79055285,14.21573382,3.215636822,2.706373072,1.469589679,0.04850130954,0.1988553691,0.1162324649,0.6345232839,0.169503204,-4.672164014,3015909.091,122.26
02207,三沢市,Misawa-shi,basic_municipality,,True,True,True,,326.6205055,389.5721393,0.5614272579,46.2811606,8.326522272,7.585819371,7.739068247,0.7662443809,4.852881079,18.02985075,3.243781095,2.955223881,3.014925373,0.02985074627,0.1890547264,0.06754925466,0.6803398311,0.3170100943,-7.062600321,3339837.767,114.11
02208,むつ市,Mutsu-shi,basic_municipality,,True,True,True,,62.60472113,389.4263298,0.3097610114,44.98826313,10.83119236,9.463430863,5.193797017,0.5544979021,8.317468532,17.51961419,4.217951486,3.685309148,2.02260131,0.02159360829,0.3239041244,0.05034215055,0.7430469407,0.03587132608,-8.254854087,3145678.673,117.12
02209,つがる市,Tsugaru-shi,basic_municipality,,True,True,True,,122.0035496,144.8424404,,38.11340273,9.924355079,9.14850973,2.424516713,1.29307558,3.555957846,5.520438264,1.437467809,1.325092476,0.3511729175,0.01872922227,0.05150536124,0.293977302,0.5180551973,0.5639913232,-6.769423037,2679875.913,145.11
02210,平川市,Hirakawa-shi,basic_municipality,,True,True,True,,88.34137742,322.4707248,,32.02800406,7.262734321,6.543003893,2.944351752,0.981450584,5.888703504,10.32809368,2.3420192,2.109927208,0.9494672434,0.03164890811,0.1898934487,0.2325727972,0.5441195008,0.147394584,-1.737471468,2703757.753,140.49
02301,平内町,Hiranai-machi,basic_municipality,,True,True,True,,46.64424893,215.2636054,,35.25577721,9.085522418,8.492988347,3.16018171,0.9875567845,5.925340707,7.589285714,1.955782313,1.828231293,0.6802721088,0.0212585034,0.1275510204,0.2690522244,0.5214700193,0.06909576673,-6.372045221,3224332.649,
02303,今別町,Imabetsu-machi,basic_municipality,,True,True,True,,18.63175541,119.938335,,54.41302485,11.56812339,12.85347044,4.71293916,0,12.85347044,6.526207605,1.387461459,1.541623844,0.5652620761,0,0.1541623844,0.1461619348,0.5856992639,0.04789654347,-12.40458015,2651491.366,
02304,蓬田村,Yomogita-mura,basic_municipality,,True,True,True,,31.42008906,127.702363,,30.31496063,5.905511811,4.724409449,1.968503937,0,7.874015748,3.871292107,0.754147813,0.6033182504,0.2513826043,0,0.1005530417,0.2962066182,0.4987893462,0.1484413657,-8.627773213,2736654.804,
02307,外ヶ浜町,Sotogahama-machi,basic_municipality,,True,True,True,,23.45201911,173.9452496,,53.13830772,15.36752453,14.62692094,2.036659878,0,12.96056286,9.2431562,2.67310789,2.544283414,0.3542673108,0,0.2254428341,0.2302434857,0.5604442546,0.03473729917,-6.805444355,2957036.115,
02321,鰺ヶ沢町,Ajigasawa-machi,basic_municipality,,True,True,True,,26.36119855,112.0693928,,48.31932773,13.04732419,12.71561256,3.206545776,0,5.5285272,5.41511772,1.4622057,1.425030979,0.3593556382,0,0.06195786865,0.2137240886,0.6125804146,0.09618747814,-7.172251617,2754152.824,
02323,深浦町,Fukaura-machi,basic_municipality,,True,True,True,,15.02526027,111.6074142,,51.184318,11.84317996,10.48189491,3.539341138,0,6.806425265,5.712549377,1.321786691,1.169857186,0.3950167122,0,0.07596475235,0.2310794045,0.5806451613,0.03068049334,-9.995590181,2639165.01,
02343,西目屋村,Nishimeya-mura,basic_municipality,,True,True,True,,5.141858385,57.94777829,,53.75494071,6.324110672,5.533596838,2.371541502,0,7.90513834,3.114979386,0.3664681631,0.3206596427,0.1374255612,0,0.04580852038,0.2441520468,0.5058479532,0.01625884074,0.826446281,2448019.802,
02361,藤崎町,Fujisaki-machi,basic_municipality,,True,True,True,,390.8018235,390.8018235,,34.17278529,9.195086804,8.165786043,2.538941879,0.6862005078,4.803403555,13.35478681,3.593456691,3.191204076,0.9922231161,0.02681684098,0.1877178868,0.2207126378,0.5720328121,0.6704210244,1.398601399,2748816.891,
02362,大鰐町,Owani-machi,basic_municipality,,True,True,True,,53.01964144,230.0849708,,36.46855164,9.809578765,9.117137911,3.231390652,1.15406809,5.77034045,8.39086564,2.257036644,2.09771641,0.7434944238,0.02655337228,0.1327668614,0.2121911799,0.5712306627,0.09790124212,-6.803547564,2470629.371,
02367,田舎館村,Inakadate-mura,basic_municipality,,True,True,True,,327.7852349,327.7852349,,30.57603058,4.777504778,4.095004095,2.320502321,0,2.73000273,10.02237136,1.565995526,1.342281879,0.7606263982,0,0.08948545861,0.2102109924,0.5558739255,0.6263982103,1.657687526,2587003.61,
02381,板柳町,Itayanagi-machi,basic_municipality,,True,True,True,,303.2473734,303.2473734,,39.52755906,10.62992126,9.527559055,3.779527559,1.57480315,3.937007874,11.98662846,3.223495702,2.889207259,1.146131805,0.04775549188,0.1193887297,0.3701788709,0.4679988821,0.7163323782,-1.967535662,2633318.14,
02384,鶴田町,Tsuruta-machi,basic_municipality,,True,True,True,,260.0473832,266.9467168,,33.29468279,6.874275302,6.708630114,2.733145602,1.65645188,4.96935564,8.887906257,1.835065222,1.790846783,0.729604245,0.04421843909,0.1326553173,0.324742268,0.4888853093,0.6245961663,-5.199306759,2711348.058,
02387,中泊町,Nakadomari-machi,basic_municipality,,True,True,True,,44.63806971,144.3929426,,46.18411515,9.733871803,8.698353526,3.003003003,1.035518277,8.284146215,6.668660287,1.405502392,1.255980861,0.4336124402,0.01495215311,0.1196172249,0.2087213264,0.5176016352,0.171027087,-3.610491664,2778905.994,
02401,野辺地町,Noheji-machi,basic_municipality,,True,True,True,,151.4936337,454.9264706,,52.36786811,12.36463553,11.15241636,6.141910457,0.8081461128,4.040730564,23.82352941,5.625,5.073529412,2.794117647,0.03676470588,0.1838235294,0.07460930936,0.6558561586,0.08570029383,-0.7591733446,2943932.883,
02402,七戸町,Shichinohe-machi,basic_municipality,,True,True,True,,43.16341962,126.2774356,,43.28112119,10.57982962,9.343226161,3.50370981,1.374003847,4.122011542,5.465428993,1.335993754,1.17983864,0.4424394899,0.01735056823,0.05205170469,0.2038165916,0.5720911741,0.2046081309,-3.781932353,2878765.34,
02405,六戸町,Rokunohe-machi,basic_municipality,,True,True,True,,124.5321254,181.1199723,,34.45965349,8.232028333,7.370536996,1.914425194,0,4.786062985,6.241331484,1.490984743,1.334951456,0.346740638,0,0.0866851595,0.1867569051,0.5652094384,0.417213017,-5.21277604,2976588.629,
02406,横浜町,Yokohama-machi,basic_municipality,,True,True,True,,33.46257319,136.1996779,,46.8195791,11.35020099,11.35020099,2.837550248,0,4.729250414,6.376811594,1.54589372,1.54589372,0.38647343,0,0.06441223833,0.2941958352,0.4169251218,0.1740781769,-11.85770751,2896144.279,
02408,東北町,Tohoku-machi,basic_municipality,,True,True,True,,50.31546708,129.9786376,,40.96664232,9.982955929,9.009009009,3.89578768,1.21743365,5.478451424,5.324788354,1.29757101,1.170978717,0.5063691748,0.01582403671,0.0712081652,0.2382588774,0.5246277205,0.248085758,-8.309903155,2848435.727,161.09
02411,六ヶ所村,Rokkasho-mura,basic_municipality,,True,True,True,,40.98600459,92.58730017,,51.60605768,9.549532169,7.42741391,2.507957943,0,6.752194463,4.778065553,0.8841654014,0.6876842011,0.2322050549,0,0.06251674556,0.1065052011,0.4763235522,0.1462797501,-3.94682177,3522933.966,
02412,おいらせ町,Oirase-cho,basic_municipality,,True,True,True,,337.3123958,409.8784195,,34.77114489,9.22836073,8.569192106,3.501833313,2.059901949,4.943764677,14.25194191,3.78250591,3.512326917,1.435325903,0.08443093549,0.2026342452,0.08245329001,0.6282696994,0.4446914953,7.028830117,3060747.664,128.55
02423,大間町,Oma-machi,basic_municipality,,True,True,True,,90.57400653,329.0097629,,62.7384485,12.92920729,10.38575668,8.05426028,0,4.239084358,20.64156206,4.253835425,3.417015342,2.649930265,0,0.1394700139,0.2214793147,0.5211032177,0.05759262814,-9.894600989,3299175.501,
02424,東通村,Higashidori-mura,basic_municipality,,True,True,True,,20.16456725,90.90215234,,43.66078925,9.907640638,8.228379513,2.6868178,0,6.7170445,3.968859716,0.9006258586,0.747977408,0.244237521,0,0.06105938025,0.2301933874,0.5049906425,0.06095083299,-16.02737259,3175870.07,
02425,風間浦村,Kazamaura-mura,basic_municipality,,True,True,True,,23.5531241,277.2881356,,51.34474328,9.7799511,9.168704156,3.056234719,0,6.112469438,14.23728814,2.711864407,2.542372881,0.8474576271,0,0.1694915254,0.1990349819,0.6067551267,0,-19.30501931,2791583.166,
02426,佐井村,Sai-mura,basic_municipality,,True,True,True,,13.23954091,107.4519231,,56.48769575,12.30425056,12.86353468,5.033557047,0,22.37136465,6.069711538,1.322115385,1.382211538,0.5408653846,0,0.2403846154,0.1992797119,0.5210084034,0.02221399482,-23.95577396,3028142.589,
02441,三戸町,Sannohe-machi,basic_municipality,,True,True,True,,59.83266355,178.7795276,,48.66769434,14.75445937,13.4331645,3.303237172,2.202158115,2.202158115,8.700787402,2.637795276,2.401574803,0.5905511811,0.03937007874,0.03937007874,0.2965154504,0.5093140478,0.164701232,-10.26576936,2700846.66,
02442,五戸町,Gonohe-machi,basic_municipality,,True,True,True,,90.29098891,190.093613,,35.46939284,8.976436853,8.228400449,2.431118314,0.6233636704,4.986909363,6.742505036,1.706363313,1.56416637,0.462140064,0.01184974523,0.09479796184,0.2100504873,0.5283550546,0.2476501379,-6.738632646,2712940.356,129.16
02443,田子町,Takko-machi,basic_municipality,,True,True,True,,20.53062237,105.7696402,,47.30273752,11.07085346,10.66827697,2.214170692,0,6.038647343,5.003193528,1.170960187,1.128379817,0.2341920375,0,0.06387055567,0.3510248902,0.4234992679,0.1074468964,-3.603221704,2649271.845,
02445,南部町,Nambu-cho,basic_municipality,,True,True,True,,109.7766458,220.6195039,,33.37497769,9.697186031,7.614968172,1.070854899,0.5949193884,5.354274496,7.36317102,2.139388371,1.6800105,0.2362514766,0.01312508203,0.1181257383,0.2285519746,0.5492510213,0.2351097179,-3.954278653,2767719.072,138.84
02446,階上町,Hashikami-cho,basic_municipality,,True,True,True,,143.5744681,340.1209677,,36.67753408,5.631298162,4.593953764,1.852400711,0.7409602845,2.963841138,12.47479839,1.915322581,1.5625,0.6300403226,0.0252016129,0.1008064516,0.08293213232,0.5907749651,0.1276595745,-3.50262697,2804415.787,
02450,新郷村,Shingo-mura,basic_municipality,,True,True,True,,14.57186443,73.08715902,,41.42011834,12.28948566,11.83431953,2.275830678,0,4.551661356,3.027278776,0.8982035928,0.8649367931,0.1663339987,0,0.03326679973,0.4677165354,0.3551181102,0.1127545268,-10.19912579,2618032.787,
03201,盛岡市,Morioka-shi,basic_municipality,,True,True,True,,326.8367796,1193.880831,0.812650355,48.9730129,10.58913268,8.35257532,4.790650638,1.932827347,8.973841253,58.46794132,12.64216252,9.971979562,5.719465963,0.2307565518,1.071369705,0.03020678947,0.810163032,0.09701399935,-2.768335718,3498111.96,91.33
03202,宮古市,Miyako-shi,basic_municipality,,True,True,True,,40.00238256,425.1624884,0.214040382,47.29099248,11.67384701,10.0855685,4.486886776,1.191208878,6.750183645,20.10635604,4.963281844,4.288005402,1.907655947,0.0506457331,0.2869924875,0.0739445629,0.6615351812,0.01588373109,-10.73807854,2870221.829,113.19
03203,大船渡市,Ofunato-shi,basic_municipality,,True,True,True,,107.680382,635.9274858,,61.93849343,14.22483299,11.8924211,4.088919604,2.015664593,7.774706289,39.3883904,9.045962278,7.562717451,2.600256363,0.1281816517,0.4944149423,0.07278919418,0.631897945,0.01860407429,-10.79260114,2927658.294,129.55
03205,花巻市,Hanamaki-shi,basic_municipality,,True,True,True,,102.591398,287.9081838,0.1961735323,42.38515768,9.174508815,8.219501465,4.345819965,2.038779737,7.511293767,12.20303377,2.64141617,2.366461738,1.251197133,0.05869813711,0.2162562946,0.1065504757,0.6031194746,0.1728332544,-1.925067044,2924084.691,135.14
03206,北上市,Kitakami-shi,basic_municipality,,True,True,True,,212.6499829,455.5892866,0.3453060347,43.00069859,9.113869633,7.415766565,4.739642109,1.397173411,7.093341931,19.59065759,4.152181364,3.378543799,2.159330167,0.06365372374,0.323165059,0.0565022817,0.5617601023,0.2079762313,2.184652541,3208295.372,112.81
03207,久慈市,Kuji-shi,basic_municipality,,True,True,True,,52.99599038,366.2491687,0.2123596526,52.02312139,12.22649275,10.80410374,4.963229731,2.118451714,6.052719184,19.05342496,4.477942806,3.956994015,1.817778763,0.07758811793,0.221680337,0.09362832952,0.6099128608,0.04490777867,-10.15504869,2987430.713,127.35
03208,遠野市,Tono-shi,basic_municipality,,True,True,True,,30.71055849,178.3951051,,48.09587637,10.92012931,10.80186076,3.232673658,1.182685485,6.307655917,8.580068922,1.948097616,1.926999086,0.576693157,0.02109853014,0.1125254941,0.166284929,0.5098488319,0.08474884076,-6.226493941,2829364.656,137.93
03209,一関市,Ichinoseki-shi,basic_municipality,,True,True,True,,89.08804381,232.6053075,0.1719526141,43.6515027,9.898867169,9.175213522,3.519994282,0.9827395204,7.504556338,10.15357121,2.302529041,2.134203362,0.8187693523,0.02285904283,0.1745599634,0.1203974803,0.5702422145,0.1432641951,-4.777024786,2898652.5,139.3
03210,陸前高田市,Rikuzentakata-shi,basic_municipality,,True,True,True,,78.73587997,390.3805045,,38.44047749,7.885226153,7.830467638,2.518891688,1.095170299,4.380681196,15.006413,3.078238563,3.056861907,0.9833262078,0.04275331338,0.1710132535,0.1110004427,0.589309429,0.03449167888,-6.443747823,2810285.025,137.35
03211,釜石市,Kamaishi-shi,basic_municipality,,True,True,True,,72.8465993,624.5716511,0.3968451898,52.40351643,11.59673296,9.663944136,5.548974375,1.558700667,5.923062535,32.72975078,7.242990654,6.035825545,3.465732087,0.09735202492,0.3699376947,0.04654614139,0.6425391257,0.01589644601,-13.68632059,2965896.951,104.55
03213,二戸市,Ninohe-shi,basic_municipality,,True,True,True,,60.68455354,231.3684592,,49.50417434,12.66021244,11.52353702,3.606004782,1.959785208,7.447183789,11.45370454,2.929173846,2.666183005,0.8343157704,0.04534324839,0.1723043439,0.1765921334,0.5694782673,0.1046572475,-6.33356791,2826536.702,134.01
03214,八幡平市,Hachimantai-shi,basic_municipality,,True,True,True,,27.85921373,117.5006114,,45.04016984,8.949756483,8.575115514,2.664113558,2.081338717,5.411480664,5.292247493,1.051601859,1.007581316,0.3130349719,0.02445585718,0.06358522866,0.2245221667,0.5258942026,0.1055317175,-6.083092454,2859147.088,145.91
03215,奥州市,Oshu-shi,basic_municipality,,True,True,True,,113.6987818,250.642491,0.2217430957,45.42355473,10.27121315,8.721676687,4.498083002,1.505263997,8.146134571,11.3850729,2.57440245,2.18602277,1.127410728,0.03772831177,0.204176746,0.1284762755,0.5660063174,0.1993355482,-5.334050725,2984377.961,133.03
03216,滝沢市,Takizawashi,basic_municipality,,True,True,True,,304.6092294,599.7518075,0.4828622321,26.10698285,4.534086615,3.706435884,1.439392576,1.619316648,4.138253657,15.65771015,2.719326643,2.222941621,0.8632782993,0.09711880868,0.2481925111,0.04667901191,0.7194717166,0.186342212,-4.171797181,2995599.472,107.57
03301,雫石町,Shizukuishi-cho,basic_municipality,,True,True,True,,25.83850728,121.0356236,,42.97247473,7.501112453,7.628249952,3.24200623,1.907062488,6.35687496,5.201200277,0.9079018235,0.92328999,0.3923982457,0.02308224975,0.0769408325,0.1621524878,0.6175874001,0.09855129595,-3.267755919,2781006.143,153.35
03302,葛巻町,Kuzumaki-machi,basic_municipality,,True,True,True,,12.95291521,83.54092527,,48.27831026,15.08697196,13.84451544,3.549875754,1.774937877,5.324813632,4.033214709,1.260379597,1.15658363,0.2965599051,0.01482799526,0.04448398577,0.271609538,0.4765275708,0.08736435534,-6.045720763,2614190.687,
03303,岩手町,Iwate-machi,basic_municipality,,True,True,True,,34.08145148,136.4545152,,38.42083842,10.25641026,9.686609687,2.442002442,4.07000407,9.768009768,5.242696879,1.399533489,1.321781628,0.3332222592,0.05553704321,0.1332889037,0.2604911408,0.473267019,0.1331631804,-6.931207763,2717599.822,
03321,紫波町,Shiwa-cho,basic_municipality,,True,True,True,,134.5175328,315.1048814,,33.7200983,7.310168912,6.874669487,2.333032631,1.866426105,5.599278315,10.62536757,2.303469908,2.166241913,0.7351499706,0.05881199765,0.1764359929,0.1163965234,0.6572116514,0.2343292326,2.631256884,2920278.416,139.46
03322,矢巾町,Yahaba-cho,basic_municipality,,True,True,True,,416.7557932,544.0372309,0.4537353864,48.22497861,13.15226689,7.413743941,2.352437981,1.782149986,7.128599943,26.23618383,7.155322862,4.033352724,1.279813845,0.09695559434,0.3878223774,0.07273623433,0.7662301084,0.4010695187,0.5733944954,3199360.079,116.1
03366,西和賀町,Nishiwaga-machi,basic_municipality,,True,True,True,,8.690794597,47.34851978,,62.52434749,11.10245423,12.07635372,5.648617063,0,9.738994936,2.960435304,0.5256847736,0.571797473,0.2674536567,0,0.04611269944,0.1975122503,0.5819826611,0.03724142601,-12.87830006,2801652.893,
03381,金ケ崎町,Kanegasaki-cho,basic_municipality,,True,True,True,,86.42078327,142.2749336,,34.63147731,6.887672996,6.050852913,2.446089475,1.93112327,8.368200837,4.927191135,0.9799432182,0.8608846964,0.3480172177,0.0274750435,0.1190585218,0.1359347699,0.4716365754,0.2670226969,3.505522852,2968003.539,135.25
03402,平泉町,Hiraizumi-cho,basic_municipality,,True,True,True,,114.4029027,221.7059003,,54.05405405,12.68615554,10.61776062,5.515719801,1.37892995,5.515719801,11.98410272,2.812595537,2.354020177,1.222867625,0.03057169061,0.1222867625,0.1345137421,0.5774312896,0.2208550245,-1.633501634,2715909.091,
03441,住田町,Sumita-cho,basic_municipality,,True,True,True,,15.06689762,143.6503417,,38.45391477,8.523290387,8.126858276,1.7839445,0,3.96432111,5.523917995,1.224373576,1.167425968,0.2562642369,0,0.0569476082,0.1764467827,0.4892755969,0.02687850914,-9.613330485,2724238.876,
03461,大槌町,Otsuchi-cho,basic_municipality,,True,True,True,,54.90470013,445.1456311,,39.25845147,9.451108688,9.996364958,2.998909487,0.9087604507,6.361323155,17.47572816,4.207119741,4.449838188,1.334951456,0.04045307443,0.283171521,0.05735611864,0.5772932626,0.01496856601,-6.385817766,2802914.3,
03482,山田町,Yamada-machi,basic_municipality,,True,True,True,,54.48803318,536.9328834,,40.01396648,8.589385475,7.960893855,3.351955307,1.396648045,2.094972067,21.4848144,4.61192351,4.274465692,1.799775028,0.07499062617,0.1124859393,0.1237022957,0.5775698201,0.015220121,-10.97156056,2707042.809,
03483,岩泉町,Iwaizumi-cho,basic_municipality,,True,True,True,,8.793179894,113.3393947,,54.43502177,14.55420582,13.63740545,2.979601192,0,8.022003209,6.16963242,1.649564879,1.54565528,0.3377061956,0,0.09092089882,0.1946501075,0.5593503702,0.02015397638,-6.375111564,2692222.632,
03484,田野畑村,Tanohata-mura,basic_municipality,,True,True,True,,19.58512069,139.2353209,,40.86302713,5.884275907,6.538084341,2.942137954,0,9.807126512,5.689576695,0.8192990442,0.9103322713,0.4096495221,0,0.1365498407,0.2344782034,0.4940554822,0.04481720981,-2.423822715,2511627.907,
03485,普代村,Fudai-mura,basic_municipality,,True,True,True,,35.70198105,301.8203883,,48.65299558,12.86690792,12.06272618,3.618817853,0,8.041817451,14.68446602,3.883495146,3.640776699,1.09223301,0,0.2427184466,0.1896,0.5048,0.02871088142,-10.90274749,2729487.179,
03501,軽米町,Karumai-machi,basic_municipality,,True,True,True,,34.25677325,143.0197011,,40.49400309,10.21256383,9.500059375,1.543759648,0,5.93753711,5.791440217,1.460597826,1.358695652,0.2207880435,0,0.08491847826,0.2614833072,0.4772574501,0.08949637946,-7.967623625,2702287.47,
03503,野田村,Noda-mura,basic_municipality,,True,True,True,,48.71287129,344.0559441,,44.20731707,10.16260163,10.67073171,1.524390244,0,10.16260163,15.20979021,3.496503497,3.671328671,0.5244755245,0,0.3496503497,0.1433804291,0.5667189953,0.0495049505,-5.383235068,2849668.386,
03506,九戸村,Kunohe-mura,basic_municipality,,True,True,True,,40.12833905,160.1071748,,35.88694682,9.297136482,9.297136482,1.301599107,0,5.578281889,5.745757666,1.488538255,1.488538255,0.2083953558,0,0.08931229533,0.3078024338,0.4495347173,0.1193851664,-12.98190401,2595105.673,
03507,洋野町,Hirono-cho,basic_municipality,,True,True,True,,49.81843391,228.3055976,,37.4395335,8.945729243,8.415611954,1.722881187,0.6626466106,3.975879663,8.547655068,2.042360061,1.921331316,0.3933434191,0.01512859304,0.09077155825,0.1933121459,0.5112615725,0.09573484748,-2.646041115,2775103.422,155.82
03524,一戸町,Ichinohe-machi,basic_municipality,,True,True,True,,38.30950238,138.6657015,,42.63093788,11.136245,10.70123543,2.088045937,1.740038281,8.700191404,5.911448908,1.544215225,1.483894318,0.2895403547,0.02412836289,0.1206418145,0.2010480349,0.5458515284,0.1199880012,-10.2801094,2624547.804,
04100,仙台市,Sendai-shi,designated_city,,True,False,True,,1394.676671,3162.261757,0.9158943525,43.14837914,9.73279937,6.625306373,4.099556489,1.705109127,8.616727941,136.4464692,30.77765924,20.95095297,12.96387071,0.5392001384,2.724834924,0.00767239491,0.8088731357,0.07375850448,0.7583574373,3845636.582,78.37
04101,青葉区,Aoba-ku,designated_city_ward,04100,False,True,False,overlapping_hierarchy,1030.93568,3194.484314,0.9098719471,61.56166758,12.14737315,8.98616772,8.652395777,1.41211207,12.16341988,196.6577814,38.80459299,28.70617183,27.63994259,0.4510969859,3.885585401,0.004991993972,0.8374450265,,2.055085747,,73.2
04102,宮城野区,Miyagino-ku,designated_city_ward,04100,False,True,False,overlapping_hierarchy,3377.373391,3606.452796,0.9495557408,45.44761401,10.94382205,6.120000813,2.760100035,2.033222862,6.709635443,163.9046746,39.46837764,22.07149404,9.954170486,0.7332722273,2.41979835,0.006988570999,0.8046640648,,-2.058216603,,70.48
04103,若林区,Wakabayashi-ku,designated_city_ward,04100,False,True,False,overlapping_hierarchy,2781.655525,2901.456112,0.9633786888,45.59816222,13.2814985,6.114154444,2.396183071,1.484361195,7.139070507,132.3010664,38.53568499,17.73995078,6.952420016,0.430680886,2.071369975,0.01048951049,0.7917209909,,0.6368827484,,71.55
04104,太白区,Taihaku-ku,designated_city_ward,04100,False,True,False,overlapping_hierarchy,1027.882131,3247.44778,0.9288714336,25.58379267,5.610032459,4.677156902,1.844452585,1.661285238,7.241499757,83.08203071,18.21828745,15.1888228,5.989763453,0.5394937059,2.351639231,0.01005251313,0.8030663916,,3.451067275,,83.59
04105,泉区,Izumi-ku,designated_city_ward,04100,False,True,False,overlapping_hierarchy,1447.029534,2879.720375,0.847498692,31.7748375,7.259049065,6.123055023,2.286129089,2.026877336,7.683279205,91.50264694,20.90403149,17.6326863,6.583412515,0.5836839962,2.212569567,0.007565138522,0.7905775891,,-1.514128653,,94.28
04202,石巻市,Ishinomaki-shi,basic_municipality,,True,True,True,,252.7292399,574.1069966,0.5695999315,43.01788785,9.446953643,8.241111373,3.203687451,1.498383886,6.921106521,24.69687039,5.423562183,4.731279699,1.839259381,0.08602326725,0.3973455678,0.07212430782,0.620388692,0.174916599,-6.342159505,3156408.192,110.22
04203,塩竈市,Shiogama-shi,basic_municipality,,True,True,True,,3005.354059,3496.51708,0.895235906,45.91690133,11.76177614,8.447790357,4.578280942,1.149359232,7.470835009,160.5492297,41.12525117,29.53784327,16.00803751,0.4018754186,2.612190221,0.01040640658,0.728063038,0,2.33924912,3036824.248,103.45
04205,気仙沼市,Kesennuma-shi,basic_municipality,,True,True,True,,183.933943,656.929523,0.09468984578,51.07364221,11.8239652,10.10679183,4.611837048,1.96248385,5.560370909,33.55178341,7.767511818,6.639449936,3.029651912,0.128921358,0.3652771809,0.06789973229,0.640475611,0.04812898568,-8.543516874,3070426.816,126.91
04206,白石市,Shiroishi-shi,basic_municipality,,True,True,True,,114.3465512,354.7925918,0.3664448379,42.00500641,8.547530374,8.547530374,3.571646621,1.831613652,7.631723548,14.90306509,3.032600455,3.032600455,1.267193762,0.06498429546,0.2707678978,0.05220454117,0.5845021699,0.1047193521,-8.799764467,2871071.102,117.67
04207,名取市,Natori-shi,basic_municipality,,True,True,True,,801.772255,1075.970476,0.7009959603,34.22343047,8.244620036,7.253741203,2.515307808,2.286643461,7.368073376,36.82340077,8.870967742,7.804811372,2.706396938,0.2460360853,0.7927829415,0.03062715369,0.7318538939,0.2851904665,3.308602366,3532303.409,105.07
04208,角田市,Kakuda-shi,basic_municipality,,True,True,True,,189.629228,306.485539,0.2067486417,34.92279096,8.507291965,7.971118101,3.431512725,1.787246211,4.289390906,10.70333041,2.607361963,2.443032428,1.051709027,0.05477651183,0.1314636284,0.07361183768,0.5297810328,0.2982444249,-1.133401337,2986852.769,127.56
04209,多賀城市,Tagajo-shi,basic_municipality,,True,True,True,,3190.807517,3275.651721,0.9523134958,31.59469655,5.650436914,5.220685374,2.992344056,1.910006844,6.048355007,103.4932221,18.5088634,17.10114703,9.801876955,0.6256517205,1.981230448,0.01011026174,0.761369641,0.1523616049,-1.963393263,3300048.828,92.5
04211,岩沼市,Iwanuma-shi,basic_municipality,,True,True,True,,728.9991729,920,0.7472769356,39.43904874,7.420350368,5.582281928,3.60806027,1.588454207,6.807660888,36.28392484,6.826722338,5.135699374,3.319415449,0.1461377871,0.6263048017,0.02187577332,0.680128681,0.2481389578,-2.15592183,3257459.243,103.66
04212,登米市,Tome-shi,basic_municipality,,True,True,True,,141.8362588,247.2265574,0.1310940726,49.76524587,10.50804214,9.534831727,4.037508055,0.9206044426,6.444231098,12.30329041,2.597867083,2.357263623,0.9981792171,0.02275978671,0.159318507,0.127584079,0.5428108608,0.3283030834,-5.923330413,2834070.02,139.48
04213,栗原市,Kurihara-shi,basic_municipality,,True,True,True,,80.29440994,174.0360797,,43.93768275,10.47387719,9.746739484,3.388152297,1.547101505,8.044927828,7.646742057,1.822832526,1.69628433,0.5896607431,0.02692514809,0.1400107701,0.1424138038,0.5537659436,0.2161490683,-6.163455501,3073038.307,145.3
04214,東松島市,Higashimatsushima-shi,basic_municipality,,True,True,True,,385.9624877,530.2861793,0.5178781523,30.79441404,6.240728426,5.882653844,2.455368561,1.278837792,6.394188961,16.32985216,3.309372033,3.119490031,1.302048013,0.06781500068,0.3390750034,0.07368889383,0.6788276514,0.2764067127,-3.590759076,3042032.933,115.62
04215,大崎市,Osaki-shi,basic_municipality,,True,True,True,,159.7997013,338.977185,0.3686091259,43.01421503,9.926961439,8.796041781,4.013194063,1.570721747,6.282886987,14.58083753,3.365013444,2.981657482,1.360381226,0.05324388361,0.2129755344,0.07935309295,0.6142155937,0.2296657923,-4.424960052,3089071.606,118.24
04216,富谷市,Tomiya-shi,basic_municipality,,True,True,True,,1050.244002,1810.410095,0.710944609,24.10408317,5.033784438,4.472323866,1.955431647,2.516892219,5.808212813,43.6382755,9.113214161,8.096740273,3.540133193,0.455660708,1.051524711,0.0105221519,0.7377373418,0.1220008133,2.001830245,3821994.929,112.52
04301,蔵王町,Zao-machi,basic_municipality,,True,True,True,,74.71046261,168.7804878,,51.67279734,10.68488352,9.283587318,4.203888597,0.8758101244,6.130670871,8.721359941,1.803399852,1.566888396,0.7095343681,0.014781966,0.103473762,0.1345651037,0.5523792923,0.137407577,-0.7328691829,2934587.814,
04302,七ヶ宿町,Shichikashuku-machi,basic_municipality,,True,True,True,,4.796837584,40.39692702,,71.31537242,15.05546751,15.05546751,6.339144216,0,23.77179081,2.880921895,0.6081946223,0.6081946223,0.2560819462,0,0.09603072983,0.2120717781,0.5758564437,0.01900490327,20.61005771,2720357.942,
04321,大河原町,Ogawara-machi,basic_municipality,,True,True,True,,943.2172869,1321.244395,0.7255101608,47.26146536,12.26082898,11.11535361,3.775826227,1.697000552,8.485002758,62.44394619,16.19955157,14.68609865,4.988789238,0.2242152466,1.121076233,0.02660152009,0.6506514658,0.2400960384,-1.84573121,3138507.954,106.69
04322,村田町,Murata-machi,basic_municipality,,True,True,True,,136.0806328,289.208243,,41.81511344,9.469341834,8.250515657,2.531408213,0.9375585974,8.438027377,12.09327549,2.738611714,2.386117137,0.7321041215,0.02711496746,0.2440347072,0.068781047,0.581964081,0.1658586374,-9.372453138,2883901.705,
04323,柴田町,Shibata-machi,basic_municipality,,True,True,True,,708.3287063,1088.481229,0.6183010635,28.01076533,5.643960179,5.356536281,2.194873403,2.351650074,5.487183507,30.48919226,6.14334471,5.830489192,2.389078498,0.2559726962,0.5972696246,0.0223325062,0.6449958644,0.1665741255,-4.816823099,3049695.294,103.28
04324,川崎町,Kawasaki-machi,basic_municipality,,True,True,True,,30.81951472,131.3759446,,47.57339724,9.946075494,10.06590773,2.636309167,0,4.793289395,6.25,1.306675063,1.322418136,0.3463476071,0,0.06297229219,0.09583428181,0.5725017073,0.06278391255,-6.550768456,2735479.798,
04341,丸森町,Marumori-machi,basic_municipality,,True,True,True,,44.86644713,150.4170756,,40.04240744,8.889251346,8.889251346,2.28347741,0.8155276464,3.262110586,6.023061825,1.337095191,1.337095191,0.3434739941,0.01226692836,0.04906771344,0.1213812347,0.4630275549,0.08781558727,-8.642295394,2816099.931,
04361,亘理町,Watari-cho,basic_municipality,,True,True,True,,449.5516304,533.403192,0.1591863874,29.86067035,6.135340164,5.681989905,1.63206093,0.9067005168,6.951370629,15.92777688,3.272610027,3.030791552,0.8705465098,0.04836369499,0.3707883282,0.06974416714,0.6028648277,0.4347826087,0.09139375476,2961142.778,124.37
04362,山元町,Yamamoto-cho,basic_municipality,,True,True,True,,186.5283369,269.6664428,,33.95317948,6.807238917,6.143118047,1.494271957,0.8301510875,4.980906525,9.156033132,1.835683904,1.656592792,0.4029550034,0.02238638908,0.1343183345,0.1216778159,0.555414934,0.2942087334,2.800385053,3004899.777,
04401,松島町,Matsushima-machi,basic_municipality,,True,True,True,,248.7490665,514.7990726,0.4947834572,39.03024844,9.982736621,9.682503941,4.953839225,0.7505817008,3.752908504,20.0927357,5.139103555,4.984544049,2.550231839,0.03863987635,0.1931993818,0.05305726302,0.7384341637,0.1680358476,-0.388048118,2917967.263,
04404,七ヶ浜町,Shichigahama-machi,basic_municipality,,True,True,True,,1374.677786,1611.733333,0.4029891904,24.54224575,3.529671299,3.364217957,0.8824178248,0.5515111405,3.860577984,39.55555556,5.688888889,5.422222222,1.422222222,0.08888888889,0.6222222222,0.03101765799,0.7103856877,0.07581501137,-5.526120891,3188282.881,125.64
04406,利府町,Rifu-cho,basic_municipality,,True,True,True,,783.7380263,1498.381601,0.333153317,32.68716958,6.338468535,7.930191575,2.671820817,2.558126315,5.116252629,48.97785349,9.497444634,11.88245315,4.003407155,0.3833049404,0.7666098807,0.01826968411,0.7469943423,0.08910670528,3.429718652,3459866.935,111.78
04421,大和町,Taiwa-cho,basic_municipality,,True,True,True,,127.6597632,440.1529052,0.7262210797,39.88049746,7.712082262,6.426735219,3.126519836,2.084346557,6.253039672,17.55351682,3.394495413,2.828746177,1.376146789,0.09174311927,0.2752293578,0.04341833218,0.6039972433,0.09756530223,0.6101719249,3223248.653,109.73
04422,大郷町,Osato-cho,basic_municipality,,True,True,True,,95.26886965,171.9410211,,45.0531166,6.783565852,6.143606809,2.303852553,0,3.839754256,7.746478873,1.166373239,1.056338028,0.3961267606,0,0.06602112676,0.1173970784,0.5944223108,0.2438726985,-10.56149733,2825630.252,
04424,大衡村,Ohira-mura,basic_municipality,,True,True,True,,96.96618037,182.211838,,50.60694136,5.983928877,3.932296119,2.393571551,0,6.838775859,9.221183801,1.090342679,0.7165109034,0.4361370717,0,0.1246105919,0.1011042098,0.5279503106,0.2155172414,5.235602094,2935483.871,
04444,色麻町,Shikama-cho,basic_municipality,,True,True,True,,61.2920937,143.5490784,,34.18931024,7.315616602,7.017020006,1.940877874,0,2.98596596,4.907843978,1.050150021,1.007286755,0.2786112302,0,0.04286326618,0.1865079365,0.4693877551,0.2562225476,-14.58299197,2789702.97,
04445,加美町,Kami-machi,basic_municipality,,True,True,True,,47.63279571,166.4744708,,49.99316411,12.12231691,11.75773595,3.281228638,1.367178599,9.570250194,8.32258554,2.018056293,1.957362871,0.5462408012,0.02276003338,0.1593202337,0.1412979599,0.5091092268,0.1345865804,-6.43776824,2918121.756,145.21
04501,涌谷町,Wakuya-cho,basic_municipality,,True,True,True,,187.2930867,258.5349462,,35.67715103,8.123212893,8.05822719,2.664413829,1.299714063,4.54899922,9.223790323,2.100134409,2.083333333,0.688844086,0.03360215054,0.1176075269,0.1401422107,0.5438914027,0.4016553067,-10.45687417,2697384.588,133.21
04505,美里町,Misato-machi,basic_municipality,,True,True,True,,319.9626617,320.5611222,,35.05042927,6.835042094,6.001500375,2.625656414,0.8335417188,4.167708594,11.23580494,2.191048764,1.923847695,0.8416833667,0.02672010688,0.1336005344,0.09864669334,0.6068601583,0.6534204561,-1.314290721,2961287.651,139.96
04581,女川町,Onagawa-cho,basic_municipality,,True,True,True,,98.39326702,589.3675527,,54.89891135,9.33125972,9.797822706,4.976671851,1.555209953,3.110419907,32.35563703,5.499541705,5.77451879,2.933088909,0.09165902841,0.1833180568,0.1252252252,0.5429429429,0,-8.43373494,3648308.76,
04606,南三陸町,Minamisanriku-cho,basic_municipality,,True,True,True,,74.81640147,317.9453836,,44.00817996,9.243353783,8.834355828,2.372188139,0.81799591,4.08997955,13.99219766,2.938881664,2.808842653,0.7542262679,0.02600780234,0.1300390117,0.2143088903,0.4720960415,0.04895960832,-8.958079666,2982538.933,
05201,秋田市,Akita-shi,basic_municipality,,True,True,True,,339.5675831,1053.887785,0.798288437,45.37624483,9.971658129,7.888270626,4.137523077,2.145141579,9.23060922,47.82147017,10.5090087,8.313352059,4.360485031,0.2260738508,0.9728026307,0.01844705751,0.7961719204,0.09822640635,-2.15504768,3357275.343,107.2
05202,能代市,Noshiro-shi,basic_municipality,,True,True,True,,117.0347816,280.9874599,0.3456011848,55.83573487,12.50800512,11.16714697,6.1039065,2.00128082,10.60678834,15.68914131,3.514592588,3.137828263,1.715121183,0.05623348141,0.2980374515,0.08417008644,0.6903867982,0.1756645977,-3.534615954,2986013.256,132.66
05203,横手市,Yokote-shi,basic_municipality,,True,True,True,,123.4916282,269.5324806,0.1309683829,48.9626556,12.0507276,10.42604173,4.207819531,1.519490386,9.35071007,13.19702602,3.248062504,2.81015689,1.134144036,0.04095520131,0.2520320081,0.1474471131,0.5945147583,0.2540415704,-4.320536786,2885993.891,150.22
05204,大館市,Odate-shi,basic_municipality,,True,True,True,,75.81634217,363.6588056,0.3475453876,45.16371304,10.83235842,8.55034158,3.870762742,1.588745902,7.077140835,16.42418194,3.939282525,3.109407007,1.407636956,0.05777614371,0.2573664583,0.06154079927,0.6395988452,0.08322200565,-4.657057351,2903136.96,124.82
05206,男鹿市,Oga-shi,basic_municipality,,True,True,True,,104.3344809,216.2296914,,44.92327264,10.37608333,9.74000159,3.816490419,1.590204341,9.938777133,9.71374538,2.243617296,2.106077538,0.8252385455,0.0343849394,0.2149058712,0.1177590427,0.6412836552,0.1908001161,-4.495825305,2761656.805,143.56
05207,湯沢市,Yuzawa-shi,basic_municipality,,True,True,True,,53.21844458,265.1401575,0.2290513411,53.88325295,11.95029816,10.881186,4.205174503,1.187902402,8.552897294,14.28661417,3.168503937,2.88503937,1.11496063,0.03149606299,0.2267716535,0.1192034273,0.5629207664,0.08218381358,-7.040826664,2740051.99,150.82
05209,鹿角市,Kazuno-shi,basic_municipality,,True,True,True,,41.11261872,195.8524104,,47.37348735,10.31353135,9.660341034,3.884763476,1.031353135,5.156765677,9.278211689,2.019929976,1.892001077,0.7608402909,0.02019929976,0.1009964988,0.1235822142,0.6066383689,0.08621664405,-6.095533636,2846182.085,159
05210,由利本荘市,Yurihonjo-shi,basic_municipality,,True,True,True,,61.76225002,251.2172977,0.2157093713,45.77884268,10.26677554,9.36993856,4.631426774,1.338562651,7.897519643,11.50043715,2.579191607,2.353890645,1.163494519,0.03362700921,0.1983993544,0.1009864036,0.5744068248,0.1033408014,-3.451263333,2965628.832,135.22
05211,潟上市,Katagami-shi,basic_municipality,,True,True,True,,324.6009005,474.7792247,,31.49432535,6.904161412,6.273644388,1.670870113,1.57629256,5.989911728,14.95285137,3.277952402,2.978596019,0.793294417,0.07483909594,0.2843885646,0.05649022022,0.6748734783,0.3376995497,0.4476991462,2856090.296,129.16
05212,大仙市,Daisen-shi,basic_municipality,,True,True,True,,89.59148121,210.7095374,0.2162715531,50.34961433,11.79545952,10.97132261,4.223701662,2.060342274,9.142768842,10.60914394,2.485415819,2.311762312,0.8899742233,0.04341337675,0.1926468593,0.1221484703,0.6123445487,0.2272753493,-3.103233325,2906714.89,152.59
05213,北秋田市,Kitaakita-shi,basic_municipality,,True,True,True,,26.19625941,154.8297785,,49.40724551,11.12656467,10.29869528,3.708854891,0.9934432744,9.603284986,7.649712879,1.722723544,1.594544709,0.5742411813,0.01538146021,0.1486874487,0.1057774002,0.6211413197,0.05291647871,-4.850183229,2764070.071,143.57
05214,にかほ市,Nikaho-shi,basic_municipality,,True,True,True,,97.18823871,277.8963595,,43.6953275,9.643695328,9.003627054,4.352464263,1.280136548,6.827394922,12.14277244,2.679947824,2.502075181,1.209533974,0.03557452864,0.1897308194,0.08810534523,0.4970978082,0.1534442002,-0.543601359,3114098.29,148.93
05215,仙北市,Semboku-shi,basic_municipality,,True,True,True,,22.50448078,160.9654,,57.37505079,12.14953271,12.10889882,6.216984965,0.8126777733,9.345794393,9.235397999,1.955654392,1.949113742,1.000719472,0.01308130028,0.1504349532,0.1287144573,0.6059271125,0.04938000658,-7.26190997,2731850.117,166.42
05303,小坂町,Kosaka-machi,basic_municipality,,True,True,True,,23.69856222,247.2840145,,52.30125523,8.786610879,8.786610879,3.765690377,0,6.276150628,12.93326436,2.172788412,2.172788412,0.9311950336,0,0.1551991723,0.07570262919,0.6065276519,0.03966286564,-7.238181407,3045845.272,
05327,上小阿仁村,Kamikoani-mura,basic_municipality,,True,True,True,,8.035992521,107.7284595,,50.8967523,8.725157538,9.209888512,2.423654872,0,14.54192923,5.483028721,0.9399477807,0.9921671018,0.2610966057,0,0.1566579634,0.1335616438,0.6107305936,0.01947647242,-4.280363831,2554487.179,
05346,藤里町,Fujisato-machi,basic_municipality,,True,True,True,,10.26477156,75.63332463,,46.6160221,7.596685083,8.632596685,3.798342541,0,10.35911602,3.525724732,0.574562549,0.6529119875,0.2872812745,0,0.0783494385,0.1323636364,0.6130909091,0.03544465317,-4.369992717,2494279.176,
05348,三種町,Mitane-cho,basic_municipality,,True,True,True,,61.51302524,134.3609619,,38.94060574,8.850137669,8.587911368,1.704470958,0,7.211223286,5.232097243,1.18911301,1.153880032,0.2290143574,0,0.09689068969,0.1998685076,0.5543721236,0.2338898298,-6.422018349,2704988.747,154.87
05349,八峰町,Happou-cho,basic_municipality,,True,True,True,,28.09003161,151.8937644,,45.46145659,10.03497035,8.210430287,2.432720085,0,9.122700319,6.905311778,1.524249423,1.247113164,0.3695150115,0,0.1385681293,0.1966360856,0.5434250765,0.0896899291,-9.530069011,2769520.226,
05361,五城目町,Gojome-machi,basic_municipality,,True,True,True,,39.72640983,214.6304676,,47.43499649,11.94659171,11.71234481,3.396579995,1.171234481,8.198641368,10.18099548,2.564102564,2.513826043,0.7290095525,0.02513826043,0.175967823,0.1154809619,0.6327655311,0.0837520938,-9.598157154,2759143.969,
05363,八郎潟町,Hachirogata-machi,basic_municipality,,True,True,True,,328.4117647,400.2150538,,40.12179832,11.46337095,10.74691026,4.298764105,0,5.373455132,16.05734767,4.58781362,4.301075269,1.720430108,0,0.2150537634,0.1053418005,0.6731415764,0.4705882353,-0.5795981453,2811523.963,
05366,井川町,Ikawa-machi,basic_municipality,,True,True,True,,95.22419187,208.6837294,,38.10775296,7.227332457,6.570302234,1.752080596,2.190100745,6.570302234,7.952468007,1.508226691,1.371115174,0.365630713,0.04570383912,0.1371115174,0.1112624886,0.6198910082,0.2711157456,-14.19292759,2793456.033,
05368,大潟村,Ogata-mura,basic_municipality,,True,True,True,,17.70031156,18.86000626,,42.51079376,9.963467287,8.302889406,0.3321155762,0,6.642311524,0.8017538365,0.1879110554,0.1565925462,0.006263701848,0,0.0125274037,0.7416073245,0.2339776195,0.676033155,-1.358234295,3653483.992,
05434,美郷町,Misato-cho,basic_municipality,,True,True,True,,110.5810361,193.141019,,43.30306775,9.187127277,8.220061248,1.987857949,1.07451781,5.909847956,8.36359863,1.774411124,1.587631005,0.3839369098,0.02075334648,0.1141434056,0.1492688871,0.5320877335,0.3861692015,-3.898188489,2711253.627,211.42
05463,羽後町,Ugo-machi,basic_municipality,,True,True,True,,59.90553774,197.6976977,,39.20433996,8.535262206,8.462929476,3.110307414,0.7233273056,5.063291139,7.750607751,1.687401687,1.673101673,0.6149006149,0.0143000143,0.1001001001,0.1624413146,0.5026156942,0.1689921137,-7.134090212,2688130.5,
05464,東成瀬村,Higashinaruse-mura,basic_municipality,,True,True,True,,13.27507487,84.6057572,,44.74852071,6.286982249,6.286982249,1.479289941,0,14.79289941,3.785982478,0.5319148936,0.5319148936,0.1251564456,0,0.1251564456,0.09444798979,0.4262922782,0.02945652708,-2.570694087,2590322.581,
06201,山形市,Yamagata-shi,basic_municipality,,True,True,True,,649.3312352,1435.637249,0.7447069752,50.12318753,10.87685286,8.356557212,4.887111757,1.777131548,10.13772769,71.95871506,15.61521512,11.99698481,7.01611968,0.2551316247,1.45540995,0.03152325729,0.7456553943,0.1311303436,-1.93509595,3497553.181,108.26
06202,米沢市,Yonezawa-shi,basic_municipality,,True,True,True,,148.1322127,610.8713631,0.5350022153,50.81721065,10.64589179,8.99670162,4.652193177,1.846108403,7.384433614,31.04277874,6.503270431,5.495827381,2.841891587,0.1127734757,0.4510939027,0.03349235474,0.5989235474,0.080217316,-7.517185009,3051308.56,116.45
06203,鶴岡市,Tsuruoka-shi,basic_municipality,,True,True,True,,93.28712705,305.36365,0.4678332938,49.68654728,11.60633281,10.36396479,4.740614809,1.226021071,8.663882237,15.17246543,3.544152149,3.164778116,1.447611441,0.03743822693,0.2645634703,0.08972160338,0.6017341689,0.1357214203,-4.2405188,2985077.804,146.74
06204,酒田市,Sakata-shi,basic_municipality,,True,True,True,,166.2957312,414.2827632,0.585132588,52.38698353,12.70531449,10.13233872,5.096087681,1.495916149,9.77331884,21.70302429,5.263592795,4.19765328,2.111221286,0.06197322757,0.4048917534,0.08362168397,0.6511553912,0.1956947162,-4.737873174,3038359.096,131.7
06205,新庄市,Shinjo-shi,basic_municipality,,True,True,True,,154.5075163,364.2441553,0.5151312732,60.32179368,12.89498141,11.38475836,7.231644981,1.742565056,7.841542751,21.97186078,4.696921612,4.146831694,2.634084418,0.06347191368,0.2856236116,0.08799351627,0.6088919764,0.2423154588,-4.07885792,3008490.036,131.1
06206,寒河江市,Sagae-shi,basic_municipality,,True,True,True,,289.0671078,576.351642,0.5503495981,48.44609221,9.952972206,8.858145264,5.32484013,1.492945831,9.455323596,27.9219848,5.736411874,5.105406568,3.068980353,0.08604617812,0.5449591281,0.09368625777,0.5679047484,0.1798173056,-2.460867139,2993110.069,153.34
06207,上山市,Kaminoyama-shi,basic_municipality,,True,True,True,,120.8234757,371.0170788,0.5362761937,45.51700447,9.30951563,8.416351769,3.916180007,1.374098248,8.244589488,16.88758603,3.453989294,3.122610247,1.452969666,0.05098139179,0.3058883508,0.09908599917,0.6417393713,0.09131282945,-4.314095128,2813467.492,137.6
06208,村山市,Murayama-shi,basic_municipality,,True,True,True,,114.3060209,253.5300079,0.3090246936,51.16361698,10.88115118,9.992893942,3.863918991,1.332385859,9.770829632,12.97151222,2.758698345,2.53349848,0.9796194122,0.03377997973,0.2477198514,0.1361502347,0.4905676483,0.1878363286,-5.681017888,2936610.902,170.38
06209,長井市,Nagai-shi,basic_municipality,,True,True,True,,123.6455956,335.5201618,0.3970161625,56.54974946,12.47033116,11.00101722,4.822363712,1.50698866,7.911690465,18.97358109,4.184047529,3.691063077,1.618000253,0.0505625079,0.2654531665,0.06530492715,0.5344461527,0.13509107,-4.75020475,2934429.191,137.99
06210,天童市,Tendo-shi,basic_municipality,,True,True,True,,549.8141922,824.6848042,0.6380753138,46.79755391,10.74991954,9.494689411,4.956549726,1.770196331,8.690054715,38.59323159,8.865295289,7.830126078,4.087591241,0.1459854015,0.7166556072,0.09441344171,0.5994783453,0.3008317112,0.06644076806,3097724.427,125.68
06211,東根市,Higashine-shi,basic_municipality,,True,True,True,,230.4146129,638.4841993,0.3418480768,36.68050837,8.766410805,7.927519819,3.292647121,1.258336479,7.550018875,23.41992501,5.597214783,5.061596144,2.10230316,0.08034279593,0.4820567756,0.1129682077,0.5582592046,0.1449695564,1.175704898,3138188.867,133.34
06212,尾花沢市,Obanazawa-shi,basic_municipality,,True,True,True,,40.18736746,132.0194004,,53.50343998,14.29430232,13.69314007,3.606973482,2.003874157,8.015496627,7.063492063,1.88712522,1.807760141,0.4761904762,0.02645502646,0.1058201058,0.2075495518,0.4812523671,0.1422704212,-14.9308892,2955505.702,185.16
06213,南陽市,Nanyo-shi,basic_municipality,,True,True,True,,189.5090954,472.7272727,0.2073635766,54.73372781,12.4260355,11.14398422,6.673241289,0.9861932939,9.533201841,25.87412587,5.874125874,5.268065268,3.154623155,0.04662004662,0.4506604507,0.09353645539,0.5809040186,0.1619735858,-2.614379085,2985596.869,139.4
06301,山辺町,Yamanobe-machi,basic_municipality,,True,True,True,,223.352319,461.3445378,0.527140255,33.22404372,7.431693989,7.140255009,1.60291439,0,7.285974499,15.32773109,3.428571429,3.294117647,0.7394957983,0,0.3361344538,0.05679190751,0.6238439306,0.130187144,-5.545563549,2862755.279,
06302,中山町,Nakayama-machi,basic_municipality,,True,True,True,,344.975923,508.3254494,,29.12711707,6.234878094,5.490415038,1.39586823,0.93057882,4.6528941,14.80605487,3.169347209,2.790917692,0.7095553453,0.04730368969,0.2365184484,0.09016838675,0.5935180156,0.3210272873,-1.052128168,2880266.075,
06321,河北町,Kahoku-cho,basic_municipality,,True,True,True,,336.3393708,461.5646259,0.3507170795,50.05385182,11.5639703,10.03344482,3.11773709,1.133722578,11.90408707,23.10308739,5.337519623,4.631083203,1.439037153,0.05232862376,0.5494505495,0.1040319103,0.5269512721,0.3431839847,0.7733952049,2920883.039,156.83
06322,西川町,Nishikawa-machi,basic_municipality,,True,True,True,,12.6045932,67.54804416,,50.84745763,10.69410815,10.2905569,2.824858757,0,8.07102502,3.434646313,0.7223660897,0.695106992,0.1908136841,0,0.05451819545,0.0975020145,0.5793714746,0.01271649839,-4.188712522,2760808.535,
06323,朝日町,Asahi-machi,basic_municipality,,True,True,True,,32.34591738,114.2293199,,46.65409991,10.21049325,9.739239711,3.141690229,0,9.425070688,5.329266104,1.1663377,1.112506729,0.3588731383,0,0.1076619415,0.2523989532,0.4544925851,0.0508104263,-10.72293324,2761770.245,
06324,大江町,Oe-machi,basic_municipality,,True,True,True,,49.62357217,263.0202958,,44.72927021,10.2014125,10.2014125,4.054407533,0,5.231493591,11.76470588,2.683178535,2.683178535,1.066391469,0,0.1375988992,0.1439544103,0.5161050545,0.05192107996,-11.46983857,2798824.749,
06341,大石田町,Oishida-machi,basic_municipality,,True,True,True,,82.68795575,173.8107822,,49.87076175,10.03497035,9.730880341,4.257260149,0,9.122700319,8.66807611,1.744186047,1.691331924,0.7399577167,0,0.1585623679,0.1478610393,0.480620155,0.2137289414,-6.857334002,2843025.798,
06361,金山町,Kaneyama-machi,basic_municipality,,True,True,True,,31.36636358,139.5048143,,45.55314534,11.24038651,11.24038651,3.943995267,0,5.915992901,6.354883081,1.568088033,1.568088033,0.5502063274,0,0.08253094911,0.1715222141,0.4683175528,0.09896703161,-10.01918567,2716090.06,
06362,最上町,Mogami-machi,basic_municipality,,True,True,True,,24.45742652,124.691358,,46.16336634,9.777227723,9.653465347,2.97029703,0,3.712871287,5.75617284,1.219135802,1.203703704,0.3703703704,0,0.0462962963,0.1809033466,0.4797566113,0.06961891213,-9.513454743,2938423.645,
06363,舟形町,Funagata-machi,basic_municipality,,True,True,True,,42.06149194,144.2108295,,36.74855203,6.590772918,5.592170961,1.997203915,0,7.988815658,5.299539171,0.9504608295,0.8064516129,0.2880184332,0,0.1152073733,0.1914893617,0.5253682488,0.1260080645,1.716001716,2792853.155,
06364,真室川町,Mamurogawa-machi,basic_municipality,,True,True,True,,19.24803591,139.6200814,,40.95515757,9.162848813,9.579341941,2.221296682,0,6.941552131,5.718162435,1.279317697,1.337468502,0.3101376236,0,0.09691800737,0.1979336596,0.5046220772,0.05611672278,-5.09180682,2717670.683,
06365,大蔵村,Okura-mura,basic_municipality,,True,True,True,,14.30799036,93.22660099,,54.16116248,13.21003963,11.55878468,2.642007926,0,9.907529723,5.049261084,1.231527094,1.077586207,0.2463054187,0,0.09236453202,0.2027845036,0.495157385,0.05670273591,-11.5942029,2752431.477,
06366,鮭川村,Sakegawa-mura,basic_municipality,,True,True,True,,31.94694613,93.3492823,,37.67298821,6.406970784,6.406970784,1.79395182,0,5.125576627,3.516746411,0.5980861244,0.5980861244,0.1674641148,0,0.04784688995,0.2967889908,0.4325688073,0.1637465204,-13.93823449,2871085.215,
06367,戸沢村,Tozawa-mura,basic_municipality,,True,True,True,,16.06903678,91.12413194,,45.9633246,8.097165992,8.097165992,3.572279114,0,7.144558228,4.188368056,0.7378472222,0.7378472222,0.3255208333,0,0.06510416667,0.14726185,0.4666359871,0.05740308446,-15.06493506,2850644.942,
06381,高畠町,Takahata-machi,basic_municipality,,True,True,True,,124.6144458,293.0593607,,45.71962783,9.927436228,8.814494947,3.338823844,0.890353025,5.787294662,13.39856491,2.909328115,2.583170254,0.9784735812,0.02609262883,0.1696020874,0.1373472085,0.5023951107,0.2108066127,-5.538346006,2886488.869,162.94
06382,川西町,Kawanishi-machi,basic_municipality,,True,True,True,,87.38295318,168.3784409,,39.7719467,8.586344278,8.105508998,2.610248661,0.6869075422,4.808352796,6.696738376,1.445755263,1.364792968,0.4395095998,0.0115660421,0.0809622947,0.1628122109,0.5089203119,0.2941176471,-5.453866268,2858669.615,
06401,小国町,Oguni-machi,basic_municipality,,True,True,True,,9.635826238,90.39684559,,50.51357816,9.427325172,9.708737864,4.221190376,0,2.814126917,4.566268125,0.8522004579,0.8776392775,0.3815822946,0,0.02543881964,0.07971631206,0.4791489362,0.01355821899,-9.790423742,3083304.647,
06402,白鷹町,Shirataka-machi,basic_municipality,,True,True,True,,81.73229345,226.0610312,,47.86656323,9.697439876,9.464701319,3.025601241,0.7757951901,6.206361521,10.82076464,2.192213259,2.13960014,0.6839705367,0.01753770607,0.1403016485,0.1047490231,0.5225428314,0.1204742883,-6.218294878,2778992.581,
06403,飯豊町,Iide-machi,basic_municipality,,True,True,True,,20.07528612,121.8986175,,42.64327839,8.468168759,8.16573416,1.96582489,0,7.560864963,5.198156682,1.032258065,0.9953917051,0.2396313364,0,0.09216589862,0.1648199446,0.4864265928,0.06375034152,-12.5745607,2855908.912,
06426,三川町,Mikawa-machi,basic_municipality,,True,True,True,,228.807947,228.807947,,59.07117485,15.65583476,13.15616366,3.946849099,3.946849099,5.262465465,13.51595424,3.58217941,3.010234798,0.9030704395,0.09030704395,0.1204093919,0.1447975397,0.5502306509,0.6622516556,1.712084463,2958779.617,
06428,庄内町,Shonai-machi,basic_municipality,,True,True,True,,80.87249669,182.1147763,,40.44464295,8.485931219,7.691925959,2.927894397,0.9925065754,4.962532877,7.365567103,1.545413466,1.400813376,0.5332128333,0.0180750113,0.09037505648,0.1212093023,0.5728372093,0.2287594815,-4.387797743,2782261.962,153.92
06461,遊佐町,Yuza-machi,basic_municipality,,True,True,True,,62.53659005,134.5169282,,42.89441375,9.515039902,9.054634745,2.762430939,0.7673419276,5.371393493,5.770024773,1.279933939,1.218001652,0.3715937242,0.01032204789,0.07225433526,0.1660225922,0.564803805,0.1823504007,-6.251542321,2704083.685,
07201,福島市,Fukushima-shi,basic_municipality,,True,True,True,,368.2240921,1030.936144,0.6545050638,42.18710757,8.910726477,7.796443492,3.590467397,1.733329088,8.949637946,43.492214,9.186389993,8.037635389,3.701542613,0.1786951606,0.9226505233,0.03874071638,0.7010042756,0.08727140103,-3.585841029,3399082.939,101.72
07202,会津若松市,Aizuwakamatsu-shi,basic_municipality,,True,True,True,,306.4887589,802.9003352,0.7188011178,51.58635496,11.50149945,9.57606325,5.529239368,1.618729553,8.008451472,41.41870169,9.234557767,7.688624393,4.439428141,0.1299678501,0.6429988371,0.04497506369,0.6653690216,0.1749484294,-4.420746836,3227581.425,110.9
07203,郡山市,Koriyama-shi,basic_municipality,,True,True,True,,432.768093,981.6722087,0.7490661963,45.91201494,9.435689611,7.281227494,3.59178741,1.525823029,7.262917618,45.07054911,9.262754261,7.147778676,3.52595788,0.1497858063,0.712980438,0.02828023138,0.6929902803,0.1571579503,-2.310895456,3434269.985,96.42
07204,いわき市,Iwaki-shi,basic_municipality,,True,True,True,,270.179183,944.4315216,0.4324980251,41.65427671,8.893734738,7.91154924,3.667426584,1.44174018,7.358882171,39.33961194,8.399523431,7.471916487,3.463633269,0.1361624872,0.6949960286,0.02504191682,0.6483990481,0.05924074465,-3.209409871,3340421.186,105.64
07205,白河市,Shirakawa-shi,basic_municipality,,True,True,True,,194.8480283,450.2459699,0.3467919517,45.99014977,9.682136794,8.757627204,4.958733254,1.176648569,8.068447328,20.70687959,4.359343071,3.943086354,2.232649663,0.0529781276,0.3632785893,0.06224581237,0.5465292617,0.1768636185,-5.74581764,3514832.866,116.16
07207,須賀川市,Sukagawa-shi,basic_municipality,,True,True,True,,268.3749061,467.3272263,0.4485678472,41.07104758,8.747599744,7.574141242,3.640388308,1.866865799,6.934072968,19.19361874,4.087991525,3.539602418,1.701252571,0.08724372157,0.3240481087,0.07602339181,0.5719243592,0.2505099667,-6.171315725,3129382.563,121.2
07208,喜多方市,Kitakata-shi,basic_municipality,,True,True,True,,80.70245028,246.6387481,0.2482573727,47.14030384,10.92493298,10.16532618,4.624664879,1.340482574,5.361930295,11.62662552,2.694511792,2.507163324,1.140621556,0.03306149438,0.1322459775,0.1091697142,0.5573163574,0.1460433082,-4.090167513,2876868.759,148.68
07209,相馬市,Soma-shi,basic_municipality,,True,True,True,,176.2728146,380,0.2170658253,46.57966442,10.29685931,10.01003872,4.961996271,2.007744156,6.596873656,17.70027248,3.91280654,3.803814714,1.885558583,0.07629427793,0.2506811989,0.076810918,0.5533068937,0.166843622,-7.439323022,3396311.102,112.66
07210,二本松市,Nihonmatsu-shi,basic_municipality,,True,True,True,,155.4990999,281.345871,0.1750844894,43.486379,9.447877962,8.626323356,2.950127901,0.7468678231,7.095244319,12.23471318,2.658121454,2.426980458,0.8300063038,0.02101281782,0.1996217693,0.08683893133,0.550235737,0.1538818884,-5.460899956,2939146.801,137.84
07211,田村市,Tamura-shi,basic_municipality,,True,True,True,,76.73292169,227.7489962,,44.61315363,10.66279962,10.20785351,2.018823396,1.137365293,8.5302397,10.16060096,2.428441912,2.32482839,0.4597850019,0.02590338039,0.1942753529,0.1341369441,0.4815059445,0.1178190387,-3.880904736,2875056.621,136.36
07212,南相馬市,Minamisoma-shi,basic_municipality,,True,True,True,,148.038035,319.8276329,0.3568172189,43.92848064,9.42293026,8.287433268,2.931954919,1.355817304,6.779086518,14.04954198,3.01371348,2.650550165,0.9377202016,0.04336278389,0.2168139195,0.0545434182,0.6009855895,0.1655878368,-3.316957722,3205595.368,121.85
07213,伊達市,Date-shi,basic_municipality,,True,True,True,,219.6741098,438.323173,0.1869505495,41.17445055,8.962912088,8.722527473,2.438186813,1.03021978,8.413461538,18.04771581,3.928652066,3.823285919,1.06871378,0.0451569203,0.3687815158,0.1246480068,0.5547752332,0.1508750754,-2.33941104,2914535.246,137.68
07214,本宮市,Motomiya-shi,basic_municipality,,True,True,True,,343.512838,498.0398616,,43.16047096,9.392776822,7.573753142,2.645852626,1.653657891,4.630242096,21.49563499,4.677977269,3.772030967,1.317740076,0.08235875474,0.2306045133,0.04738465577,0.5802979589,0.2385821404,2.96176629,3040877.219,120.33
07301,桑折町,Kori-machi,basic_municipality,,True,True,True,,266.674424,466.5716612,,38.22323065,8.290426739,6.981411991,1.570817698,0,6.981411991,17.83387622,3.868078176,3.25732899,0.7328990228,0,0.325732899,0.1272569444,0.5774305556,0.2327205027,4.10921377,2893437.297,
07303,国見町,Kunimi-machi,basic_municipality,,True,True,True,,227.6416337,368.0869195,,34.37897905,9.72334761,9.607593471,1.041787244,3.472624146,3.472624146,12.65445249,3.579037069,3.536429484,0.3834682573,0.1278227524,0.1278227524,0.1604503871,0.5775275627,0.2898550725,0.9882643607,2908004.779,
07308,川俣町,Kawamata-machi,basic_municipality,,True,True,True,,95.30148786,324.1011984,,48.5620378,10.7641742,10.02465078,2.465078061,3.286770748,10.68200493,15.73901465,3.488681758,3.249001332,0.7989347537,0.1065246338,0.3462050599,0.05863539446,0.4980454869,0.08613938919,-4.731861199,2820140.721,
07322,大玉村,Otama-mura,basic_municipality,,True,True,True,,112.0342397,291.2303665,,28.08988764,5.393258427,5.056179775,1.573033708,2.247191011,2.247191011,8.180628272,1.570680628,1.472513089,0.4581151832,0.06544502618,0.06544502618,0.1135483871,0.547311828,0.2014098691,10.20755359,2919759.54,
07342,鏡石町,Kagamiishi-machi,basic_municipality,,True,True,True,,393.5463259,442.2980251,,40.02273096,8.848839097,8.037018997,2.679006332,1.623640201,8.930021107,17.70197487,3.913824057,3.55475763,1.18491921,0.07181328546,0.39497307,0.0895228726,0.5253320216,0.4153354633,2.427970217,3060481.613,
07344,天栄村,Tenei-mura,basic_municipality,,True,True,True,,23.03121674,139.5861328,,38.31343858,5.968425106,5.39083558,1.540238737,0,7.701193685,5.348024725,0.8331093792,0.7524858909,0.2149959688,0,0.1074979844,0.148619186,0.4989098837,0.05321035828,-8.122220073,3512363.996,
07362,下郷町,Shimogo-machi,basic_municipality,,True,True,True,,16.60358314,120.4576659,,65.72948328,16.90729483,16.52735562,8.928571429,0,7.598784195,7.917620137,2.036613272,1.990846682,1.075514874,0,0.09153318078,0.1383978939,0.5663783377,0.03469593742,-18.57262104,2904472.667,
07364,檜枝岐村,Hinoemata-mura,basic_municipality,,True,True,True,,1.290785228,9.607319863,,162.6984127,11.9047619,15.87301587,17.85714286,0,19.84126984,1.563095692,0.1143728555,0.1524971407,0.1715592833,0,0.01906214258,0.0204778157,0.9351535836,0,-28.92561983,2847715.736,
07367,只見町,Tadami-machi,basic_municipality,,True,True,True,,5.409599229,23.57880007,,70.96933729,11.8694362,12.36399604,3.461918892,0,4.945598417,1.673371815,0.2798670631,0.2915281908,0.08162789342,0,0.01166112763,0.1477328133,0.5387615797,0.008026111616,-12.19512195,3047083.626,
07368,南会津町,Minamiaizu-machi,basic_municipality,,True,True,True,,16.3017361,180.8862186,,66.36218947,14.67026503,14.39346758,4.774756072,0.6919936337,9.687910871,12.00400551,2.653648767,2.603579922,0.8636875704,0.01251721117,0.1752409563,0.1331053352,0.5961696306,0.0225613952,-14.68274777,2928048.334,
07402,北塩原村,Kitashiobara-mura,basic_municipality,,True,True,True,,10.91934381,99.68798752,,89.20187793,8.998435055,7.824726135,6.651017214,0,7.824726135,8.892355694,0.8970358814,0.7800312012,0.6630265211,0,0.07800312012,0.1341301461,0.6620185923,0.01708817498,-10.86048454,2645625.692,
07405,西会津町,Nishiaizu-machi,basic_municipality,,True,True,True,,19.35072775,119.9085619,,54.41941075,12.82495667,12.305026,4.852686308,0,6.932409012,6.525353283,1.537822111,1.475477972,0.5818786367,0,0.08312551953,0.1676379842,0.4940006856,0.04024414783,-4.622781065,2675876.727,
07407,磐梯町,Bandai-machi,basic_municipality,,True,True,True,,55.57972227,156.3294118,,35.8217941,4.816375677,5.117399157,2.408187839,0,6.020469597,5.6,0.7529411765,0.8,0.3764705882,0,0.09411764706,0.1421568627,0.5637254902,0.1171156098,-10.47286576,2984362.783,
07408,猪苗代町,Inawashiro-machi,basic_municipality,,True,True,True,,34.32189439,184.0054311,,56.81818182,10.69952774,10.10920897,5.755608028,1.47579693,6.641086187,10.45485404,1.968771215,1.860149355,1.059063136,0.02715546504,0.1221995927,0.1243855206,0.6682556234,0.08104343422,-5.895474825,3267562.38,
07421,会津坂下町,Aizubange-machi,basic_municipality,,True,True,True,,164.5157768,245.0479753,,52.29625697,13.87045394,12.41040616,5.309264667,1.327316167,5.97292275,12.81509188,3.398926655,3.041144902,1.301024557,0.03252561392,0.1463652626,0.143639532,0.5799103809,0.382137788,-8.2295843,2955771.858,150.19
07422,湯川村,Yugawa-mura,basic_municipality,,True,True,True,,188.2101405,188.2101405,,30.83414476,7.140538786,7.789678676,1.622849724,0,3.245699448,5.803298717,1.343921808,1.466096518,0.3054367746,0,0.06108735492,0.2187878788,0.5242424242,0.6719609041,-7.046979866,3040355.125,
07423,柳津町,Yanaizu-machi,basic_municipality,,True,True,True,,17.52360369,139.9182561,,57.77345018,14.60564752,14.28107757,4.219409283,0,9.737098345,8.0835604,2.04359673,1.99818347,0.5903723887,0,0.136239782,0.1630154639,0.5425257732,0.03412581049,-10.91165083,2889099.526,
07444,三島町,Mishima-machi,basic_municipality,,True,True,True,,15.98942848,124.9569707,,57.85123967,8.26446281,8.26446281,4.820936639,0,6.887052342,7.228915663,1.032702238,1.032702238,0.6024096386,0,0.08605851979,0.09791332263,0.6243980738,0.01101200308,-12.81085154,2837782.341,
07445,金山町,Kaneyama-machi,basic_municipality,,True,True,True,,6.335057158,24.59384493,,81.63265306,20.40816327,19.33404941,4.833512352,0,26.8528464,2.007660811,0.5019152027,0.4754986131,0.1188746533,0,0.06604147405,0.1187989556,0.6488250653,0.01020685901,13.15037164,2799331.104,
07446,昭和村,Showa-mura,basic_municipality,,True,True,True,,5.94862981,64.99739176,,57.78491172,10.43338684,11.23595506,4.012841091,0,16.05136437,3.755868545,0.6781429317,0.7303077726,0.2608242045,0,0.1043296818,0.3257839721,0.5,0.01909672491,3.686635945,2743362.832,
07447,会津美里町,Aizumisato-machi,basic_municipality,,True,True,True,,68.80903268,252.3089172,,35.5527506,8.414852214,7.836331124,2.051120227,0,4.207426107,8.970276008,2.123142251,1.977176221,0.5175159236,0,0.1061571125,0.1498254262,0.5820497022,0.1483733218,-3.974167909,6404951.857,155.88
07461,西郷村,Nishigo-mura,basic_municipality,,True,True,True,,108.3411434,335.0185155,,35.70742022,5.574778931,4.661668589,3.267973856,0.9611687812,4.805843906,11.96264692,1.867654162,1.561745291,1.09483175,0.03220093383,0.1610046691,0.06172839506,0.5248873212,0.09892741852,9.943733023,3180014.618,105.26
07464,泉崎村,Izumizaki-mura,basic_municipality,,True,True,True,,175.3598645,256.6294919,,40.56011589,7.725736359,5.794302269,1.93143409,0,4.828585225,10.40892193,1.982651797,1.486988848,0.4956629492,0,0.1239157373,0.1086129367,0.4794188862,0.310471352,0.4924491136,2979901.559,
07465,中島村,Nakajima-mura,basic_municipality,,True,True,True,,258.192389,311.1464968,,34.18628454,5.527123849,4.708290686,1.637666325,0,6.141248721,10.63694268,1.719745223,1.464968153,0.5095541401,0,0.1910828025,0.1742370476,0.4155429383,0.4756871036,-9.721048183,3039366.299,
07466,矢吹町,Yabuki-machi,basic_municipality,,True,True,True,,286.2086093,351.647681,,41.64979464,9.08196911,8.272111992,2.89234685,1.73540811,4.62775496,14.6460537,3.193653377,2.908868999,1.017087063,0.06102522376,0.16273393,0.1183173718,0.4988483453,0.380794702,0.7734872375,3016327.081,123.63
07481,棚倉町,Tanagura-machi,basic_municipality,,True,True,True,,83.43025073,324.410406,,51.7874541,12.14119763,11.09195833,5.171250843,0.7494566439,6.745109795,16.80038901,3.938730853,3.598346706,1.677607586,0.02431315342,0.2188183807,0.07871064468,0.4884557721,0.08753829801,-7.662835249,3105825.959,
07482,矢祭町,Yamatsuri-machi,basic_municipality,,True,True,True,,45.59059778,221.6193999,,49.14688427,9.272997033,9.829376855,3.709198813,0,7.418397626,10.891903,2.055076038,2.1783806,0.8220304151,0,0.164406083,0.1407380608,0.4243849493,0.05918660692,2.137998056,3067542.214,
07483,塙町,Hanawa-machi,basic_municipality,,True,True,True,,39.26966558,205.6987116,,56.85377018,13.97253674,13.12936642,3.974945796,0,4.818116117,11.69474727,2.874132805,2.700693756,0.8176412289,0,0.09910802775,0.1557227542,0.4459644323,0.0614918878,-6.393044368,3148775.895,
07484,鮫川村,Samegawa-mura,basic_municipality,,True,True,True,,23.21455764,97.66175529,,45.916694,9.1833388,9.1833388,1.967858314,0,6.559527714,4.484304933,0.8968609865,0.8968609865,0.1921844971,0,0.06406149904,0.2060035315,0.4037669217,0.09136592051,-24.94729445,2952073.733,
07501,石川町,Ishikawa-machi,basic_municipality,,True,True,True,,126.5577737,259.4613749,,53.26413548,12.36001093,12.01857416,3.550942365,1.365747064,7.51160885,13.81998583,3.206945429,3.118355776,0.9213323884,0.03543586109,0.194897236,0.09536674321,0.5135755775,0.1642036125,-3.954885015,2876815.492,
07502,玉川村,Tamakawa-mura,basic_municipality,,True,True,True,,136.9616456,251.060487,,46.77722153,7.978723404,7.978723404,2.346683354,0,9.386733417,11.74391202,2.003142184,2.003142184,0.5891594658,0,0.2356637863,0.1386925795,0.4467020024,0.1714163274,-11.40495868,2830830.04,
07503,平田村,Hirata-mura,basic_municipality,,True,True,True,,62.36351959,166.0775371,,41.88122211,8.582217645,8.238928939,2.231376588,0,5.149330587,6.955530217,1.425313569,1.368301026,0.3705815279,0,0.08551881414,0.1729185727,0.3979871912,0.1498608435,-10.83707025,2856027.33,
07504,浅川町,Asakawa-machi,basic_municipality,,True,True,True,,161.2610206,281.2674744,,43.07488403,8.449304175,8.449304175,2.982107356,0,4.970178926,12.11556384,2.376514445,2.376514445,0.8387698043,0,0.1397949674,0.1013103228,0.4365612017,0.2137323003,-2.594258042,2913849.959,
07505,古殿町,Furudono-machi,basic_municipality,,True,True,True,,29.54865577,163.2825719,,52.22797927,10.98445596,10.15544041,2.279792746,0,6.21761658,8.527918782,1.79357022,1.65820643,0.372250423,0,0.1015228426,0.1336496639,0.4163701068,0.04286851614,-13.06176666,2951934.349,
07521,三春町,Miharu-machi,basic_municipality,,True,True,True,,233.8922485,344.7730956,,36.6082971,7.345163944,6.933834763,2.761781643,1.175226231,7.638970502,12.62155592,2.532414911,2.390599676,0.9521880065,0.04051863857,0.2633711507,0.06387614679,0.5743119266,0.1374381528,-3.669154229,2864183.215,139.08
07522,小野町,Ono-machi,basic_municipality,,True,True,True,,75.65905097,242.5973361,,48.56931686,11.61440186,11.71998733,2.9563932,2.111709429,10.55854714,11.78278689,2.817622951,2.843237705,0.7172131148,0.0512295082,0.256147541,0.1172413793,0.4932079415,0.1038504553,-10.94314079,2861555.134,
07541,広野町,Hirono-machi,basic_municipality,,True,True,True,,92.21332425,369.924812,,46.93274205,5.173688101,4.988913525,3.141167775,1.84774575,5.543237251,17.36158578,1.913875598,1.845522898,1.161995899,0.06835269993,0.2050580998,0.03574087863,0.5562174237,0.0511160334,-9.048775105,3434060.721,
07542,楢葉町,Naraha-machi,basic_municipality,,True,True,True,,35.79698958,143.4648105,,63.61185984,7.277628032,7.277628032,4.312668464,2.69541779,13.47708895,9.126063418,1.044083527,1.044083527,0.618716164,0.03866976025,0.1933488012,0.03988095238,0.6464285714,0.05789270552,-0.936183492,3314349.112,
07543,富岡町,Tomioka-machi,basic_municipality,,True,True,True,,31.11566018,74.77160928,,69.54887218,4.229323308,5.639097744,1.879699248,0,14.09774436,5.200281096,0.3162333099,0.4216444132,0.1405481377,0,0.1054111033,0.02541106129,0.543348281,0.1315981869,-9.01378579,3643483.843,
07544,川内村,Kawauchi-mura,basic_municipality,,True,True,True,,10.35723334,88.37008214,,46.47749511,9.784735812,9.784735812,1.956947162,0,9.784735812,4.107220061,0.8646779075,0.8646779075,0.1729355815,0,0.08646779075,0.1411378556,0.5317286652,0.0456042564,-4.926108374,3178571.429,
07545,大熊町,Okuma-machi,basic_municipality,,True,True,True,,10.76102147,27.33139722,,28.33530106,1.180637544,4.722550177,7.083825266,0,23.61275089,0.7744433688,0.0322684737,0.1290738948,0.1936108422,0,0.0645369474,0.0187416332,0.9611780455,0.1397535256,7.240547064,3658234.519,
07546,双葉町,Futaba-machi,basic_municipality,,True,True,False,zero_census_population,0,0,,,,,,,,0.1804239964,0,0,0,0,0,,,0.1361338001,-8.877975066,3320754.717,
07547,浪江町,Namie-machi,basic_municipality,,True,True,True,,8.61790804,30.66496572,,50.44201768,6.24024961,8.320332813,4.680187207,0,5.200208008,1.546802743,0.1913570403,0.2551427205,0.1435177803,0,0.01594642003,0.0595463138,0.4102079395,0.1075557946,-21.45981411,3328237.071,
07548,葛尾村,Katsurao-mura,basic_municipality,,True,True,True,,4.978072775,27.29044834,,59.52380952,7.142857143,7.142857143,0,0,23.80952381,1.624431449,0.1949317739,0.1949317739,0,0,0.06497725796,0.2768595041,0.4752066116,0.07111532535,-21.38157895,2842672.414,
07561,新地町,Shinchi-machi,basic_municipality,,True,True,True,,169.2719486,253.6092397,,38.70967742,6.325110689,5.060088552,2.150537634,0,6.325110689,9.817131858,1.604106513,1.28328521,0.5453962143,0,0.1604106513,0.1042929293,0.5527777778,0.2569593148,-6.581598388,3089755.788,
07564,飯舘村,Iitate-mura,basic_municipality,,True,True,True,,5.727197671,23.10659187,,49.31714719,5.31107739,8.345978756,0,0,15.17450683,1.139551192,0.1227208976,0.1928471248,0,0,0.0350631136,0.2314990512,0.3529411765,0.09559814018,-21.74877941,2836538.462,
08201,水戸市,Mito-shi,basic_municipality,,True,True,True,,1245.559544,1463.47859,0.6433677522,45.96486691,10.03749746,7.861536472,4.466446238,1.51467573,8.977224449,67.26859862,14.68966263,11.50519031,6.536548443,0.2216695502,1.313797578,0.02277739273,0.7717771407,0.280692067,-0.1532899386,3831650.535,91.44
08202,日立市,Hitachi-shi,basic_municipality,,True,True,True,,773.0828866,1971.619026,0.8345405368,35.23047654,7.197377771,6.429504665,3.730488001,1.833726821,6.188828019,69.46107784,14.19048695,12.67653373,7.355101119,0.3615410688,1.220201107,0.01156929512,0.6303590101,0.03987064192,-9.014067316,3672397.024,100.86
08203,土浦市,Tsuchiura-shi,basic_municipality,,True,True,True,,1156.107088,1439.598744,0.5932542196,41.30945845,8.847502006,7.320128947,3.906414967,1.970803947,7.601672368,59.46904448,12.73685277,10.53804843,5.623670078,0.2837166886,1.094335799,0.02992963204,0.7084534548,0.2359833998,2.387494614,3525373.045,89.98
08204,古河市,Koga-shi,basic_municipality,,True,True,True,,1127.561094,1202.48533,0.422364795,40.80548858,8.496957171,7.413308072,3.645653921,1.220002296,5.525892755,49.06800138,10.21746634,8.914394201,4.383845357,0.1467034864,0.6644804971,0.03429441654,0.5660775212,0.3884123645,-3.955311418,3349899.856,104.81
08205,石岡市,Ishioka-shi,basic_municipality,,True,True,True,,338.9829722,579.6191987,0.3620810008,38.95375098,8.061756614,7.322648198,3.175428751,1.368719289,6.43298066,22.57834193,4.672748909,4.244347481,1.840539468,0.07933359778,0.3728679096,0.07067357513,0.5965358993,0.283023245,-3.531750004,3179808.899,115.72
08207,結城市,Yuki-shi,basic_municipality,,True,True,True,,770.1490268,804.2718755,0.4392536282,42.09694935,8.608944614,7.542699181,3.317208017,1.579622865,5.33122717,33.85739241,6.923932031,6.066380816,2.667937113,0.1270446244,0.4287756074,0.06263679414,0.5494846592,0.5018248175,-1.433532547,3267414.038,121
08208,龍ケ崎市,Ryugasaki-shi,basic_municipality,,True,True,True,,972.3883446,1114.644107,0.6568306726,30.55482858,6.398848469,5.862339702,3.245223763,1.831981157,5.757655064,34.05775963,7.13243874,6.534422404,3.617269545,0.2042007001,0.6417736289,0.0237955691,0.6766205603,0.3308308945,-13.49493439,3519066.624,107.78
08210,下妻市,Shimotsuma-shi,basic_municipality,,True,True,True,,525.7294758,547.034607,0.1346628725,47.85870511,10.51245267,9.124902989,3.598222055,2.116601209,6.114625714,26.18036794,5.750675415,4.99163772,1.968351988,0.115785411,0.3344911874,0.05861382471,0.5489606,0.4945598417,-7.558650852,3108596.59,119
08211,常総市,Joso-shi,basic_municipality,,True,True,True,,492.0252346,516.6369427,0.1837130552,42.85432488,8.202649834,7.002662985,2.630108163,0.9862905612,4.931452806,22.14012739,4.237791932,3.617834395,1.35881104,0.05095541401,0.2547770701,0.04683680454,0.5379876797,0.4691038499,-7.970823157,3142646.583,121.94
08212,常陸太田市,Hitachiota-shi,basic_municipality,,True,True,True,,130.6540498,547.5047877,0.1728735443,33.35253693,7.201349739,6.604666475,2.304431916,1.440269948,4.115056994,18.26067365,3.94277346,3.616086516,1.261687507,0.07885546919,0.2253013405,0.0768674186,0.6328154927,0.1290357268,-4.138823022,3102294.692,123.84
08214,高萩市,Takahagi-shi,basic_municipality,,True,True,True,,143.1103074,637.7849413,0.2643055706,37.43817466,8.556265569,8.014729774,3.57413625,2.166143182,6.137405683,23.87750403,5.457057334,5.111673958,2.279530279,0.1381533502,0.3914344923,0.02924689252,0.5804695751,0.03616636528,-7.412006675,3073087.071,106.22
08215,北茨城市,Kitaibaraki-shi,basic_municipality,,True,True,True,,223.7860699,719.4664372,,35.74077175,7.727087869,7.10509318,2.60759312,2.870744719,5.023803258,25.71428571,5.559380379,5.111876076,1.876075731,0.2065404475,0.3614457831,0.03546743353,0.5154633974,0.06959687349,-5.47308442,3122466.264,109.52
08216,笠間市,Kasama-shi,basic_municipality,,True,True,True,,304.3801997,543.0278293,0.0702171566,42.80267312,8.883057959,8.295409509,3.457559482,1.366624301,5.329834775,23.24304267,4.823747681,4.504638219,1.87755102,0.07421150278,0.2894248609,0.05728737461,0.6532920349,0.1955074875,-4.478619758,3181016.134,114.83
08217,取手市,Toride-shi,basic_municipality,,True,True,True,,1494.480984,1539.154764,0.7361562895,26.0322988,5.692472542,5.185411963,2.420496728,1.243733497,5.166277601,40.06773671,8.76159623,7.981151524,3.725519069,0.1914298336,0.795170078,0.0175810584,0.7293709692,0.3145553331,-2.758047454,3526704.354,97.09
08219,牛久市,Ushiku-shi,basic_municipality,,True,True,True,,1436.710794,1798.78878,0.8164699767,27.63109709,5.882978346,5.611274527,2.539840049,1.535717239,7.087925719,49.70250744,10.58223544,10.09349766,4.568635784,0.2762430939,1.274968126,0.01799048657,0.7141984003,0.2036659878,1.491290861,3815614.747,100.66
08220,つくば市,Tsukuba-shi,basic_municipality,,True,True,True,,851.7411532,1042.969357,0.3826389579,33.9656371,7.423775946,6.409938094,2.904955805,1.862151157,8.276227365,35.42511869,7.742770824,6.685369012,3.029779888,0.1942166595,0.8631851532,0.02445825019,0.7564369549,0.352460172,9.957528958,4538018.981,89.42
08221,ひたちなか市,Hitachinaka-shi,basic_municipality,,True,True,True,,1561.749451,1662.042246,0.6693340827,32.35386158,7.255030942,6.603610911,3.729699006,2.043670688,6.067147355,53.77348477,12.05816792,10.97548031,6.198917312,0.339666702,1.008385522,0.02195530042,0.6561016419,0.2294035508,-2.605934806,3779024.856,102.68
08222,鹿嶋市,Kashima-shi,basic_municipality,,True,True,True,,631.3655224,845.755432,0.3069604182,34.35399552,7.274085138,6.168782674,3.286034354,1.194921583,5.825242718,29.05507832,6.152097019,5.217281455,2.779181405,0.101061142,0.4926730672,0.03087326253,0.6225880264,0.1886080724,-6.17937041,3626780.229,96.54
08223,潮来市,Itako-shi,basic_municipality,,True,True,True,,386.6106443,551.9696061,,40.17533691,9.129111723,8.078539342,4.745689031,2.535864367,4.347196059,22.17556489,5.038992202,4.459108178,2.619476105,0.1399720056,0.2399520096,0.03838182237,0.6345282874,0.2941176471,-5.94142901,3287071.24,111.6
08224,守谷市,Moriya-shi,basic_municipality,,True,True,True,,1916.017922,2010.608287,0.74100057,31.56925505,5.510004238,5.436927259,2.952309963,1.753847503,6.284620219,63.47340582,11.07846018,10.931531,5.935938877,0.3526300323,1.263590949,0.008681702369,0.7210845837,0.1960235228,3.497884344,4450857.529,103.36
08225,常陸大宮市,Hitachiomiya-shi,basic_municipality,,True,True,True,,112.6904864,303.3371958,,40.46654952,9.499070466,8.735070161,2.67400107,1.528000611,6.112002445,12.27500966,2.881421398,2.649671688,0.8111239861,0.04634994206,0.1853997683,0.0790003177,0.583871651,0.1004448271,-6.761575236,2954534.177,119.25
08226,那珂市,Naka-shi,basic_municipality,,True,True,True,,546.9433654,657.3534832,0.161844417,33.79312923,7.177301783,6.822174872,2.654106389,1.495271205,5.794175919,22.21403121,4.718024327,4.484580415,1.744686079,0.09829217349,0.3808821723,0.04567373662,0.6771082448,0.4191371908,1.617544718,3249866.15,115.49
08227,筑西市,Chikusei-shi,basic_municipality,,True,True,True,,490.7598636,520.875769,0.1395591198,43.0557899,9.002213334,7.890583903,3.176084087,0.9925262771,7.840957589,22.42671768,4.689034793,4.110013959,1.654345241,0.05169828879,0.4084164814,0.07224608051,0.5564550928,0.540672187,-2.705302393,3174166.483,119.33
08228,坂東市,Bando-shi,basic_municipality,,True,True,True,,424.8150858,467.905103,0.1674925859,46.64689563,8.820434325,7.519372429,2.984789056,0.5739978953,5.165981058,21.8263205,4.127126231,3.518352731,1.39659803,0.02685765443,0.2417188899,0.105578192,0.5141888725,0.4470454361,-5.849299043,3129682.875,129.49
08229,稲敷市,Inashiki-shi,basic_municipality,,True,True,True,,189.6846606,242.1924437,,41.16396424,9.272778504,8.504316197,2.331002331,1.536924614,4.610773842,9.969601092,2.245796886,2.059681122,0.5645511508,0.0372231528,0.1116694584,0.08041524636,0.5469992769,0.4178611341,-5.673835513,3064414.526,128.57
08230,かすみがうら市,Kasumigaura-shi,basic_municipality,,True,True,True,,255.9833972,436.4873693,0.3956145384,35.89692419,6.336218724,5.163768803,1.771147754,1.24728715,5.488063462,15.66855401,2.765679443,2.253919861,0.7730836237,0.05444250871,0.2395470383,0.1048643363,0.5822048399,0.2745849298,-1.478956208,3294847.021,113.68
08231,桜川市,Sakuragawa-shi,basic_municipality,,True,True,True,,217.2720204,380.1574191,,46.77674965,10.07105976,9.023056081,2.837278258,1.022442615,5.623434385,17.78252842,3.828588087,3.430181712,1.07861238,0.03886891459,0.2137790302,0.06933457422,0.5617082881,0.2887926247,-6.350471635,3053626.401,129.37
08232,神栖市,Kamisu-shi,basic_municipality,,True,True,True,,649.4794856,685.0929448,0.2709786913,43.13072265,7.39623274,5.84574769,4.022880131,1.676200054,4.400025143,29.54855379,5.067106869,4.0048805,2.756046795,0.1148352831,0.3014426182,0.05056191801,0.5506582468,0.1701027421,-2.537692193,3660117.094,101.22
08233,行方市,Namegata-shi,basic_municipality,,True,True,True,,144.664689,261.1782845,,45.05204288,9.942519807,8.886127078,2.516700326,1.242814976,4.66055616,11.76661527,2.596770267,2.320863426,0.6573074738,0.03245962834,0.1217236063,0.223100546,0.4885122839,0.2876663071,-4.475480083,3177981.651,131.58
08234,鉾田市,Hokota-shi,basic_municipality,,True,True,True,,221.3535645,298.6288017,,34.99227472,8.312841381,7.442386786,2.393750136,1.523295541,4.134659326,10.44970107,2.48245386,2.222511048,0.7148427346,0.0454899922,0.123472836,0.2768705216,0.451049825,0.4094412331,-20.77916497,3103497.284,126.63
08235,つくばみらい市,Tsukubamirai-shi,basic_municipality,,True,True,True,,630.0151592,727.6334987,0.2562159127,27.95155598,5.032884184,4.591754893,1.744465833,1.203079885,5.012832852,20.33848847,3.662095127,3.341114678,1.269331777,0.08754012256,0.3647505107,0.03564880831,0.6594011,0.4421424962,1.943816235,3869039.896,108.55
08236,小美玉市,Omitama-shi,basic_municipality,,True,True,True,,337.639906,430.6865251,,35.89113976,7.30509515,5.995498261,1.636996112,1.227747084,3.887865766,15.45783026,3.146206046,2.582180312,0.7050321671,0.05287741253,0.1674451397,0.1023622047,0.5597567631,0.3661738289,-0.06187863537,3127914.419,109.4
08302,茨城町,Ibaraki-machi,basic_municipality,,True,True,True,,258.2743872,344.0828402,,38.05611286,8.662144518,6.878761823,1.719690456,2.229228369,6.050762715,13.0944554,2.980495288,2.366863905,0.5917159763,0.07670392286,0.208196362,0.1469822779,0.605775189,0.4030268136,2.48992563,3115233.016,119.94
08309,大洗町,Oarai-machi,basic_municipality,,True,True,True,,657.8066136,879.8992161,0.6930321349,52.17944639,13.10849507,11.58129176,6.108813236,1.272669424,6.363347121,45.91265398,11.53415454,10.19036954,5.375139978,0.1119820829,0.5599104143,0.05737384274,0.6729690964,0.209292591,-26.58301533,3181138.164,113.86
08310,城里町,Shirosato-machi,basic_municipality,,True,True,True,,111.8479604,287.1172458,,33.26518207,7.570315522,6.741448859,1.381444438,1.105155551,6.078355529,9.551007457,2.173568142,1.935586229,0.3966365223,0.03173092178,0.1745200698,0.0880590627,0.6007917826,0.1483312732,-3.501242376,2889725.938,121.93
08341,東海村,Tokai-mura,basic_municipality,,True,True,True,,997.1315789,1153.104078,0.4358818717,29.69042781,5.225515294,4.829642923,2.48080019,1.583489483,4.222638621,34.23615338,6.025562995,5.569080949,2.860620816,0.182592818,0.4869141814,0.02566945723,0.7118146033,0.2368421053,1.310581636,3833931.629,104.4
08364,大子町,Daigo-machi,basic_municipality,,True,True,True,,48.30550098,224.543379,,55.92272496,15.31520081,15.12455516,4.511947128,0.6354855109,3.177427555,12.55707763,3.438926941,3.396118721,1.013127854,0.01426940639,0.07134703196,0.1444141689,0.5475541715,0.05832514735,-4.684486084,2698057.579,119.39
08442,美浦村,Miho-mura,basic_municipality,,True,True,True,,219.2163339,508.7804878,,40.26845638,5.615669086,5.410217778,3.081769621,0.6848376935,3.424188467,20.48780488,2.857142857,2.75261324,1.567944251,0.03484320557,0.1742160279,0.0584045584,0.6435897436,0.1651403693,-7.629273806,3517630.896,
08443,阿見町,Ami-machi,basic_municipality,,True,True,True,,680.0140056,911.1090261,0.5771836962,30.85288242,6.425967499,6.714312195,2.862850905,1.235762981,5.76689391,28.11033965,5.85475699,6.117470445,2.6083693,0.1125914806,0.5254269094,0.0362630868,0.6775160419,0.2521008403,7.352496827,3437467.589,98.05
08447,河内町,Kawachi-machi,basic_municipality,,True,True,True,,185.8013544,185.8013544,,37.78398736,8.139958693,6.803547564,1.336411129,0,3.644757624,7.020316027,1.51241535,1.264108352,0.2483069977,0,0.06772009029,0.1419308357,0.5561959654,0.6320541761,-6.03260172,2988831.874,
08521,八千代町,Yachiyo-machi,basic_municipality,,True,True,True,,356.4332938,376.5401146,,41.75782365,7.466945686,6.182821269,1.71216589,0.4756016361,2.37800818,15.7234957,2.811604585,2.328080229,0.6446991404,0.01790830946,0.08954154728,0.1922472499,0.4395844247,0.5933209018,2.51399298,3156880.124,132.57
08542,五霞町,Goka-machi,basic_municipality,,True,True,True,,350.1947209,353.2518551,,52.02026443,6.178178673,5.066106512,2.594835043,2.471271469,3.706907204,18.37625491,2.182453077,1.789611523,0.9166302924,0.08729812309,0.1309471846,0.06263145595,0.5183454078,0.3894418001,-6.807008698,3061241.611,
08546,境町,Sakai-machi,basic_municipality,,True,True,True,,519.4462331,550.3979986,0.3104003967,52.51849097,12.06561712,10.61939589,3.884137019,2.479236395,4.95847279,28.90607232,6.640891517,5.844894246,2.137821242,0.136456675,0.27291335,0.07010531171,0.5243293105,0.4722043357,4.844765634,3184125.27,117.37
08564,利根町,Tone-machi,basic_municipality,,True,True,True,,617.0555109,633.8842975,0.414928292,23.07692308,4.82398957,5.149934811,1.434159061,1.303780965,6.518904824,14.62809917,3.05785124,3.26446281,0.9090909091,0.0826446281,0.4132231405,0.04662042265,0.7186643007,0.4827031376,-23.55142599,3016264.09,119.08
09201,宇都宮市,Utsunomiya-shi,basic_municipality,,True,True,True,,1244.469234,1541.625557,0.7780444408,40.39078027,8.39506744,6.837498096,3.87850188,1.7156395,8.346875319,62.26745914,12.94205052,10.54086181,5.979197623,0.26448737,1.286775632,0.02324217544,0.6862460646,0.2854743913,0.5246844606,3937200.691,93.1
09202,足利市,Ashikaga-shi,basic_municipality,,True,True,True,,814.2776778,1471.444546,0.6302695757,43.34489381,8.905254722,7.758418195,3.889572078,1.381730756,7.806778771,63.7796076,13.10358849,11.41608214,5.723289621,0.2033140185,1.148724205,0.01791014813,0.6044137259,0.1237623762,-2.491878191,3314462.863,108.08
09203,栃木市,Tochigi-shi,basic_municipality,,True,True,True,,469.2277526,627.9733549,0.3883727957,41.9353387,8.8332294,7.476743663,3.40728645,1.285768472,8.100341372,26.33427533,5.547032701,4.695195801,2.139685103,0.08074283407,0.5086798547,0.05416048621,0.5966842126,0.2895927602,0.4376567726,3304755.79,110.17
09204,佐野市,Sano-shi,basic_municipality,,True,True,True,,326.4464667,841.0130246,0.4615497126,50.62463434,11.434422,10.0147985,4.757889665,1.376604605,8.689816567,42.57597685,9.616497829,8.422575977,4.001447178,0.1157742402,0.7308248915,0.02476469137,0.6113794197,0.1123469273,-0.2035614402,3297415.569,106.57
09205,鹿沼市,Kanuma-shi,basic_municipality,,True,True,True,,191.6537584,607.0561653,0.427860432,45.64355067,9.198898259,7.433560559,3.254176725,1.276147735,7.125158189,27.70819884,5.584247902,4.512588767,1.975468044,0.07746933505,0.4325371207,0.06422303171,0.5814430002,0.1100603294,-0.7320092578,3305132.925,113.84
09206,日光市,Nikko-shi,basic_municipality,,True,True,True,,53.56559045,328.8908652,0.09071477318,49.85771494,10.19816897,9.966392398,6.425361507,1.030118077,6.695767502,16.397747,3.354084614,3.277855419,2.113242705,0.03387964257,0.2202176767,0.05023076923,0.6520769231,0.03724574605,-4.449994022,3023911.212,114.08
09208,小山市,Oyama-shi,basic_municipality,,True,True,True,,970.3988355,1001.959841,0.6118824475,39.67815871,8.196032784,6.726026904,3.69001476,1.92000768,7.32002928,39.75592161,8.212095708,6.739208849,3.697246603,0.192377059,0.7334375376,0.03324786007,0.6114063448,0.4483260553,2.486906289,3669597.259,98.87
09209,真岡市,Moka-shi,basic_municipality,,True,True,True,,467.2523007,510.7453132,0.3472822612,37.05077376,7.277145415,7.02135823,3.286865328,1.151042333,8.5688707,18.92350905,3.716767914,3.586125808,1.678751061,0.05878894768,0.4376510549,0.1008551752,0.5235236245,0.4720927453,-6.476419192,3294141.734,114.4
09210,大田原市,Ohtawara-shi,basic_municipality,,True,True,True,,203.4287166,355.5111703,0.2431228932,40.7285641,8.434253055,8.142938394,3.9951725,1.664655208,7.074784635,14.47945949,2.998471174,2.894905558,1.420328451,0.05918035212,0.2515164965,0.1055217464,0.5304003127,0.3075967942,-3.511968613,3213081.913,107.95
09211,矢板市,Yaita-shi,basic_municipality,,True,True,True,,182.8288161,422.920342,0.3192042355,39.40317664,9.144874057,8.214343013,3.240815017,0.9626183218,6.096582705,16.66440494,3.867553264,3.474012756,1.370606595,0.04071108699,0.2578368842,0.07654254964,0.607326693,0.1759943682,-5.777467875,3217835.41,120.87
09213,那須塩原市,Nasushiobara-shi,basic_municipality,,True,True,True,,194.3685258,523.1824168,0.267850013,43.49448833,9.738737957,9.200590227,4.678413332,1.562364378,5.641871365,22.75555152,5.095136461,4.813587031,2.447663594,0.08174015712,0.2951727896,0.06305329088,0.5890514014,0.1602726322,0.5535805416,3353829.006,107.15
09214,さくら市,Sakura-shi,basic_municipality,,True,True,True,,354.3182361,438.465327,,32.10298115,7.525891313,7.413564577,2.65091097,1.12326736,6.964257633,14.07604413,3.299842396,3.250591017,1.162332545,0.04925137904,0.30535855,0.08131997643,0.6169257967,0.4218737563,3.427787934,3468546.098,117.77
09215,那須烏山市,Nasukarasuyama-shi,basic_municipality,,True,True,True,,142.6727846,266.8991416,,46.3919598,9.366834171,8.884422111,3.135678392,1.206030151,6.834170854,12.38197425,2.5,2.371244635,0.8369098712,0.0321888412,0.1824034335,0.09872843606,0.5556005507,0.2064812159,-8.006132357,2998303.055,133.48
09216,下野市,Shimotsuke-shi,basic_municipality,,True,True,True,,797.7879072,831.2194441,0.5843010066,33.59268657,6.469827079,5.814441998,2.453492866,1.512427109,10.41894231,27.92289426,5.377846068,4.833077245,2.039390976,0.1257158821,0.8660427434,0.06231473996,0.6666666667,0.5094516691,2.862978837,4101397.349,109.08
09301,上三川町,Kaminokawa-machi,basic_municipality,,True,True,True,,566.3908807,581.9040423,,34.24657534,6.654547815,5.226254626,2.402129455,1.623060443,6.167629683,19.92822063,3.872308274,3.041178693,1.39780884,0.09444654326,0.3588968644,0.08284438776,0.5554209184,0.4780290495,-2.504227917,3531889.128,120.4
09342,益子町,Mashiko-machi,basic_municipality,,True,True,True,,244.9440716,431.913215,,43.88528633,8.356927573,8.67659147,3.242305233,1.826650836,6.849940634,18.95463511,3.609467456,3.747534517,1.400394477,0.07889546351,0.2958579882,0.06856187291,0.5386375638,0.2460850112,-3.183520599,3062054.824,133.2
09343,茂木町,Motegi-machi,basic_municipality,,True,True,True,,68.8574903,191.6975657,,43.81464974,10.59624926,10.17576318,2.859305357,0.8409721638,8.409721638,8.399161696,2.031275189,1.950669031,0.5481218765,0.01612123166,0.1612123166,0.1263193165,0.5781537946,0.110023742,-6.486676017,2891426.109,
09344,市貝町,Ichikai-machi,basic_municipality,,True,True,True,,175.2840467,278.2802076,,35.07369917,6.748357308,6.481974782,1.864677677,0.887941751,6.215592257,9.760316284,1.877934272,1.803805288,0.518902891,0.02470966148,0.1729676303,0.1092632629,0.5399966739,0.2957198444,-10.38562269,3222003.543,
09345,芳賀町,Haga-machi,basic_municipality,,True,True,True,,213.2411631,240.414591,,37.16329122,6.617204732,5.347236147,2.205734911,2.005213555,6.684045184,8.934597461,1.59087257,1.285553592,0.5302908565,0.04820825968,0.1606941989,0.1636885353,0.5170209991,0.5273660205,-0.3901931456,3322763.984,
09361,壬生町,Mibu-machi,basic_municipality,,True,True,True,,646.4788732,691.5557113,0.5070679435,37.03703704,7.143942848,6.535947712,3.242640726,1.773319147,9.373258347,25.61317449,4.940434478,4.519971969,2.242466713,0.1226348984,0.6482130343,0.06401845208,0.6302409021,0.4585653456,1.337178815,3483649.971,116.61
09364,野木町,Nogi-machi,basic_municipality,,True,True,True,,823.0260984,884.3805467,0.5948300084,29.14141211,5.097740136,4.254806727,1.846425561,0.8027937222,5.218159194,25.77209798,4.508342208,3.7628683,1.632942847,0.07099751509,0.4614838481,0.04371350052,0.6166265888,0.396432111,-10.8166794,3337559.851,111.91
09384,塩谷町,Shioya-machi,basic_municipality,,True,True,True,,58.80949676,162.3392913,,39.30847981,7.050415298,7.050415298,2.994011976,0,6.760672204,6.381310756,1.144559423,1.144559423,0.4860457824,0,0.1097522734,0.1345724907,0.5381040892,0.1533568102,-12.9644753,2957673.209,
09386,高根沢町,Takanezawa-machi,basic_municipality,,True,True,True,,412.4312121,440.9262332,0.5425433645,27.74641623,4.823976188,4.755550994,1.984330631,0.3421259708,5.131889562,12.23412279,2.12701765,2.096847187,0.8749434304,0.01508523156,0.2262784734,0.07827134065,0.5986754081,0.5503033724,3.927702468,3629548.351,107.65
09407,那須町,Nasu-machi,basic_municipality,,True,True,True,,64.33904496,152.8878678,,58.64919018,9.767907831,10.35231257,6.094506595,1.669727834,5.426615462,8.966749633,1.493394601,1.582742996,0.9317761185,0.02552811283,0.08296636671,0.1335816924,0.5886109633,0.1477144545,-0.8861881251,2974935.799,129.83
09411,那珂川町,Nakagawa-machi,basic_municipality,,True,True,True,,78.92416226,215.8462193,,45.87578048,10.58166283,10.97601052,3.614853763,1.314492277,5.257969109,9.902113775,2.284011917,2.369130373,0.7802525181,0.02837281884,0.1134912754,0.1446627456,0.5098235515,0.1400560224,-12.88586803,2858246.557,142.8
10201,前橋市,Maebashi-shi,basic_municipality,,True,True,True,,1065.980936,1391.666318,0.5946728727,44.89852446,8.827363623,7.273843968,3.883799138,1.806418204,10.23636982,62.48376419,12.28474463,10.12276365,5.404952445,0.251393137,1.424561109,0.0405236987,0.7072984625,0.2599569948,1.285245503,3759534.909,102.55
10202,高崎市,Takasaki-shi,basic_municipality,,True,True,True,,812.2941894,1524.765954,0.5409372796,44.23108375,9.394781928,7.528695107,4.045869272,1.608695536,9.437680476,67.44205061,14.32484363,11.47949798,6.16900372,0.2452884183,1.439025387,0.02360980468,0.6848945941,0.1263176235,-0.05191654006,3891554.109,104.19
10203,桐生市,Kiryu-shi,basic_municipality,,True,True,True,,387.8484241,1366.95775,0.6363004368,49.9694678,9.807882005,9.140870872,4.70665602,1.033397529,9.112687303,68.30615128,13.40696032,12.49518428,6.433799923,0.1412610762,1.245665853,0.02440129195,0.6155073263,0.0473674622,-4.793200573,3284997.572,107.1
10204,伊勢崎市,Isesaki-shi,basic_municipality,,True,True,True,,1519.291452,1522.89555,0.5040075525,38.5367005,7.637479349,6.938871843,2.775548737,1.604909134,7.222091102,58.68736971,11.63108332,10.56717705,4.226870822,0.2444108979,1.09984904,0.03378712871,0.5817307692,0.3012048193,0.8958714472,3332543.944,102.64
10205,太田市,Ota-shi,basic_municipality,,True,True,True,,1270.445483,1338.860539,0.397970531,42.32918113,8.111598375,6.439057638,3.389921709,1.434887496,6.950236308,56.67287026,10.86029897,8.62100018,4.538632407,0.1921114246,0.930539713,0.03121612023,0.5558712475,0.3304090236,4.554522022,3558434.183,104.68
10206,沼田市,Numata-shi,basic_municipality,,True,True,True,,102.2346999,451.6537159,0.3751020138,53.66477711,12.32988508,11.57994574,5.029005007,1.543992765,9.263956592,24.237896,5.568838414,5.230125523,2.271368799,0.06973500697,0.4184100418,0.1170120898,0.6144214162,0.06990483922,-6.776624093,3201051.384,112.43
10207,館林市,Tatebayashi-shi,basic_municipality,,True,True,True,,1235.181237,1241.28894,0.5253555352,43.64684168,9.37470953,8.219469121,5.112270778,1.062290032,6.904885206,54.17834185,11.63672326,10.20273611,6.345805176,0.1318608868,0.857095764,0.0373979387,0.5998661491,0.3608331967,0.8823489486,3383909.962,105.04
10208,渋川市,Shibukawa-shi,basic_municipality,,True,True,True,,310.4049611,703.6607227,0.1635537201,46.49977876,8.809214143,7.749963127,3.80794036,1.34082407,7.374532388,32.72006793,6.19869799,5.453344655,2.679498066,0.09434852345,0.518916879,0.05530565792,0.6321265987,0.1539934241,-1.52587044,3180232.928,123.56
10209,藤岡市,Fujioka-shi,basic_municipality,,True,True,True,,350.8846858,838.3381924,0.2711307124,41.03634151,8.235721851,7.761496024,2.560819462,1.422677479,6.95531212,34.40233236,6.90432017,6.506758548,2.146832759,0.1192684866,0.583090379,0.04132493113,0.5944773425,0.0942925287,-6.742376241,3192493.817,114.45
10210,富岡市,Tomioka-shi,basic_municipality,,True,True,True,,386.2108262,631.8551072,0.1990262614,50.24659613,9.610926105,8.578173081,4.173165283,1.26459554,8.852168781,31.74856838,6.072712745,5.420162472,2.636835797,0.07990411506,0.5593288054,0.06496372046,0.5313361904,0.1546601547,-2.125210307,3249058.474,120.04
10211,安中市,Annaka-shi,basic_municipality,,True,True,True,,198.7152112,495.0590569,,37.5726228,7.23040778,7.376108693,2.167301073,1.092756843,7.285045623,18.60066721,3.579478857,3.651609413,1.072942025,0.05409791723,0.3606527815,0.04079188653,0.5931664234,0.1194310738,-3.922662205,3386074.349,117.39
10212,みどり市,Midori-shi,basic_municipality,,True,True,True,,238.2113041,1142.121003,0.1898364486,44.59394135,9.446503384,8.983242024,3.504672897,2.014179826,6.646793426,50.93167702,10.78904992,10.25994939,4.002760524,0.2300437083,0.7591442374,0.04508410615,0.5964912281,0.04318203627,-3.445430163,3219962.091,112.8
10344,榛東村,Shinto-mura,basic_municipality,,True,True,True,,509.1690544,965.7608696,,30.74001125,4.642656162,3.65785031,1.547552054,0.7034327518,3.517163759,29.6875,4.483695652,3.532608696,1.494565217,0.06793478261,0.339673913,0.05053917111,0.6635052618,0.2148997135,1.503348367,3166544.709,
10345,吉岡町,Yoshioka-machi,basic_municipality,,True,True,True,,1065.102639,1297.142857,,29.68979442,6.837371512,6.378487518,2.477973568,3.212187959,7.342143906,38.51190476,8.869047619,8.273809524,3.214285714,0.4166666667,0.9523809524,0.03368381874,0.6934958593,0.2443792766,6.006271254,3417286.068,111.51
10366,上野村,Ueno-mura,basic_municipality,,True,True,True,,6.20291449,95.51227773,,79.78723404,17.73049645,21.27659574,5.319148936,0,8.865248227,7.620660457,1.693480102,2.032176122,0.5080440305,0,0.08467400508,0.2115027829,0.5918367347,0.005499037668,-8.902077151,2535279.805,
10367,神流町,Kanna-machi,basic_municipality,,True,True,True,,14.35427574,123.4984985,,99.0881459,30.39513678,29.78723404,3.039513678,0,18.23708207,12.23723724,3.753753754,3.678678679,0.3753753754,0,0.2252252252,0.08785942492,0.6453674121,0.00872600349,-21.83984116,2692631.579,
10382,下仁田町,Shimonita-machi,basic_municipality,,True,True,True,,34.90816435,248.5260771,,65.08515815,12.6216545,11.55717762,5.322384428,0,6.082725061,16.17535903,3.13681028,2.872260015,1.322751323,0,0.1511715797,0.1106277191,0.5034182722,0.02654209576,-5.380727213,2838709.677,
10383,南牧村,Nammoku-mura,basic_municipality,,True,True,True,,13.55718253,121.1278195,,65.17690875,12.41464929,11.17318436,3.103662322,0,24.82929857,7.894736842,1.503759398,1.353383459,0.3759398496,0,0.3007518797,0.1028481013,0.5886075949,0.008415383321,-6.306937631,2572961.373,
10384,甘楽町,Kanra-machi,basic_municipality,,True,True,True,,213.1206279,499.839936,,50.19614122,7.605475943,6.724841886,1.681210472,1.60115283,10.4074934,25.09003601,3.801520608,3.361344538,0.8403361345,0.08003201281,0.5202080832,0.08424524059,0.5002248538,0.1535574134,1.455368693,3093938.253,
10421,中之条町,Nakanojo-machi,basic_municipality,,True,True,True,,35.02549627,216.3994374,,52.19030287,11.24398804,11.11399974,5.524502795,1.299883011,10.39906408,11.29395218,2.433192686,2.405063291,1.195499297,0.02812939522,0.2250351617,0.09669442998,0.6836283186,0.02731742852,-19.61468658,2949371.119,121.73
10424,長野原町,Naganohara-machi,basic_municipality,,True,True,True,,38.06499813,127.1207585,,82.82630029,12.95387635,12.95387635,7.850834151,3.925417076,9.813542689,10.52894212,1.646706587,1.646706587,0.998003992,0.0499001996,0.124750499,0.1588319088,0.6691595442,0.08965259619,-14.56119638,3021407.987,
10425,嬬恋村,Tsumagoi-mura,basic_municipality,,True,True,True,,26.21600806,88.52655797,,63.38983051,10.28248588,9.039548023,5.084745763,0,5.649717514,5.611683505,0.9102730819,0.800240072,0.4501350405,0,0.0500150045,0.3210339384,0.5607734807,0.1184904319,-31.85274992,3167369.902,
10426,草津町,Kusatsu-machi,basic_municipality,,True,True,True,,121.5879397,320.0529101,,101.3390643,17.85419078,17.52355761,15.37444206,0,6.61266325,32.43386243,5.714285714,5.608465608,4.920634921,0,0.2116402116,0.01083358411,0.8883538971,0.02010050251,-17.1758877,2851940.095,
10428,高山村,Takayama-mura,basic_municipality,,True,True,True,,54.70551574,226.0785576,,37.59612646,4.272287098,3.702648818,1.424095699,2.848191398,14.24095699,8.499678042,0.9658725048,0.8370895042,0.3219575016,0.06439150032,0.3219575016,0.1294964029,0.6037170264,0.07790588969,11.04294479,2827095.808,
10429,東吾妻町,Higashiagatsuma-machi,basic_municipality,,True,True,True,,50.12799811,224.9955807,,47.06159648,10.37083595,9.74230044,2.592708988,2.357008171,6.285355123,10.58865123,2.333392257,2.191974545,0.5833480643,0.05303164221,0.1414177126,0.1456019213,0.5824076854,0.06695285731,-8.042450875,2864397.109,
10443,片品村,Katashina-mura,basic_municipality,,True,True,True,,10.19246477,125.7241814,,83.64638117,9.266215878,8.514901077,4.007012271,0,5.008765339,10.5163728,1.164987406,1.070528967,0.5037783375,0,0.06297229219,0.2105490705,0.5961954172,0.0178680825,-3.818737271,2792932.862,
10444,川場村,Kawaba-mura,basic_municipality,,True,True,True,,40.82111437,303.1358885,,36.7816092,5.172413793,4.885057471,2.011494253,2.873563218,8.620689655,11.14982578,1.567944251,1.480836237,0.6097560976,0.08710801394,0.2613240418,0.2570740518,0.5249849488,0.05865102639,-12.44534141,2886572.143,
10448,昭和村,Showa-mura,basic_municipality,,True,True,True,,108.4034924,178.3277764,,34.22982885,6.472026463,5.896735222,1.294405293,1.438228103,2.876456206,6.104129264,1.154142088,1.05155168,0.2308284175,0.02564760195,0.0512952039,0.4355842912,0.3831417625,0.3585905831,5.621216489,3234693.878,
10449,みなかみ町,Minakami-machi,basic_municipality,,True,True,True,,22.01439033,102.8470602,,56.4117476,10.93341088,10.52631579,5.350392556,0.5815644083,4.070950858,5.801782403,1.124469167,1.082600634,0.5502721455,0.005981218972,0.04186853281,0.103980322,0.6749776386,0.02048445742,-5.01356612,2807558.645,109.25
10464,玉村町,Tamamura-machi,basic_municipality,,True,True,True,,1398.525989,1407.259953,0.1515227159,31.50829312,5.491762356,4.215898375,1.553225717,0.8320852055,6.101958174,44.34035909,7.728337237,5.932864949,2.18579235,0.1170960187,0.8587041374,0.02734941701,0.6294664446,0.310318076,-1.852891634,3183528.995,98.54
10521,板倉町,Itakura-machi,basic_municipality,,True,True,True,,336.4309603,336.5113501,,41.04239154,8.44990414,7.313782575,2.130227934,1.420151956,4.970531847,13.81123059,2.84348865,2.461170848,0.7168458781,0.04778972521,0.1672640382,0.1538776625,0.5173402512,0.5016722408,-8.394621499,3174197.883,
10522,明和町,Meiwa-machi,basic_municipality,,True,True,True,,554.0733198,554.6381244,,34.00110274,4.686638486,3.951479507,2.02168719,0,3.675794891,18.85830785,2.599388379,2.191641182,1.121304791,0,0.2038735984,0.05949161709,0.5518298179,0.3564154786,-1.581248256,3224434.765,
10523,千代田町,Chiyoda-machi,basic_municipality,,True,True,True,,499.8159227,506.3403263,,45.57591382,6.445078722,5.708498297,2.578031489,1.841451063,4.603627659,23.07692308,3.263403263,2.89044289,1.305361305,0.09324009324,0.2331002331,0.04972677596,0.506557377,0.4141739531,-1.10619469,3224948.454,
10524,大泉町,Oizumi-machi,basic_municipality,,True,True,True,,2334.387133,2336.979456,0.8726745706,33.59547625,6.985198033,6.248663546,3.706431609,1.663142389,5.702202476,78.51193781,16.3242643,14.60299833,8.661854525,0.3886729595,1.332593004,0.007561891918,0.4696561025,0.1109262341,7.75454349,3083171.473,86.27
10525,邑楽町,Ora-machi,basic_municipality,,True,True,True,,820.3792993,829.9837398,,36.63505995,6.935193167,5.79891858,2.546822349,1.567275292,6.660919991,30.40650407,5.756097561,4.81300813,2.113821138,0.1300813008,0.5528455285,0.04063894762,0.5575131157,0.450016072,-6.690664371,3185377.899,120.83
11100,さいたま市,Saitama-shi,designated_city,,True,False,True,,6089.431081,6170.309442,0.9391189743,30.38688847,5.584486698,4.670606673,2.534695342,1.495440041,7.605596571,187.4965048,34.458011,28.81908845,15.6398546,0.9227327803,4.692888433,0.006932479069,0.7845002838,0.1425746217,5.30099963,4471834.914,81.32
11101,西区,Nishi-ku,designated_city_ward,11100,False,True,False,overlapping_hierarchy,3210.817308,3247.620702,0.7602220345,22.29970374,3.358324688,3.208590466,1.080225457,1.069530155,5.133744746,72.42097951,10.90656478,10.42028482,3.508162556,0.3473428274,1.667245571,0.01017950691,0.7607567594,,5.899766729,,92.54
11102,北区,Kita-ku,designated_city_ward,11100,False,True,False,overlapping_hierarchy,8851.838671,8857.091988,0.9985995899,29.83744522,7.189665108,4.35534233,2.137468005,1.809142199,7.102558261,264.272997,63.67952522,38.57566766,18.93175074,1.602373887,6.290801187,0.003075922037,0.7907485729,,8.364103175,,79.09
11103,大宮区,Omiya-ku,designated_city_ward,11100,False,True,False,overlapping_hierarchy,9201.875,9216.27543,0.9975039055,62.0882293,12.97289954,11.09658358,7.157169055,2.462134076,16.38592678,572.2222222,119.5618153,102.2691706,65.96244131,2.269170579,15.10172144,0.002530401223,0.806178548,,13.17069698,,81.17
11104,見沼区,Minuma-ku,designated_city_ward,11100,False,True,False,overlapping_hierarchy,5377.940697,5456.165289,0.925622088,23.76264019,4.410811335,3.689813328,1.672230671,1.575289762,5.513514169,129.6528926,24.0661157,20.1322314,9.123966942,0.8595041322,3.008264463,0.0120494186,0.7742877907,,7.802254253,,88
11105,中央区,Chuo-ku,designated_city_ward,11100,False,True,False,overlapping_hierarchy,12308.58164,12308.58164,1,28.7985746,5.112860587,4.328501293,2.488646157,1.743020655,8.811937755,354.4696067,62.93206198,53.27771156,30.63170441,2.145411204,10.84624553,0.001873217251,0.8067393248,,0.4752160293,,73.07
11106,桜区,Sakura-ku,designated_city_ward,11100,False,True,False,overlapping_hierarchy,5292.972103,5359.098316,0.9689542981,24.36626428,3.851572557,2.827865114,1.723071933,1.21628607,3.851572557,130.5812059,20.640956,15.15480717,9.234111896,0.6518196632,2.0640956,0.004616049298,0.7706755804,,4.409025047,,68.25
11107,浦和区,Urawa-ku,designated_city_ward,11100,False,True,False,overlapping_hierarchy,14319.89574,14369.83435,0.9997451796,34.03065125,5.684920702,5.618182039,3.676693645,1.092087221,11.16355826,489.0148213,81.69136879,80.73234525,52.83347864,1.569311247,16.0418483,0.001742643273,0.8236233778,,-0.2826605424,,77.8
11108,南区,Minami-ku,designated_city_ward,11100,False,True,False,overlapping_hierarchy,13861.28799,13871.32513,0.9998329531,23.92424424,3.680251406,3.022504346,1.811414522,1.357255838,6.316459859,331.8609703,51.04996379,41.92614048,25.12671977,1.8826937,8.761766836,0.002314502719,0.7911666891,,2.8899221,,73.96
11109,緑区,Midori-ku,designated_city_ward,11100,False,True,False,overlapping_hierarchy,4853.290469,5022.348337,0.9312193639,22.80998434,4.332883939,4.060130454,1.613142042,1.246873076,6.000576679,114.5596869,21.76125245,20.39138943,8.101761252,0.626223092,3.01369863,0.0144028738,0.7820929917,,9.204890469,,90.43
11110,岩槻区,Iwatsuki-ku,designated_city_ward,11100,False,True,False,overlapping_hierarchy,2274.049217,2315.489749,0.700871976,35.44247194,5.768456826,5.061932657,2.056969101,1.430935027,5.187139471,82.06668047,13.35680265,11.72085318,4.762890868,0.3313315386,1.201076828,0.02218516486,0.7041626208,,1.275248584,,96.09
11201,川越市,Kawagoe-shi,basic_municipality,,True,True,True,,3249.069917,3336.510774,0.8094542419,30.37473454,5.869064306,5.338846099,2.792106517,1.438357903,5.979056381,101.3456291,19.58219629,17.81311753,9.315893479,0.4799096641,1.994918604,0.01704140478,0.7282252316,0.2932282599,4.268646986,3873529.004,87.15
11202,熊谷市,Kumagaya-shi,basic_municipality,,True,True,True,,1216.46227,1250.016074,0.5634698969,40.12036108,8.713319446,6.846179564,3.904019752,1.645963532,7.664017694,50.15109625,10.89178937,8.557834501,4.880087443,0.2057480872,0.958014531,0.02761892384,0.685425873,0.3503941935,0.0261880195,3630287.973,105.14
11203,川口市,Kawaguchi-shi,basic_municipality,,True,True,True,,9592.800646,9680.306239,0.981200591,32.07106486,4.920289294,4.287584515,2.318795707,1.228389598,5.552994073,310.4577293,47.62990715,41.50513113,22.44665255,1.189118749,5.375468317,0.005733157293,0.7340007189,0.06456820016,0.912013723,3959449.696,73.98
11206,行田市,Gyoda-shi,basic_municipality,,True,True,True,,1164.868869,1167.463617,0.601091367,37.62544997,7.250340257,6.321787908,3.04005495,1.271989519,5.215157027,43.92634393,8.464508465,7.38045738,3.549153549,0.1485001485,0.6088506089,0.02576278301,0.6445680405,0.4445102978,0.9633416395,3332732.648,106.54
11207,秩父市,Chichibu-shi,basic_municipality,,True,True,True,,103.2725888,752.3197176,0.4400073734,51.9656802,10.15517646,9.350806046,6.300901565,1.508194524,9.887052988,39.09480585,7.639939486,7.034795764,4.740292486,0.1134644478,0.7438224912,0.02776094936,0.6436691494,0.0173061281,-5.191218625,3154950.24,114.27
11208,所沢市,Tokorozawa-shi,basic_municipality,,True,True,True,,4749.188739,5171.609786,0.8915856849,27.48610073,5.118786208,4.853064848,2.315571856,1.226406279,6.570033639,142.1473875,26.47236484,25.09815766,11.97523407,0.6342494715,3.397765026,0.01191306717,0.7826612716,0.1941478297,1.182412706,4011855.556,78.65
11209,飯能市,Hanno-shi,basic_municipality,,True,True,True,,416.2703963,1688.256303,0.6853324374,34.48190042,6.57035129,6.271698958,3.534052588,1.244384714,5.599731213,58.21428571,11.09243697,10.58823529,5.966386555,0.2100840336,0.9453781513,0.01150970795,0.704162857,0.0259000259,-0.2052255557,3574572.059,99.35
11210,加須市,Kazo-shi,basic_municipality,,True,True,True,,837.3818455,838.1363568,0.3704164912,33.27271261,6.271109001,5.536493375,2.463649965,0.8958727144,4.748125386,27.88707013,5.256044451,4.640336387,2.064874606,0.0750863493,0.3979576513,0.04517525357,0.6432750683,0.48012003,4.597475406,3370244.904,109.62
11211,本庄市,Honjo-shi,basic_municipality,,True,True,True,,876.0062437,1198.794629,0.5742086574,41.22491059,8.387531978,7.72569334,4.505593809,1.781873258,6.872939709,49.4202014,10.05492829,9.261519683,5.40128166,0.2136100092,0.823924321,0.04618177991,0.5897584338,0.2118407849,0.833517836,3441788.743,102.43
11212,東松山市,Higashimatsuyama-shi,basic_municipality,,True,True,True,,1404.605968,1495.698224,0.5005610572,36.76831062,7.615125666,7.320979181,4.139839418,1.852033424,6.863417982,54.99429689,11.38992993,10.94997556,6.191950464,0.2770083102,1.026560209,0.015364302,0.6841915736,0.2142310635,4.186026124,3524957.678,97.09
11214,春日部市,Kasukabe-shi,basic_municipality,,True,True,True,,3481.69697,3500.7922,0.8807530288,29.94882328,5.774787634,5.287390336,3.0592884,1.305528478,5.570254839,104.8446069,20.21633151,18.51005484,10.70993297,0.4570383912,1.950030469,0.01101975726,0.7357836537,0.3181818182,2.516807747,3511280.557,88.86
11215,狭山市,Sayama-shi,basic_municipality,,True,True,True,,3035.292917,3268.10989,0.8559909616,29.40840221,5.776770523,5.097546049,2.757247863,1.143249114,5.245495935,96.10989011,18.87912088,16.65934066,9.010989011,0.3736263736,1.714285714,0.01737497065,0.7138559521,0.2245356195,3.89958238,3478478.023,86.36
11216,羽生市,Hanyu-shi,basic_municipality,,True,True,True,,901.4665757,903.4694924,0.3679959139,39.89633385,9.269418486,8.815406152,3.424009686,2.080889864,6.242669593,36.04512049,8.374636814,7.964450521,3.093488293,0.1880020509,0.5640061528,0.03093059756,0.6159706006,0.4263301501,0.05587008343,3338229.105,109.57
11217,鴻巣市,Konosu-shi,basic_municipality,,True,True,True,,1732.32503,1735.412953,0.759270038,27.60468381,5.495257986,5.024480433,1.943027356,1.112746944,5.734926559,47.90552585,9.536541889,8.719548425,3.371954843,0.193107546,0.9952465835,0.02736412021,0.7124706557,0.4448398577,4.108400531,3584535.584,100.64
11218,深谷市,Fukaya-shi,basic_municipality,,True,True,True,,1020.943846,1045.65507,0.4747501203,36.35642892,7.347736218,6.632783079,3.206671008,1.41574879,6.512444432,38.01628423,7.683197631,6.935603257,3.353071799,0.14803849,0.680977054,0.07326271982,0.6118665376,0.4191660042,2.798116598,3399393.882,108.17
11219,上尾市,Ageo-shi,basic_municipality,,True,True,True,,4986.596352,5142.533424,0.9153300432,26.62818366,4.741341324,4.291883317,2.410328721,1.630386886,5.287741253,136.9363245,24.38250623,22.07115341,12.39519601,0.8384319057,2.719238613,0.007166421263,0.7507129145,0.1538123489,4.881208001,3822181.358,86.19
11221,草加市,Soka-shi,basic_municipality,,True,True,True,,9042.388929,9042.388929,0.9917641278,28.51746247,4.80862169,4.277015272,2.686223339,1.248469618,5.275790966,257.8659869,43.48142753,38.67443554,24.28987618,1.128914785,4.770575382,0.004899465513,0.7246027706,0.07283321194,4.932696276,3805147.86,76.45
11222,越谷市,Koshigaya-shi,basic_municipality,,True,True,True,,5670.999336,5682.318696,0.9108866258,30.96706584,6.381340726,5.883713238,3.196524804,1.141616001,5.590991186,175.9647372,36.26081171,33.43313373,18.16367265,0.6487025948,3.176979375,0.006678943983,0.755433343,0.1494023904,1.930902324,3895265.837,86.8
11223,蕨市,Warabi-shi,basic_municipality,,True,True,True,,14536.79061,14536.79061,1,31.501151,5.129033561,5.061723409,3.93091286,1.480823338,6.731015172,457.925636,74.55968689,73.58121331,57.14285714,2.152641879,9.784735812,0.002045048678,0.7766288381,0,4.008278536,3804535.637,67.63
11224,戸田市,Toda-shi,basic_municipality,,True,True,True,,7745.959318,7745.959318,0.9998509571,36.92006331,5.35844825,4.251272188,2.427270598,1.277510841,6.671445504,285.9813084,41.50632216,32.93018142,18.80153931,0.9895547004,5.167674546,0.001424163304,0.7616751721,0,-4.793411698,4142843.713,65.77
11225,入間市,Iruma-shi,basic_municipality,,True,True,True,,3259.140747,3837.971014,0.8412575266,31.85010745,6.481246267,6.26840873,2.691364975,2.059718093,4.531379805,122.2397892,24.87483531,24.05797101,10.32938076,0.790513834,1.739130435,0.01075831154,0.7185954427,0.1790109644,-3.409756506,3525383.375,88.91
11227,朝霞市,Asaka-shi,basic_municipality,,True,True,True,,7692.63904,7816.232687,0.9814506354,25.53107036,3.600717308,3.345548365,2.402840881,1.06320393,5.812181482,199.5567867,28.14404432,26.14958449,18.78116343,0.8310249307,4.542936288,0.00573401381,0.7812068448,0.1090512541,5.749016706,4451481.55,70.65
11228,志木市,Shiki-shi,basic_municipality,,True,True,True,,8325.524862,8325.524862,0.994677886,27.06182146,4.565604013,4.406338757,1.49974783,1.194489422,5.441562923,225.3038674,38.01104972,36.68508287,12.48618785,0.9944751381,4.53038674,0.005105933447,0.7753682728,0.1104972376,1.011122346,4149069.661,78.06
11229,和光市,Wako-shi,basic_municipality,,True,True,True,,7607.699275,7628.428701,0.9947254998,23.24113872,3.417114146,3.107549798,1.714510233,0.8334424746,4.286275584,177.2933697,26.06721163,23.70572207,13.07901907,0.6357856494,3.269754768,0.006970050194,0.8074315484,0.09057971014,0.7656967841,4326501.602,63.33
11230,新座市,Niiza-shi,basic_municipality,,True,True,True,,7287.840211,7650.552995,0.9427046628,26.94904739,3.993566924,3.885144292,2.011842161,1.445635086,3.975496485,206.1751152,30.55299539,29.7235023,15.39170507,1.105990783,3.041474654,0.009542218532,0.7497788002,0.1316944688,7.030742975,3880716.715,77.7
11231,桶川市,Okegawa-shi,basic_municipality,,True,True,True,,2948.639053,3025.010117,0.8295205223,29.21817306,5.659014288,5.070369776,2.32782148,1.204045593,6.555359341,88.38526912,17.11857548,15.33791987,7.041683529,0.3642250101,1.983002833,0.0126958551,0.7535837315,0.2761341223,3.073936256,3736046.951,98.59
11232,久喜市,Kuki-shi,basic_municipality,,True,True,True,,1827.229705,1829.894276,0.6545669469,31.41809778,6.587772775,6.176036977,2.51690109,1.527406994,5.644764979,57.4917973,12.05492769,11.30149471,4.6056629,0.2794993316,1.032932313,0.02190961045,0.6957045819,0.3640334911,5.815493853,3633758.377,103.23
11233,北本市,Kitamoto-shi,basic_municipality,,True,True,True,,3289.656912,3373.047077,0.8055397923,28.97194828,5.935491787,5.506050521,2.499961657,2.300578212,6.748362755,97.72374547,20.02069322,18.57216762,8.43248836,0.7759958614,2.276254527,0.01514753237,0.7288558849,0.2522704339,6.005453933,3652706.164,92.53
11234,八潮市,Yashio-shi,basic_municipality,,True,True,True,,5181.076582,5181.076582,0.9706843182,46.5066461,6.1480458,4.584257147,2.024356544,1.392414554,4.819896533,240.954495,31.85349612,23.75138735,10.48834628,0.7214206437,2.497225305,0.008076308744,0.6602326157,0.1109877913,5.349420746,3819714.466,78.42
11235,富士見市,Fujimi-shi,basic_municipality,,True,True,True,,5658.017198,5698.369842,0.9262821945,25.59472193,5.283437184,5.363895619,2.833924852,1.251575644,5.72148866,145.8481915,30.10697911,30.56546103,16.14875191,0.7131940907,3.260315843,0.01344938267,0.7527519052,0.2529084471,1.834150471,3908170.265,75.08
11237,三郷市,Misato-shi,basic_municipality,,True,True,True,,4717.723199,4717.723199,0.9248795244,35.68890921,5.684336417,4.741637061,2.497449787,1.758767456,4.713496781,168.370395,26.81712579,22.36973116,11.7822768,0.8297378029,2.223697312,0.009729974355,0.7112535827,0.09956853634,5.240868929,3803208.318,80.99
11238,蓮田市,Hasuda-shi,basic_municipality,,True,True,True,,2254.36217,2344.605414,0.6892144588,27.13865266,4.894388527,4.959430235,2.195157645,1.13822989,5.85375372,63.62943195,11.47540984,11.62790698,5.146778498,0.2668699962,1.372474266,0.02070393375,0.7342757193,0.3299120235,2.372731587,3783350.155,104.05
11239,坂戸市,Sakado-shi,basic_municipality,,True,True,True,,2444.539249,2485.130112,0.6770381451,26.34754425,4.587384692,4.617302418,2.752430815,1.296434804,6.68162553,65.47707559,11.40024783,11.47459727,6.840148699,0.322180917,1.66047088,0.01223425129,0.7086401514,0.2925402243,1.866870082,3556219.805,85.6
11240,幸手市,Satte-shi,basic_municipality,,True,True,True,,1475.567345,1476.002358,0.5165381696,36.91127711,6.731114928,6.271721328,3.355570647,1.198418088,6.591299485,54.48113208,9.935141509,9.257075472,4.952830189,0.1768867925,0.9728773585,0.0216148315,0.679805943,0.4126142057,4.528595725,3340888.992,103.45
11241,鶴ヶ島市,Tsurugashima-shi,basic_municipality,,True,True,True,,3972.634561,4139.138135,0.8343625654,28.18146812,5.804583767,5.134275568,2.994994081,2.567137784,5.989988163,116.6469894,24.02597403,21.2514758,12.39669421,1.06257379,2.479338843,0.01006120029,0.7249831779,0.1699716714,0.8734749986,3692269.984,84.86
11242,日高市,Hidaka-shi,basic_municipality,,True,True,True,,1149.347094,1507.486188,0.4550585476,31.40862363,5.16757985,4.562863059,2.583789925,1.099485074,3.848197761,47.3480663,7.790055249,6.878453039,3.895027624,0.1657458564,0.5801104972,0.02407780809,0.6667457399,0.1684919966,4.004281075,3411757.456,101.51
11243,吉川市,Yoshikawa-shi,basic_municipality,,True,True,True,,2273.499684,2276.375712,0.8294363634,28.82785257,4.167882299,3.834451715,1.931118799,0.9725058698,5.557176399,65.6230234,9.487666034,8.728652751,4.395951929,0.2213788741,1.265022138,0.01373569811,0.7166975499,0.3790271636,-1.02215592,3781440,92.96
11245,ふじみ野市,Fujimino-shi,basic_municipality,,True,True,True,,7759.357923,7932.751397,0.9371990457,24.61332606,4.348706392,4.498358231,2.649717862,0.9683354314,6.338195551,195.2513966,34.4972067,35.68435754,21.01955307,0.7681564246,5.027932961,0.009004551751,0.7438155551,0.1366120219,6.337345822,3953915.769,79.96
11246,白岡市,Shiraoka-shi,basic_municipality,,True,True,True,,2095.264848,2114.783313,0.7230627801,25.54870341,4.539012525,4.270885203,1.45554832,1.149117095,5.745585475,54.02997165,9.599027947,9.03199676,3.078169299,0.2430133657,1.215066829,0.01878612717,0.734963287,0.4012841091,1.011373178,3830893.059,103.74
11301,伊奈町,Ina-machi,basic_municipality,,True,True,True,,3031.845842,3148.946629,0.8374701724,27.49715662,5.106933387,4.304096697,1.895586628,0.2230101916,4.014183448,86.58707865,16.08146067,13.55337079,5.969101124,0.0702247191,1.264044944,0.01391602726,0.7107658581,0.2028397566,1.465299054,3712986.333,99.52
11324,三芳町,Miyoshi-machi,basic_municipality,,True,True,True,,2507.110241,2755.125448,0.7777228496,40.01665192,6.608731852,5.229744497,1.457043243,1.821304054,3.382421814,110.2508961,18.2078853,14.40860215,4.014336918,0.5017921147,0.9318996416,0.03326854922,0.6948668115,0.3261578604,4.253952966,3809138.674,87.09
11326,毛呂山町,Moroyama-machi,basic_municipality,,True,True,True,,1038.039331,1797.966446,0.5383701861,29.85918679,5.428943053,5.428943053,4.213086015,1.413787253,4.24136176,53.68581596,9.761057448,9.761057448,7.57498729,0.2541942044,0.7625826131,0.01354082458,0.7349097278,0.1174053419,2.24698062,3192296.78,87.08
11327,越生町,Ogose-machi,basic_municipality,,True,True,True,,273.0626393,834.2662632,,38.26276181,7.253604135,6.437573669,3.354791912,0.9067005168,7.253604135,31.92133132,6.051437216,5.37065053,2.798789713,0.0756429652,0.6051437216,0.02537313433,0.672761194,0.07427581084,0.4648136097,3199209.815,
11341,滑川町,Namegawa-machi,basic_municipality,,True,True,True,,664.8247978,906.8014706,0.3421852828,27.26535577,4.155686195,3.851611595,2.432596797,2.027163998,3.547536996,24.72426471,3.768382353,3.492647059,2.205882353,0.1838235294,0.3216911765,0.03297055058,0.6301749893,0.2021563342,2.733208483,3605399.449,101.21
11342,嵐山町,Ranzan-machi,basic_municipality,,True,True,True,,597.894385,860.4617605,0.6487226787,38.12398681,6.819833417,6.596232322,3.018614791,1.677008217,5.590027391,32.8042328,5.868205868,5.675805676,2.597402597,0.1443001443,0.481000481,0.02813877274,0.6112555091,0.2005347594,-1.442751616,3211688.967,109.69
11343,小川町,Ogawa-machi,basic_municipality,,True,True,True,,472.5646123,1023.098996,0.1851072781,35.75936054,7.467395877,6.696115552,2.909830318,0.7011639321,9.115131118,36.58536585,7.639885222,6.850789096,2.977044476,0.07173601148,0.9325681492,0.02549104564,0.6706383593,0.09940357853,-1.020110755,3119020.315,115.69
11346,川島町,Kawajima-machi,basic_municipality,,True,True,True,,465.4816238,465.4816238,,43.65775622,5.831355145,4.954071628,3.199504593,2.064196512,6.192589535,20.32188326,2.714388662,2.306029306,1.489310593,0.09608455441,0.2882536632,0.05867920671,0.6013085259,0.480422772,-0.4820309571,3264159.868,112.48
11347,吉見町,Yoshimi-machi,basic_municipality,,True,True,True,,470.8074534,498.6842105,,32.98153034,5.112137203,4.287598945,2.363676341,0.5496921724,3.298153034,16.44736842,2.549342105,2.138157895,1.17872807,0.0274122807,0.1644736842,0.05843474612,0.6344943349,0.3623188406,0.5107832009,3166646.047,122.72
11348,鳩山町,Hatoyama-machi,basic_municipality,,True,True,True,,527.0112709,815.8844765,0.5070058997,28.98230088,3.982300885,3.539823009,1.474926254,0.7374631268,5.162241888,23.64620939,3.249097473,2.888086643,1.203369434,0.06016847172,0.421179302,0.02796024928,0.6937847398,0.1165954139,-1.721170396,3392479.857,
11349,ときがわ町,Tokigawa-machi,basic_municipality,,True,True,True,,188.5509839,618.9078097,,51.61290323,8.064516129,7.210626186,3.889943074,0,6.641366224,31.94362889,4.991192014,4.46271286,2.407516148,0,0.4110393423,0.03711911357,0.5975992613,0.05366726297,-5.283757339,3047901.46,
11361,横瀬町,Yokoze-machi,basic_municipality,,True,True,True,,161.6491086,885.5715871,,38.85198646,5.013159544,4.637172578,3.007895726,2.506579772,5.013159544,34.40621532,4.439511654,4.10654828,2.663706992,0.2219755827,0.4439511654,0.03658217925,0.6354847139,0.02025931929,-7.235890014,3224440.411,
11362,皆野町,Minano-machi,basic_municipality,,True,True,True,,145.9366175,514.7758716,,51.27929478,11.71791013,10.42786498,4.407654268,1.075037626,7.525263384,26.39734366,6.032097399,5.368013282,2.268954068,0.05534034311,0.3873824018,0.03966644129,0.6229434302,0.03137747098,-0.6758278892,2999217.527,
11363,長瀞町,Nagatoro-machi,basic_municipality,,True,True,True,,223.6937233,757.1746385,,59.35066843,9.548993683,9.402086088,8.814455707,0,7.345379756,44.93882091,7.23025584,7.119021135,6.674082314,0,0.5561735261,0.03692493947,0.6195520581,0.03286230693,-5.497094393,3117491.5,
11365,小鹿野町,Ogano-machi,basic_municipality,,True,True,True,,63.80941259,365.9745479,,51.79355783,9.150805271,8.693265007,4.849926794,0.9150805271,9.150805271,18.95512391,3.348961822,3.181513731,1.774949766,0.03348961822,0.3348961822,0.06024531025,0.5503246753,0.02919537545,-9.044826558,2872546.756,
11369,東秩父村,Higashichichibu-mura,basic_municipality,,True,True,True,,73.09767944,360.7190413,,45.03506829,8.121077889,8.121077889,3.69139904,0,3.69139904,16.24500666,2.92942743,2.92942743,1.331557923,0,0.1331557923,0.05478395062,0.5663580247,0.05396654074,-12.88445553,2804563.492,
11381,美里町,Misato-machi,basic_municipality,,True,True,True,,330.4100569,427.5367932,,37.68457288,5.254099103,4.619983694,2.264697889,0.9058791557,6.34115409,16.11154144,2.246320682,1.975213013,0.9682416731,0.03872966692,0.2711076685,0.08221254025,0.5616594052,0.3292427417,4.117922321,3152832.675,
11383,神川町,Kamikawa-machi,basic_municipality,,True,True,True,,281.835443,498.8424197,,33.98457968,5.239913167,3.892506924,2.320532974,0,5.988472191,16.95294996,2.613890963,1.941747573,1.157580284,0,0.2987303958,0.0797179212,0.5209259543,0.1687763713,2.899913786,2963955.966,
11385,上里町,Kamisato-machi,basic_municipality,,True,True,True,,1039.856066,1041.998626,0.1935207461,31.47348647,6.88791484,6.195827703,3.032000791,2.306957124,7.250436674,32.79532967,7.177197802,6.456043956,3.159340659,0.2403846154,0.7554945055,0.05945327229,0.5768246701,0.3769705278,5.666557484,3117284.398,108.73
11408,寄居町,Yorii-machi,basic_municipality,,True,True,True,,503.8754864,785.9674678,,36.23277939,6.517575832,6.116019028,3.490455304,1.544449249,6.795576697,28.47778587,5.122602573,4.806991988,2.743384317,0.1213886866,0.5341102209,0.04047070544,0.6158396115,0.2023346304,-1.862667719,3103779.628,113.96
11442,宮代町,Miyashiro-machi,basic_municipality,,True,True,True,,2140.877743,2163.941698,0.5661990804,27.38161478,4.627053621,4.422057575,2.577093156,0.58570299,4.978475415,59.252218,10.01267427,9.569074778,5.576679341,0.1267427123,1.077313054,0.01889783753,0.7321326654,0.3761755486,10.81533268,3497440.67,99.83
11464,杉戸町,Sugito-machi,basic_municipality,,True,True,True,,1460.03996,1461.987329,0.5525829627,32.61489337,6.56859391,5.701904436,2.007070362,1.596533242,4.789599726,47.68256085,9.603201067,8.336112037,2.934311437,0.233411137,0.7002334111,0.02783165244,0.6949670287,0.4662004662,0.8264083375,3463547.278,105.61
11465,松伏町,Matsubushi-machi,basic_municipality,,True,True,True,,1744.814815,1746.97157,0.6895917357,32.51255926,4.563786882,3.891601217,1.627396873,0.7075638576,3.184037359,56.79851669,7.972805933,6.798516687,2.843016069,0.1236093943,0.5562422744,0.0160767068,0.6799077211,0.3703703704,-1.974369099,3317620.209,105
12100,千葉市,Chiba-shi,designated_city,,True,False,True,,3587.544157,4526.234912,0.9147875124,28.54092154,5.438222023,4.665875516,2.330373526,1.487254231,7.487555785,129.1829155,24.61467038,21.11884865,10.54781801,0.6731662024,3.38904364,0.006959376826,0.7936433591,0.1287901089,8.536471334,4289938.872,79.14
12101,中央区,Chuo-ku,designated_city_ward,12100,False,True,False,overlapping_hierarchy,4735.763811,5115.631795,0.9675444894,47.69146484,8.831752749,7.310991045,4.590622284,1.511315978,10.01246836,243.9719739,45.17999517,37.40033825,23.48393332,0.7731336072,5.122010147,0.003361976488,0.7960585249,,15.05325793,,70.04
12102,花見川区,Hanamigawa-ku,designated_city_ward,12100,False,True,False,overlapping_hierarchy,5186.545774,5897.173262,0.8911903366,21.67734368,3.778309122,3.298971398,1.438013173,1.29703149,6.259586754,127.8350515,22.28134353,19.45460592,8.480212837,0.7648819421,3.691386764,0.006268793639,0.7908236074,,3.458330508,,79.53
12103,稲毛区,Inage-ku,designated_city_ward,12100,False,True,False,overlapping_hierarchy,7567.483506,7910.44335,0.9767657645,24.74748104,4.5646461,3.979275386,1.830840318,1.245469604,6.850082824,195.7635468,36.10837438,31.47783251,14.48275862,0.9852216749,5.418719212,0.004394524192,0.8086791853,,8.287781046,,78.96
12104,若葉区,Wakaba-ku,designated_city_ward,12100,False,True,False,overlapping_hierarchy,1745.337926,2582.879241,0.7978018239,26.27603103,4.736627195,4.171770791,1.864706683,1.156934803,5.716619028,67.86781508,12.23413605,10.77518017,4.816312181,0.2988222886,1.476533661,0.0138207899,0.7627774869,,4.565245535,,89.58
12105,緑区,Midori-ku,designated_city_ward,12100,False,True,False,overlapping_hierarchy,1953.524528,2841.29528,0.8186615773,19.39407051,3.461571152,3.384303938,1.46035033,1.313542624,7.340385254,55.10428101,9.835345774,9.615806806,4.149286498,0.3732162459,2.085620198,0.01509725441,0.7766308546,,0.7496020154,,98.42
12106,美浜区,Mihama-ku,designated_city_ward,12100,False,True,False,overlapping_hierarchy,7025.660377,7025.660377,1,23.76060801,5.941830487,4.874315179,1.933612633,2.417015791,7.922440649,166.9339623,41.74528302,34.24528302,13.58490566,1.698113208,5.566037736,0.001716406371,0.8226689346,,15.70987257,,70.36
12202,銚子市,Choshi-shi,basic_municipality,,True,True,True,,693.9548694,838.6823597,0.4774862659,52.98557273,14.25613116,11.77457172,5.305402954,1.711420308,5.647687015,44.43806516,11.95636572,9.875125592,4.449547869,0.1435338022,0.4736615473,0.105524941,0.5834824304,0.296912114,-3.797280776,3215408.008,109.24
12203,市川市,Ichikawa-shi,basic_municipality,,True,True,True,,8645.361184,8834.507293,0.9791211977,23.25660994,3.795230694,3.696574829,1.985197594,1.16776329,5.436139455,205.4606901,33.52899324,32.65741729,17.53824262,1.03166133,4.802561366,0.005195109403,0.7982482191,0.08703220191,2.801584735,4380310.704,68.22
12204,船橋市,Funabashi-shi,basic_municipality,,True,True,True,,7508.841392,7898.120393,0.9603628519,23.63327822,4.330330825,4.039464495,2.457587178,1.322119684,5.630674421,186.6584767,34.2014742,31.9041769,19.41031941,1.044226044,4.447174447,0.007708194651,0.7983306877,0.1401541696,3.022822851,4115685.235,76.82
12205,館山市,Tateyama-shi,basic_municipality,,True,True,True,,410.2953203,724.8836089,0.3137997475,53.21905521,11.80430979,10.71911058,6.887692955,1.771753815,9.523176755,38.57762081,8.556750682,7.770107561,4.992775726,0.1284315299,0.6903194734,0.07083586319,0.7774235985,0.1453884598,-2.135280342,3190812.721,102.86
12206,木更津市,Kisarazu-shi,basic_municipality,,True,True,True,,980.3167747,1404.497163,0.7513769957,38.34290498,8.37947799,8.06368697,4.369666437,1.689114757,7.050218116,53.85250129,11.76895307,11.32542548,6.137184116,0.2372356885,0.9902011346,0.02401449206,0.7079305536,0.1655867531,7.599950308,3845424.394,102.01
12207,松戸市,Matsudo-shi,basic_municipality,,True,True,True,,8117.171717,8368.021498,0.9781928901,25.98588609,4.586216863,4.283145201,2.711588176,0.9834775767,5.619871867,217.4504535,38.3775613,35.84145113,22.69062815,0.8229761505,4.70272086,0.006903449502,0.7905005334,0.1140436624,5.911330049,3964664.715,78.67
12208,野田市,Noda-shi,basic_municipality,,True,True,True,,1474.051183,1587.828982,0.6609166787,30.70663924,5.326327651,5.175644335,2.312661329,1.37580419,5.306673305,48.75689171,8.45729741,8.218038073,3.672110683,0.2184541766,0.842608967,0.01791111923,0.6953141475,0.2510864317,4.29209707,3425881.099,102.84
12210,茂原市,Mobara-shi,basic_municipality,,True,True,True,,868.5148118,1036.945872,0.3690511857,37.38102371,8.215989491,7.39784748,4.171371943,1.843700307,7.144338688,38.76209822,8.519536384,7.671167404,4.325486916,0.1911817421,0.7408292508,0.03209024415,0.681570001,0.3002401922,1.339374105,3291545.788,106.6
12211,成田市,Narita-shi,basic_municipality,,True,True,True,,621.5207632,827.1986058,0.6557115555,39.328548,8.284050381,7.757362346,4.175883707,1.881028697,6.621221013,32.53252007,6.852554926,6.416879318,3.454285181,0.1555984316,0.5477064791,0.03705476385,0.769812719,0.2992891882,-18.61772064,3653343.023,85.57
12212,佐倉市,Sakura-shi,basic_municipality,,True,True,True,,1627.379689,2050.340219,0.80753572,26.17590063,4.989836615,4.604635452,2.506770651,1.066710915,7.111406103,53.66950182,10.2308627,9.441069259,5.139732685,0.2187120292,1.458080194,0.01584502373,0.7667002572,0.2700356833,-0.9970148549,3900846.11,103.21
12213,東金市,Togane-shi,basic_municipality,,True,True,True,,653.2652603,796.1028306,0.2392002611,38.26929353,7.780964977,6.647314451,4.070835981,1.889417544,6.870609251,30.4662929,6.194448243,5.29194585,3.240804048,0.1504170655,0.5469711473,0.05407429599,0.7016177352,0.3702872531,-0.8668884014,3242511.383,102.77
12215,旭市,Asahi-shi,basic_municipality,,True,True,True,,488.654657,540.7159216,0.08071221272,44.55251392,10.10275316,9.114440348,4.659188956,1.725625539,5.804376814,24.09025363,5.462719484,4.928323013,2.51929765,0.09330732038,0.3138518958,0.1711824983,0.5823536808,0.4829436566,-6.953182977,3229354.503,116.31
12216,習志野市,Narashino-shi,basic_municipality,,True,True,True,,8402.336671,8454.75048,0.998842205,22.38403605,3.847965629,3.768509112,2.315589936,1.475621038,6.072748117,189.2514395,32.53358925,31.86180422,19.57773512,1.247600768,5.134357006,0.003844624155,0.7925228689,0.04768717215,1.690414323,4358077.489,77.02
12217,柏市,Kashiwa-shi,basic_municipality,,True,True,True,,3716.820638,4142.074592,0.9152761755,28.0818256,5.296997665,4.806925725,2.569946631,1.547595599,6.002795051,116.3170163,21.94055944,19.91064491,10.64491064,0.641025641,2.486402486,0.01098831099,0.7962384941,0.2265992679,4.4215029,4159986.009,88.04
12218,勝浦市,Katsuura-shi,basic_municipality,,True,True,True,,180.1511281,548.8651102,,59.4316772,12.70160099,10.98836179,7.561883382,1.181544278,6.498493531,32.61997406,6.971465629,6.031128405,4.150453956,0.06485084306,0.3566796368,0.08740083367,0.7425036977,0.09578544061,-7.756524026,3239088.264,99.82
12219,市原市,Ichihara-shi,basic_municipality,,True,True,True,,732.0838766,1172.149256,0.6478384114,31.09185082,5.687805168,5.283388492,2.905121622,1.187278313,5.750879328,36.44428981,6.666956597,6.192919892,3.405236149,0.1391667391,0.6740888928,0.01616462722,0.6595382006,0.1439591482,-3.080255264,3625085.37,97.9
12220,流山市,Nagareyama-shi,basic_municipality,,True,True,True,,5658.238958,6105.98839,0.9138499567,21.22102187,3.857912724,3.872924058,1.84139025,1.250944463,5.904457866,129.5753132,23.5563703,23.64802933,11.24350749,0.7638252368,3.605255118,0.007181880264,0.7934554974,0.1132502831,7.419011865,4480120.317,89.2
12221,八千代市,Yachiyo-shi,basic_municipality,,True,True,True,,3882.039307,4311.605792,0.919292424,23.91001414,4.380996301,4.040140753,2.6666934,1.303271211,6.165475343,103.0905554,18.88912903,17.41949427,11.49773071,0.5619191701,2.65830992,0.010529842,0.768410474,0.1556723098,5.254194647,4022560.362,85.86
12222,我孫子市,Abiko-shi,basic_municipality,,True,True,True,,3024.565469,3257.863205,0.8645697648,21.54624167,3.976706766,3.900084285,1.808290552,0.9960922535,5.440196154,70.19470794,12.95556665,12.70594109,5.891163255,0.3245132302,1.772341488,0.01263274541,0.7990765537,0.2780996524,-0.09138192313,3964323.887,95.91
12223,鴨川市,Kamogawa-shi,basic_municipality,,True,True,True,,168.0234383,498.8505747,,54.5522481,12.20575414,10.52434923,7.223813675,1.868227675,4.670569187,27.21342032,6.088847468,5.250077664,3.603603604,0.09319664492,0.2329916123,0.08104993598,0.7654929577,0.1098671131,-16.58446158,3257941.092,95.52
12224,鎌ケ谷市,Kamagaya-shi,basic_municipality,,True,True,True,,5214.990512,5543.721634,0.9140195757,24.49696176,4.047956919,3.856929738,2.164974712,1.000618564,6.003711385,135.8043369,22.44074634,21.38174483,12.00201715,0.5547150782,3.328290469,0.01556262408,0.7730290545,0.1897533207,2.66042257,3731191.177,86.71
12225,君津市,Kimitsu-shi,basic_municipality,,True,True,True,,257.8769057,726.2014134,0.5857723281,37.39386419,6.5323699,6.03362285,5.328078242,1.703038708,5.717344233,27.15547703,4.743816254,4.381625442,3.869257951,0.1236749117,0.4151943463,0.0357728753,0.6330158419,0.09724574942,-2.074949698,3531171.937,100.74
12226,富津市,Futtsu-shi,basic_municipality,,True,True,True,,206.7429406,510.5807382,0.1235370305,40.57459084,7.676910397,7.158836689,3.3674791,1.177440245,6.593665371,20.71660454,3.919682578,3.655164122,1.719369965,0.06011783095,0.3366598533,0.0552445492,0.6338145747,0.1022395326,-1.682044178,3310562.096,113.51
12227,浦安市,Urayasu-shi,basic_municipality,,True,True,True,,9905.317919,9905.317919,1,25.11642021,4.365028419,3.886509261,2.386760192,2.159171812,5.076971557,248.7861272,43.23699422,38.49710983,23.6416185,2.138728324,5.028901734,0.001471625599,0.8446766072,0,2.59744808,7764304.479,68.83
12228,四街道市,Yotsukaido-shi,basic_municipality,,True,True,True,,2710.776362,3333.665835,0.7491450799,25.32700692,5.193639395,4.413524835,1.902197145,1.068650081,5.450115414,84.4317777,17.31385821,14.71321696,6.341289633,0.3562522266,1.816886356,0.01110994929,0.7819574424,0.1738122827,1.555629304,3780661.127,101.6
12229,袖ケ浦市,Sodegaura-shi,basic_municipality,,True,True,True,,673.0193847,858.1810854,0.5076624454,30.55585993,4.523895246,4.226476527,2.285428048,0.7826808384,6.73105521,26.22246104,3.882321333,3.627082214,1.961311123,0.06716818915,0.5776464267,0.03685282238,0.6702940882,0.2528445006,4.584587917,3732003.891,106.32
12230,八街市,Yachimata-shi,basic_municipality,,True,True,True,,900.1200961,1062.785568,0.1299977763,35.00111185,6.537691795,5.618560522,2.357126974,2.075457713,4.002668446,37.19867654,6.948164487,5.971325035,2.505120529,0.2205766504,0.4253978257,0.07526782981,0.6404040404,0.4536962904,-25.85883448,3422217.654,105.14
12231,印西市,Inzai-shi,basic_municipality,,True,True,True,,828.8957105,1086.039373,0.6553616155,23.65289594,4.785155298,4.794901032,2.017366898,2.241518775,5.262696255,25.68797629,5.196867062,5.207451312,2.190939881,0.2434377646,0.5715495343,0.03080073554,0.7852933801,0.3312060748,-7.348005477,4286927.374,110.15
12232,白井市,Shiroi-shi,basic_municipality,,True,True,True,,1759.892897,2049.93434,0.7083646963,27.28976153,4.227991224,3.875658622,1.537451354,2.402267741,4.804535481,55.9422193,8.667104399,7.944845699,3.151674327,0.4924491136,0.9848982272,0.0335372211,0.7485924793,0.281848929,-16.74756501,3968187.085,104.96
12233,富里市,Tomisato-shi,basic_municipality,,True,True,True,,923.0697847,1076.981377,0.3569719513,30.82336383,5.629838142,5.046747763,2.835025636,1.608525183,4.82557555,33.19618883,6.063230836,5.435253356,3.053269814,0.1732351667,0.5197055002,0.07431262832,0.687452196,0.4454342984,-35.90071801,3257279.481,98.19
12234,南房総市,Minamiboso-shi,basic_municipality,,True,True,True,,156.0923546,336.5361135,,50.18001172,10.71697692,9.628533951,3.85141358,0.2790879406,6.419022634,16.88738612,3.60664976,3.240349394,1.296139758,0.009392317085,0.2160232929,0.1703634886,0.6532923005,0.1481158789,-0.6751599836,2962820.323,121.69
12235,匝瑳市,Sosa-shi,basic_municipality,,True,True,True,,345.1536643,404.3854587,,43.20776256,9.703196347,8.561643836,3.310502283,0.8561643836,7.420091324,17.47259088,3.923831506,3.46220427,1.338718984,0.0346220427,0.3000577034,0.1368553459,0.5855345912,0.5023640662,-9.821589476,3176126.761,125.13
12236,香取市,Katori-shi,basic_municipality,,True,True,True,,275.7995045,344.7001096,0.1233069821,43.9770026,10.62800597,9.550002764,3.911216762,1.796672011,6.772071425,15.15887761,3.663474823,3.291886999,1.348196846,0.06193130389,0.2334333762,0.1055994094,0.6283718553,0.4230989137,-14.27236795,3204357.155,120.54
12237,山武市,Sammu-shi,basic_municipality,,True,True,True,,330.0674525,451.4818267,,33.75030964,6.522995624,5.717942366,2.642226075,1.032119561,5.573445628,15.23765144,2.945013979,2.581547064,1.192917055,0.04659832246,0.2516309413,0.1099908341,0.623656362,0.3815493629,-13.99099382,3091372.568,121.45
12238,いすみ市,Isumi-shi,basic_municipality,,True,True,True,,225.6761905,390.6363337,,41.49786181,8.890389377,8.693450371,3.235426514,1.688048616,6.189511591,16.21057259,3.472909111,3.39597758,1.263875151,0.06594131223,0.2417848115,0.07694272396,0.679777792,0.2158730159,-3.861115113,3077059.407,125.09
12239,大網白里市,Oamishirasato-shi,basic_municipality,,True,True,True,,828.6673554,971.125908,0.1068378732,26.78218953,4.57104864,4.612603628,2.410189283,0.8310997527,6.85657296,26.00887813,4.439063761,4.479418886,2.340597256,0.0807102502,0.6658595642,0.04515785267,0.7079170552,0.4132231405,-1.783466219,3473973.642,112.97
12322,酒々井町,Shisui-machi,basic_municipality,,True,True,True,,1091.267754,1444.637883,0.605109665,36.15328995,11.90648349,13.44902386,3.663533382,3.856350928,3.856350928,52.22841226,17.2005571,19.42896936,5.292479109,0.5571030641,0.5571030641,0.02878953108,0.8005452563,0.2630194634,-19.70639463,3305861.994,95.09
12329,栄町,Sakae-machi,basic_municipality,,True,True,True,,619.1018148,690.7000686,0.431013067,22.65613355,4.96845034,4.123813782,1.490535102,0.496845034,2.981070204,15.648593,3.431708991,2.848318463,1.029512697,0.03431708991,0.2059025395,0.04141566265,0.7725903614,0.4306367272,-1.273950265,3076940.408,114.41
12342,神崎町,Kozaki-machi,basic_municipality,,True,True,True,,292.2613065,367.8684377,,35.41953232,6.36176066,6.017881706,2.235213205,3.438789546,5.158184319,13.02972802,2.340290955,2.213788741,0.8222643896,0.1265022138,0.1897533207,0.06344199089,0.6165439888,0.351758794,3.549875754,3151705.214,
12347,多古町,Tako-machi,basic_municipality,,True,True,True,,188.6675824,263.4253932,,53.65853659,11.13942483,9.901710957,3.421914816,1.456133964,5.824535857,14.1350211,2.934407365,2.608362102,0.9014192558,0.03835826621,0.1534330648,0.1849396792,0.5891555084,0.4258241758,-0.5213764338,3994879.039,
12349,東庄町,Tonosho-machi,basic_municipality,,True,True,True,,286.0108108,334.7165992,,37.04263683,7.862110674,7.181735712,2.267916541,0.7559721802,3.779860901,12.39878543,2.631578947,2.403846154,0.7591093117,0.02530364372,0.1265182186,0.1494931154,0.5344227568,0.4108108108,-8.011422226,3330434.783,
12403,九十九里町,Kujukuri-machi,basic_municipality,,True,True,True,,598.9770867,639.2576419,,42.35261971,6.626135665,6.899378373,4.235261971,2.049320309,4.098640618,27.07423581,4.23580786,4.410480349,2.707423581,0.1310043668,0.2620087336,0.06283343213,0.5912863071,0.3682487725,-4.498714653,3020877.565,
12409,芝山町,Shibayama-machi,basic_municipality,,True,True,True,,162.6503238,227.9740681,,69.38717475,10.66401251,8.389023176,2.559363003,2.84373667,5.68747334,15.8184765,2.431118314,1.912479741,0.5834683955,0.06482982172,0.1296596434,0.2084592145,0.5795111233,0.3469010176,-14.75015051,6609698.203,
12410,横芝光町,Yokoshibahikari-machi,basic_municipality,,True,True,True,,329.4284435,383.5128562,,38.86749717,7.066817667,6.568516421,2.808607022,0.906002265,4.983012458,14.90618485,2.710215427,2.519110493,1.077136901,0.03474635163,0.191104934,0.1109131821,0.5871929496,0.4775406656,2.036659878,3221056.157,121.13
12421,一宮町,Ichinomiya-machi,basic_municipality,,True,True,True,,517.4858634,711.9688809,,42.11145667,8.825754392,9.666302429,5.463562243,0.8405480373,9.246028411,29.98204668,6.283662478,6.882106523,3.889886296,0.05984440455,0.65828845,0.07309149973,0.7056487999,0.2609830361,-47.17748495,3825865.78,
12422,睦沢町,Mutsuzawa-machi,basic_municipality,,True,True,True,,189.9409947,310.9475621,,33.57988166,5.325443787,5.177514793,2.071005917,2.958579882,4.437869822,10.44158234,1.655933763,1.609935603,0.643974241,0.09199632015,0.1379944802,0.08416318664,0.6411821394,0.2247822422,5.649717514,2921810.7,
12423,長生村,Chosei-mura,basic_municipality,,True,True,True,,488.6017699,515.6144938,,29.26899949,4.564225168,4.564225168,2.028544519,0.7244801855,6.520321669,15.09152036,2.35338065,2.35338065,1.045946956,0.03735524841,0.3361972357,0.0548315321,0.673712651,0.4247787611,-5.124726807,3130539.748,
12424,白子町,Shirako-machi,basic_municipality,,True,True,True,,374.7272727,398.6460348,,36.58418244,6.889859292,5.919456574,2.911208151,0.9704027171,4.852013586,14.58413926,2.746615087,2.359767892,1.160541586,0.03868471954,0.1934235977,0.1249500998,0.6085828343,0.4727272727,-73.72783346,3384559.535,
12426,長柄町,Nagara-machi,basic_municipality,,True,True,True,,142.6661006,233.2061069,,40.17259336,5.058771016,5.356345782,3.273322422,0,4.463621485,9.368494101,1.179736294,1.249132547,0.7633587786,0,0.1040943789,0.09126466754,0.6359191656,0.1698153258,-0.9626183218,3126307.633,
12427,長南町,Chonan-machi,basic_municipality,,True,True,True,,109.8763548,201.7376682,,44.59572103,7.224228952,6.529591553,4.028896916,0,6.946373993,8.996636771,1.457399103,1.317264574,0.8127802691,0,0.1401345291,0.07495429616,0.6477757465,0.1831781407,-6.078597682,2883841.661,
12441,大多喜町,Otaki-machi,basic_municipality,,True,True,True,,68.41456841,218.7884757,,57.28756331,13.84355656,12.94316263,6.752954418,1.125492403,6.752954418,12.53385866,3.028810638,2.831814824,1.477468604,0.02462447673,0.1477468604,0.07555220884,0.6641566265,0.077000077,-1.124297314,2854573.171,
12443,御宿町,Onjuku-machi,basic_municipality,,True,True,True,,276.6197183,610.4795737,,47.57055572,8.292115217,7.564736689,5.528076811,1.454757056,7.273785278,29.04085258,5.062166963,4.618117229,3.374777975,0.08880994671,0.4440497336,0.05129112133,0.7460205164,0.08048289738,11.1400463,3337862.651,
12463,鋸南町,Kyonan-machi,basic_municipality,,True,True,True,,154.8151428,379.8479087,,50.33605034,12.72701273,10.86801087,6.721006721,2.86000286,7.15000715,19.12004345,4.834329169,4.1281912,2.552960348,0.1086366105,0.2715915263,0.1465517241,0.6954022989,0.08855435023,-6.13864351,2979120.06,
13100,特別区部,Ku-area,special_ward_aggregate,,False,False,False,overlapping_hierarchy,15510.45528,15510.45528,1,51.75020209,8.50237885,6.745416446,5.54016962,1.680831819,11.42883444,802.6691951,131.8757669,104.6244801,85.93055312,2.607046675,17.72664255,0.001654318393,0.8188360358,0.00637419725,6.043233724,5836299.446,60.04
13101,千代田区,Chiyoda-ku,special_ward,13100,True,True,True,,5718.696398,5718.696398,1,539.7420516,86.02279544,48.80023995,45.39592082,14.54709058,80.38392322,3086.620926,491.9382504,279.0737564,259.6054889,8.319039451,45.96912521,0.0002101281782,0.8711564054,,-5.302535048,11755408.35,56.03
13102,中央区,Chuo-ku,special_ward,13100,True,True,True,,16569.93144,16569.93144,1,201.7153429,38.92327062,19.54734335,24.33517162,6.265553053,40.78520384,3342.409403,644.9559256,323.8981391,403.2321254,10.38197845,67.58080313,0.0008134523159,0.8503247739,,45.38323622,8331281.012,52.98
13103,港区,Minato-ku,special_ward,13100,True,True,True,,12787.72705,12787.72705,1,157.5862042,21.01840406,13.24831277,17.19862104,4.491604155,33.24554871,2015.169367,268.7776141,169.4158076,219.9312715,5.743740795,42.51350025,0.0007447623776,0.8614634041,,-2.819478677,17807972.45,62.08
13104,新宿区,Shinjuku-ku,special_ward,13100,True,True,True,,19175.9056,19175.9056,1,94.72072356,11.76638951,11.23974985,13.93305379,2.919415544,20.23555676,1816.355653,225.6311745,215.532382,267.1789243,5.598243688,38.80351262,0.0009047142072,0.8511502795,,-8.462875336,6512720.515,51.88
13105,文京区,Bunkyo-ku,special_ward,13100,True,True,True,,21263.86182,21263.86182,1,57.32102021,9.009909651,6.135735976,5.256821997,1.083021965,12.32978852,1218.866253,191.5854739,130.469442,111.7803366,2.302922941,26.21789194,0.0007351817904,0.8561717079,,7.580360747,7624723.125,59.78
13106,台東区,Taito-ku,special_ward,13100,True,True,True,,20914.34224,20914.34224,1,108.2130493,25.90283952,15.72993322,12.48557538,1.749872307,12.48557538,2263.204748,541.7408506,328.9812067,261.1275964,3.659742829,26.11275964,0.0005671283673,0.7969571382,,10.31543289,5123982.498,55.42
13107,墨田区,Sumida-ku,special_ward,13100,True,True,True,,19759.25926,19759.25926,1,54.74392194,10.48201849,7.133800099,5.891541246,1.580388482,8.7840197,1081.699346,207.1169208,140.9586057,116.4124909,3.122730574,17.35657226,0.0008205795149,0.7872221835,,6.359162136,4553765.195,55.86
13108,江東区,Koto-ku,special_ward,13100,True,True,True,,12190.42083,12190.42083,1,37.0830234,7.224733459,5.092407164,3.618088535,1.506742195,8.430127215,452.057661,88.07254127,62.07858638,44.10602186,1.836782144,10.27667984,0.0008612058579,0.8098135044,,3.808486482,5287079.308,56.37
13109,品川区,Shinagawa-ku,special_ward,13100,True,True,True,,18497.72329,18497.72329,1,47.09482873,7.822707391,5.389502187,5.216716214,1.751529038,11.57429323,871.1471103,144.7022767,99.69352014,96.49737303,3.239929947,21.40980736,0.0009401394035,0.8218941282,,9.947042778,5982152.319,54.22
13110,目黒区,Meguro-ku,special_ward,13100,True,True,True,,19637.90048,19637.90048,1,42.60850851,7.150592874,6.806947877,4.87003971,1.527311099,11.62839132,836.7416496,140.4226312,133.674165,95.63735515,2.999318337,22.83571915,0.00161461181,0.8560603472,,5.735607676,7786703.086,65.09
13111,大田区,Ota-ku,special_ward,13100,True,True,True,,12093.12965,12093.12965,1,38.14025487,6.747932376,5.091694616,3.741573439,1.18971074,8.247769961,461.2350469,81.60362108,61.57452312,45.24733269,1.438732622,9.974135144,0.001306632744,0.7849380357,,9.138185516,4938400.586,59.81
13112,世田谷区,Setagaya-ku,special_ward,13100,True,True,True,,16256.05512,16256.05512,1,29.14172841,4.7241391,5.028272775,3.065709829,1.239848082,9.706844809,473.7295435,76.79586563,81.73987941,49.83634798,2.015503876,15.77950043,0.003035371998,0.8534174628,,5.645519438,6597327.989,67.45
13113,渋谷区,Shibuya-ku,special_ward,13100,True,True,True,,16140.50298,16140.50298,1,136.4752771,18.58678137,19.99319346,16.27829738,5.166411763,27.59519934,2202.779616,300,322.7001985,262.7399073,8.338848445,44.54003971,0.0007503564193,0.8716354554,,1.668092756,11651704.07,56.7
13114,中野区,Nakano-ku,special_ward,13100,True,True,True,,22121.873,22121.873,1,34.68452795,5.219206681,4.972744143,3.975295755,1.275806077,9.162607284,767.2867223,115.4586273,110.0064144,87.94098781,2.822322001,20.26940346,0.001090092979,0.858758149,,5.200367981,4946943.652,52.25
13115,杉並区,Suginami-ku,special_ward,13100,True,True,True,,17354.90311,17354.90311,1,32.60656259,5.053222085,5.004161676,4.024645242,0.8797038781,9.101551662,565.8837346,87.69817968,86.84674105,69.84732824,1.526717557,15.79565473,0.001836048411,0.8577121964,,5.849462962,5561667.138,60.31
13116,豊島区,Toshima-ku,special_ward,13100,True,True,True,,23182.0907,23182.0907,1,63.46506454,10.63000872,9.907194653,7.407186363,2.221492777,16.27989483,1471.252882,246.4258263,229.669485,171.7140661,5.149884704,37.74019985,0.0009859073247,0.8469855262,,-3.085078943,5227580.153,52.7
13117,北区,Kita-ku,special_ward,13100,True,True,True,,17234.98302,17234.98302,1,32.9633206,5.469957462,4.830904274,3.561243536,1.041628544,8.10781137,568.1222707,94.27462397,83.26055313,61.37797186,1.795245027,13.97379913,0.0007403405567,0.8112531765,,7.545106314,4409033.345,56.63
13118,荒川区,Arakawa-ku,special_ward,13100,True,True,True,,21405.01969,21405.01969,1,38.37682492,6.9249339,5.646626049,3.687780205,1.241522014,8.828600989,821.4566929,148.2283465,120.8661417,78.93700787,2.657480315,18.8976378,0.001123887819,0.7906550809,,4.957755603,4440886.115,62.09
13119,板橋区,Itabashi-ku,special_ward,13100,True,True,True,,18140.37865,18140.37865,1,29.49273118,4.817933114,4.166074976,2.865780527,0.9752208362,6.706781891,535.009311,87.39913097,75.57417753,51.98634389,1.769087523,12.1663563,0.001305775415,0.8006093619,,9.099797206,4224255.567,54.8
13120,練馬区,Nerima-ku,special_ward,13100,True,True,True,,15653.24459,15653.24459,1,27.03000765,3.992782431,3.793475488,2.31993282,1.102831753,7.706535142,423.1073211,62.5,59.38019967,36.31447587,1.726289517,12.06322795,0.003580642153,0.8283653996,,6.185591888,4762654.96,66.63
13121,足立区,Adachi-ku,special_ward,13100,True,True,True,,13052.4507,13052.4507,1,33.26844526,5.914741966,5.080261221,2.943702764,1.122232725,6.330543578,434.2347418,77.20187793,66.30985915,38.42253521,1.464788732,8.262910798,0.001971824814,0.7690116776,,8.665627918,3959436.985,63.84
13122,葛飾区,Katsushika-ku,special_ward,13100,True,True,True,,13019.91379,13019.91379,1,34.43001768,5.594877873,5.166709704,3.489349869,1.103526208,8.188164461,448.2758621,72.84482759,67.27011494,45.43103448,1.436781609,10.66091954,0.002069993236,0.7773104329,,4.681687791,3995223.256,67.58
13123,江戸川区,Edogawa-ku,special_ward,13100,True,True,True,,13986.61323,13986.61323,1,28.33800428,4.521930503,3.966002419,2.162101752,1.160571517,6.390307365,396.3527054,63.24649299,55.47094188,30.24048096,1.623246493,8.937875752,0.002252052618,0.7815870077,,3.182086884,4244689.958,65.71
13201,八王子市,Hachioji-shi,basic_municipality,,True,True,True,,3108.461208,5362.908451,0.9066893356,30.01613864,5.254118805,4.782905127,2.822103891,1.587972832,6.559018219,160.9738036,28.17735814,25.65028233,15.13468481,0.851615292,3.517541424,0.006549771155,0.777959832,0.03755767786,2.840365384,4040752.051,78.29
13202,立川市,Tachikawa-shi,basic_municipality,,True,True,True,,7536.165846,7545.458282,0.9959309515,41.89976087,8.034600531,7.511670598,4.624661594,2.015459116,9.423633165,316.1528977,60.62474312,56.67899712,34.89519112,1.520756268,7.110563091,0.00902970297,0.7937557756,0.1231527094,6.281643106,4278840.115,67.85
13203,武蔵野市,Musashino-shi,basic_municipality,,True,True,True,,13674.77231,13674.77231,1,51.39561369,9.184210351,10.30309892,7.07963423,2.331017856,14.4523107,702.8233151,125.5919854,140.8925319,96.81238616,3.187613843,19.76320583,0.003662719414,0.8514581038,0,2.235972817,6163051.966,65.39
13204,三鷹市,Mitaka-shi,basic_municipality,,True,True,True,,11899.57369,11906.82511,1,25.36964343,3.526262724,3.485319181,2.098356629,1.177126889,7.574555635,302.0719074,41.98659354,41.49908592,24.98476539,1.4015844,9.01889092,0.007599463567,0.8297188561,0.06090133983,4.971206896,5234511.253,67.28
13205,青梅市,Ome-shi,basic_municipality,,True,True,True,,1292.566063,3453.19369,0.790736511,31.77444116,5.721346463,5.496686262,3.002958026,1.048414273,6.66491931,109.7232997,19.75691751,18.98112232,10.36979571,0.3620377554,2.301525731,0.01119799038,0.6988218228,0.03871842029,5.863444483,3512328.722,84.02
13206,府中市,Fuchu-shi,basic_municipality,,True,True,True,,8929.323819,8929.323819,1,27.89299441,4.372312493,4.090718825,2.720803684,1.40796834,7.077894897,249.0655793,39.04179409,36.52735304,24.29493714,1.257220523,6.320081549,0.006493006544,0.8002823046,0.03397893306,5.682035878,4461729.106,68.55
13207,昭島市,Akishima-shi,basic_municipality,,True,True,True,,6571.453287,6679.308324,0.9421495581,29.22360003,5.414703069,4.721410456,3.308497661,1.579654056,5.265513519,195.1934349,36.16647128,31.53575615,22.09847597,1.055099648,3.516998828,0.005976789168,0.7525338491,0.05767012687,12.790577,3785013.703,74.28
13208,調布市,Chofu-shi,basic_municipality,,True,True,True,,11242.53939,11305.40541,1,27.47574336,4.459759124,4.616386523,3.074843167,1.360185315,8.2847651,310.6244175,50.4193849,52.19012116,34.76234856,1.537744641,9.366262815,0.005824157507,0.8324819343,0.04633920297,4.18637298,4766880.939,64.55
13209,町田市,Machida-shi,basic_municipality,,True,True,True,,6024.863732,6760.962986,0.9497980649,27.12727829,4.966607049,5.080275309,2.498381967,1.50784427,7.747999787,183.4065245,33.57904642,34.34755332,16.89146801,1.01944793,5.238393977,0.007331169258,0.7908944355,0.05590496157,5.544319688,4381368.994,82.54
13210,小金井市,Koganei-shi,basic_municipality,,True,True,True,,11156.99115,11206.57778,1,22.73268081,3.704173739,3.831083332,2.498532608,1.189777432,7.297301585,254.7555556,41.51111111,42.93333333,28,1.333333333,8.177777778,0.005636249399,0.842628525,0.08849557522,4.75338329,4869233.867,66.29
13211,小平市,Kodaira-shi,basic_municipality,,True,True,True,,9689.858606,9718.288509,1,21.93832111,3.81404757,3.78385722,2.128419686,1.056662256,7.195366788,213.202934,37.06601467,36.77261614,20.68459658,1.026894866,6.992665037,0.007598611549,0.8073587883,0.09751340809,2.129075859,4396178.208,71.73
13212,日野市,Hino-shi,basic_municipality,,True,True,True,,6912.341198,7172.693032,0.9904744401,22.62714312,3.339722215,3.266206317,1.911413343,0.9452044005,6.616430803,162.2975518,23.95480226,23.42749529,13.70998117,0.6779661017,4.745762712,0.005962597099,0.7859948892,0.03629764065,8.823357757,4197083.821,76.18
13213,東村山市,Higashimurayama-shi,basic_municipality,,True,True,True,,8857.351225,9052.772809,0.9995257386,23.93044166,3.807265422,3.833613279,2.634785759,1.185653592,6.257616178,216.6368515,34.46630888,34.70483005,23.85211688,1.073345259,5.664877758,0.008066277655,0.7973913315,0.05834305718,5.230738825,3924944.782,77.01
13214,国分寺市,Kokubunji-shi,basic_municipality,,True,True,True,,11277.66143,11307.26159,1,26.40782408,4.402593584,4.410331007,3.373516349,0.9284907383,8.898036242,298.600175,49.78127734,49.8687664,38.14523185,1.049868766,10.06124234,0.007759014149,0.8197900502,0.0872600349,7.088803089,4961912.589,72.11
13215,国立市,Kunitachi-shi,basic_municipality,,True,True,True,,9463.803681,9498.768473,0.9848048749,34.18903151,5.860235965,5.678724232,3.66913004,1.555814858,11.27965772,324.7536946,55.66502463,53.9408867,34.85221675,1.477832512,10.71428571,0.006482508906,0.8179057408,0.1226993865,6.940154313,5222685.029,68.3
13218,福生市,Fussa-shi,basic_municipality,,True,True,True,,5552.559055,5669.748744,0.9999645478,28.50356295,5.40645939,5.760981317,3.988371681,1.063565782,7.799482398,161.6080402,30.65326633,32.66331658,22.61306533,0.6030150754,4.422110553,0.005218666437,0.7471318899,0,-0.6362447421,3485046.558,69.64
13219,狛江市,Komae-shi,basic_municipality,,True,True,True,,13266.35368,13287.14734,1,22.60180248,3.597886094,3.432737225,2.111546265,1.297598264,7.549662624,300.3134796,47.80564263,45.61128527,28.05642633,1.724137931,10.03134796,0.007712551135,0.8253471951,0,2.766673167,4521496.74,64.85
13220,東大和市,Higashiyamato-shi,basic_municipality,,True,True,True,,6251.937407,7359.736842,0.9911204872,27.73506871,4.862874102,4.684091966,2.836676559,0.8343166351,6.078592627,204.122807,35.78947368,34.47368421,20.87719298,0.6140350877,4.473684211,0.007098757038,0.7715886529,0.07451564829,5.38848887,3811433.922,79.99
13221,清瀬市,Kiyose-shi,basic_municipality,,True,True,True,,7449.462366,7582.885572,0.9653054797,22.77976066,4.002204493,3.897228637,2.348834768,0.6560990972,6.036111694,172.7363184,30.34825871,29.55223881,17.81094527,0.4975124378,4.577114428,0.01463319459,0.7910379813,0.1955034213,11.27834584,4030935.65,73.11
13222,東久留米市,Higashikurume-shi,basic_municipality,,True,True,True,,8949.611801,9062.185535,1,26.67626723,5.00559551,4.450382143,2.177477423,1.474785505,5.899142022,241.745283,45.36163522,40.33018868,19.7327044,1.336477987,5.34591195,0.0103273822,0.7879959861,0.07763975155,4.977433914,4157593.283,75.09
13223,武蔵村山市,Musashimurayama-shi,basic_municipality,,True,True,True,,4623.302872,4857.956104,0.9474085473,32.43021926,6.762766663,6.536870491,2.513094919,1.553036186,3.81199791,157.5445816,32.85322359,31.7558299,12.2085048,0.7544581619,1.851851852,0.01385000187,0.6987717923,0.1305483029,1.640828335,3558945.338,81.36
13224,多摩市,Tama-shi,basic_municipality,,True,True,True,,6994.33603,7116.271186,0.9831032113,24.51837687,4.702247688,4.606977836,2.272866466,1.701247355,7.689638043,174.4794189,33.46246973,32.78450363,16.17433414,1.210653753,5.472154964,0.005278929309,0.8249569146,0,6.867723724,4149174.982,69.49
13225,稲城市,Inagi-shi,basic_municipality,,True,True,True,,5183.695047,6052.696556,0.9375207996,23.7893313,3.757340233,3.392341467,1.803523312,1.824993827,5.58233406,143.9896036,22.74204029,20.53281352,10.91617934,1.104613385,3.378817414,0.01046463965,0.7922503798,0.05564830273,2.960091997,4662798.783,75.05
13227,羽村市,Hamura-shi,basic_municipality,,True,True,True,,5487.474747,5526.551373,0.9857342709,32.82038066,5.448588153,4.96999595,5.319736406,1.104443545,6.810735191,181.3835198,30.11190234,27.46693795,29.39979654,0.6103763988,3.763987792,0.008389749554,0.6899530672,0,-2.253999926,3693322.776,78.37
13228,あきる野市,Akiruno-shi,basic_municipality,,True,True,True,,1079.243229,2687.864407,0.8048605156,27.63204359,5.271654139,5.448216718,2.207032235,1.008929022,5.801341876,74.27118644,14.16949153,14.6440678,5.93220339,0.2711864407,1.559322034,0.01722230104,0.7126968364,0.05444399074,5.388420574,3611547.331,97.05
13229,西東京市,Nishitokyo-shi,basic_municipality,,True,True,True,,13167.49206,13243.16731,1,23.10644782,3.997338322,4.137172835,2.107161456,1.01259475,7.184600845,306.0025543,52.93742018,54.78927203,27.9054917,1.340996169,9.514687101,0.006079716885,0.8280778567,0.06349206349,2.395209581,4401463.685,70.97
13303,瑞穂町,Mizuho-machi,basic_municipality,,True,True,True,,1885.163205,2257.64037,0.6945065323,52.10136943,9.727687707,7.744372737,3.116637809,1.2592476,5.036990398,117.6261549,21.96162047,17.48400853,7.036247335,0.2842928216,1.137171286,0.01879750271,0.6394543974,0.118694362,6.528597757,3464803.171,90.46
13305,日の出町,Hinode-machi,basic_municipality,,True,True,True,,604.1325258,1880.044346,,41.04257578,9.081259582,8.727444274,3.420214648,1.179384361,8.84538271,77.16186253,17.07317073,16.40798226,6.430155211,0.22172949,1.662971175,0.02088096327,0.7120865722,0.03562522266,6.662100741,3319071.262,107.11
13307,檜原村,Hinohara-mura,basic_municipality,,True,True,True,,19.00199222,253.5443038,,83.37493759,11.98202696,12.48127808,8.487269096,0,14.9775337,21.13924051,3.037974684,3.164556962,2.151898734,0,0.3797468354,0.03743315508,0.7101604278,0.009486765961,6.760270411,2913272.011,
13308,奥多摩町,Okutama-machi,basic_municipality,,True,True,True,,21.06149958,342.7128427,,50.94736842,6.526315789,6.736842105,7.368421053,0,16.84210526,17.46031746,2.236652237,2.308802309,2.525252525,0,0.5772005772,0.03410230692,0.7261785356,0,12.91184328,3099711.816,
13361,大島町,Oshima-machi,basic_municipality,,True,True,True,,78.25033054,163.7915129,,73.92283864,18.58631371,19.00872994,7.040270346,0,4.224162208,12.10793358,3.044280443,3.113468635,1.153136531,0,0.06918819188,0.06246605106,0.762629006,0.0330542089,-9.980918832,3575185.435,
13362,利島村,Toshima-mura,basic_municipality,,True,True,True,,79.36893204,240.4411765,,91.74311927,15.29051988,15.29051988,6.116207951,0,30.58103976,22.05882353,3.676470588,3.676470588,1.470588235,0,0.7352941176,0.1617021277,0.6723404255,0.4854368932,-30,3480225.989,
13363,新島村,Niijima-mura,basic_municipality,,True,True,True,,88.63471314,272.4330357,,84.80131094,18.02539943,16.38672675,6.554690701,0,12.29004506,23.10267857,4.910714286,4.464285714,1.785714286,0,0.3348214286,0.04065620542,0.7646219686,0,0.4140786749,3518339.768,
13364,神津島村,Kouzushima-mura,basic_municipality,,True,True,True,,99.83853606,419.6832579,,90.56603774,17.25067385,13.47708895,9.164420485,0,10.78167116,38.00904977,7.239819005,5.656108597,3.846153846,0,0.4524886878,0.1258215962,0.7117370892,0,-5.757052389,3400778.21,
13381,三宅村,Miyake-mura,basic_municipality,,True,True,True,,41.13282664,162.7057981,,103.3875935,17.15794105,17.15794105,12.31852178,0,8.798944127,16.82176092,2.791696492,2.791696492,2.004294918,0,0.1431639227,0.06181533646,0.7323943662,0.01809627217,-9.045680687,3701286.765,
13382,御蔵島村,Mikurajima-mura,basic_municipality,,True,True,True,,15.71776156,142.920354,,86.6873065,15.47987616,15.47987616,6.191950464,0,30.95975232,12.38938053,2.212389381,2.212389381,0.8849557522,0,0.4424778761,0.01401869159,0.7757009346,0,26.49006623,3611464.968,
13401,八丈町,Hachijo-machi,basic_municipality,,True,True,True,,97.48062016,215.8136684,,73.13263277,12.49644987,12.63845498,16.04657768,0,2.840102244,15.78302176,2.696904689,2.727551333,3.463070794,0,0.06129328838,0.1327027027,0.6832432432,0.0553709856,-5.995905235,3471252.567,
13402,青ヶ島村,Aogashima-mura,basic_municipality,,True,True,True,,28.3557047,71.91489362,,88.75739645,5.917159763,5.917159763,11.83431953,0,59.17159763,6.382978723,0.4255319149,0.4255319149,0.8510638298,0,0.4255319149,0.03816793893,0.6870229008,0,31.25,4009900.99,
13421,小笠原村,Ogasawara-mura,basic_municipality,,True,True,True,,27.40456587,52.78428546,,94.23011267,10.24240355,12.97371116,12.63229771,0,10.24240355,4.973869166,0.5406379528,0.6848080735,0.6667868084,0,0.05406379528,0.0990521327,0.7838862559,0,-46.07371795,4520254.63,
14100,横浜市,Yokohama-shi,designated_city,,True,False,True,,8624.211776,9411.024191,0.9764735376,30.83501721,5.09465145,4.698621387,2.892396037,1.360691528,8.206505323,290.1890929,47.94588804,44.21883953,27.22040908,1.280550088,7.723162012,0.004431750334,0.7851833117,0.05935937536,2.878724825,4629513.33,73.71
14101,鶴見区,Tsurumi-ku,designated_city_ward,14100,False,True,False,overlapping_hierarchy,8953.552077,9090.372861,1,29.12885754,4.390845793,3.866364978,2.632490242,0.8405141257,5.648254925,264.792176,39.91442543,35.14669927,23.93031785,0.7640586797,5.134474328,0.001879466465,0.7397084642,,5.294866986,,66.67
14102,神奈川区,Kanagawa-ku,designated_city_ward,14100,False,True,False,overlapping_hierarchy,10420.01686,10878.44259,0.9784483979,34.161453,5.483950547,4.307085054,3.049335334,1.132379169,8.088422636,371.6234052,59.65684118,46.85437747,33.17201936,1.231852178,8.798944127,0.004786667723,0.7899145615,,10.05157994,,61.65
14103,西区,Nishi-ku,designated_city_ward,14100,False,True,False,overlapping_hierarchy,14926.74253,15055.23673,1,80.64992614,17.82055558,16.64840139,9.281936437,4.002477724,18.10644685,1214.20373,268.2926829,250.6456241,139.7417504,6.025824964,27.25968436,0.000804931679,0.8094667818,,7.609146043,,59.34
14104,中区,Naka-ku,designated_city_ward,14100,False,True,False,overlapping_hierarchy,6963.569457,7137.576615,1,96.65231062,13.77916347,12.41842154,16.26284778,2.377995614,15.52302692,689.863272,98.34983498,88.63743517,116.077322,1.697312588,11.0796794,0.001287672573,0.8197421395,,6.269067878,,60.77
14105,南区,Minami-ku,designated_city_ward,14100,False,True,False,overlapping_hierarchy,15664.58498,16582.17573,1,27.10981696,4.304667511,4.254202476,2.795762956,0.6055804236,6.76231473,449.539749,71.38075314,70.54393305,46.35983264,1.0041841,11.21338912,0.001672064825,0.7964407235,,5.279530974,,64.87
14106,保土ケ谷区,Hodogaya-ku,designated_city_ward,14100,False,True,False,overlapping_hierarchy,9476.105791,10463.79658,0.9765700564,23.52137279,3.589800347,3.464686662,2.049939609,0.6736890732,6.592528788,246.12286,37.56294058,36.25377644,21.45015106,0.7049345418,6.898288016,0.003670837238,0.7951827151,,2.210097382,,73.11
14107,磯子区,Isogo-ku,designated_city_ward,14100,False,True,False,overlapping_hierarchy,8752.283465,9859.905381,0.9789781144,23.1090799,3.634597046,3.580617881,2.201150356,1.559398072,7.796990362,227.8533412,35.83678297,35.30455352,21.70313424,1.537551745,7.687758723,0.002294064605,0.7806052087,,-2.059352844,,75.12
14108,金沢区,Kanazawa-ku,designated_city_ward,14100,False,True,False,overlapping_hierarchy,6425.678295,7284.474551,0.9937166669,28.02366555,4.926133136,4.518973153,2.131306581,1.40746661,8.344266333,204.1376785,35.88429147,32.91834493,15.52544855,1.025265471,6.078359575,0.004118569026,0.7889576588,,-1.578051029,,83.91
14109,港北区,Kohoku-ku,designated_city_ward,14100,False,True,False,overlapping_hierarchy,11418.15287,12149.44087,0.9856553148,32.30970909,5.235266226,4.192117814,2.437731849,1.478258444,8.730092321,392.5449,63.60555744,50.9318875,29.61707896,1.796001355,10.60657404,0.004443437133,0.7941644847,,7.027487331,,66.53
14110,戸塚区,Totsuka-ku,designated_city_ward,14100,False,True,False,overlapping_hierarchy,7927.046661,9041.077119,0.9543757865,21.37401351,3.619906312,3.545886807,1.730646543,1.198411048,6.697002915,193.2441045,32.72785214,32.05863607,15.64690886,1.08349267,6.054811982,0.005273545679,0.7723092045,,1.199945878,,79.07
14111,港南区,Konan-ku,designated_city_ward,14100,False,True,False,overlapping_hierarchy,10816.48241,11591.16855,0.9930266483,25.47758864,4.209098342,4.246264774,2.137069799,1.672489408,8.966401546,295.3150242,48.78836834,49.21917071,24.77113624,1.938610662,10.39310716,0.002890142358,0.8013215149,,-1.834784295,,79.32
14112,旭区,Asahi-ku,designated_city_ward,14100,False,True,False,overlapping_hierarchy,7490.803544,8442.630854,0.9690423944,21.13193079,3.352720925,3.389429548,1.639651839,1.060471339,7.015425779,178.4090909,28.30578512,28.61570248,13.84297521,0.8953168044,5.922865014,0.004280561883,0.7802486712,,3.765178505,,81.2
14113,緑区,Midori-ku,designated_city_ward,14100,False,True,False,overlapping_hierarchy,7176.871815,8575.269321,0.9622955834,20.57547984,3.506625447,3.380998678,1.654996122,0.983166013,7.26450443,176.440281,30.07025761,28.99297424,14.19203747,0.8430913349,6.229508197,0.007053272956,0.7733469262,,2.329833992,,74.14
14114,瀬谷区,Seya-ku,designated_city_ward,14100,False,True,False,overlapping_hierarchy,7141.700641,7731.588903,0.9631308971,25.54170099,4.411896626,4.012297856,1.834892312,1.38636308,7.013366171,197.4779319,34.110971,31.02143758,14.18663304,1.071878941,5.422446406,0.006824046641,0.768995508,,3.663816119,,81.61
14115,栄区,Sakae-ku,designated_city_ward,14100,False,True,False,overlapping_hierarchy,6489.956803,7975.713338,0.9506797344,17.63815165,2.520924505,2.487644974,0.8902274656,0.5823917999,5.574321514,140.6768414,20.1061712,19.8407432,7.100199071,0.4644990046,4.445919044,0.00556720994,0.7861263515,,1.71523744,,83.49
14116,泉区,Izumi-ku,designated_city_ward,14100,False,True,False,overlapping_hierarchy,6462.171332,6967.443987,0.901239024,23.08075969,3.504442899,3.392878237,1.299400176,1.181272887,7.022011051,160.8139003,24.4170096,23.63968907,9.053497942,0.8230452675,4.892546868,0.01008343898,0.7617124156,,4.812784663,,86.17
14117,青葉区,Aoba-ku,designated_city_ward,14100,False,True,False,overlapping_hierarchy,8823.282226,9480.04881,0.9769079278,24.67209,4.164038667,4.302410895,2.072365457,1.448081453,9.171182535,233.8926174,39.47528981,40.78706528,19.64612569,1.372788286,8.694325808,0.004731690024,0.8196386841,,-2.387933281,,81.68
14118,都筑区,Tsuzuki-ku,designated_city_ward,14100,False,True,False,overlapping_hierarchy,7647.362756,8106.960822,0.9663917197,37.85916709,7.019124299,6.240264249,2.242741587,2.299044723,9.102340334,306.9227843,56.90376569,50.58957779,18.18181818,1.86382655,7.379231647,0.008489322966,0.7679216246,,-1.513345378,,82.93
14130,川崎市,Kawasaki-shi,designated_city,,True,False,True,,10760.08674,11375.15344,0.992867925,26.79842576,4.129985659,3.954462894,2.723853284,1.157150082,6.871391219,304.836205,46.97922059,44.9826222,30.98424906,1.316275974,7.816312948,0.003659281192,0.7854922395,0.03497481813,4.208733921,4592521.318,63.89
14131,川崎区,Kawasaki-ku,designated_city_ward,14130,False,True,False,overlapping_hierarchy,5899.341605,5899.341605,1,44.47878437,6.8508145,6.236988389,4.983581225,1.416521795,7.082608976,262.3955432,40.41529501,36.79412509,29.39984806,0.8356545961,4.178272981,0.000767430978,0.7232569022,,5.648026611,,56.5
14132,幸区,Saiwai-ku,designated_city_ward,14130,False,True,False,overlapping_hierarchy,17094.80519,17094.80519,1,27.00459914,4.511480315,4.342007609,2.682343866,1.636288197,7.53861348,461.6383616,77.12287712,74.22577423,45.85414585,2.797202797,12.88711289,0.00143023689,0.7623643378,,9.530456272,,62.17
14133,中原区,Nakahara-ku,designated_city_ward,14130,False,True,False,overlapping_hierarchy,17888.94166,17962.05722,1,26.89213942,4.183053136,4.270279085,3.625565547,0.948108145,8.191654373,483.0381471,75.13623978,76.70299728,65.1226158,1.702997275,14.71389646,0.001672103491,0.7963168935,,2.157501393,,57.77
14134,高津区,Takatsu-ku,designated_city_ward,14130,False,True,False,overlapping_hierarchy,14323.22738,15265.66775,1,25.24239527,3.640196647,3.597521423,2.278856987,1.024205387,5.846505753,385.3420195,55.57003257,54.91856678,34.78827362,1.563517915,8.925081433,0.00421847041,0.7934062063,,3.487715396,,61.05
14135,多摩区,Tama-ku,designated_city_ward,14130,False,True,False,overlapping_hierarchy,10816.29268,11857.43316,0.9997880343,21.85501547,3.202034871,3.328312302,2.236914501,0.856882571,6.584466072,259.144385,37.96791444,39.46524064,26.52406417,1.016042781,7.807486631,0.0054334116,0.8088021268,,8.813314236,,62.51
14136,宮前区,Miyamae-ku,designated_city_ward,14130,False,True,False,overlapping_hierarchy,12559.26921,13432.64368,0.9958498768,20.20724945,3.294427711,2.678326944,1.283543264,1.155188938,5.733159912,271.4367816,44.25287356,35.97701149,17.24137931,1.551724138,7.701149425,0.006573401404,0.7990944997,,-0.2219860063,,72.05
14137,麻生区,Asao-ku,designated_city_ward,14130,False,True,False,overlapping_hierarchy,7772.258065,9219.642857,0.9449157467,20.28167455,3.038100772,3.065770178,1.571622257,1.217453861,7.194045544,186.9897959,28.01020408,28.26530612,14.48979592,1.12244898,6.632653061,0.006390233745,0.8171430059,,1.247359194,,82.31
14150,相模原市,Sagamihara-shi,designated_city,,True,False,True,,2205.749293,5146.435412,0.9177772908,29.75356068,4.759522146,4.420442375,2.540341533,1.281886938,6.023490234,153.1247783,24.49457331,22.74952117,13.07370362,0.6597148329,3.099950344,0.005884835994,0.7405519827,0.04256483537,3.165413807,3855165.395,77.38
14151,緑区,Midori-ku,designated_city_ward,14150,False,True,False,overlapping_hierarchy,670.2910251,2455.735103,0.7161162584,33.24775127,5.46981029,5.252427926,2.508709983,1.351295775,6.051454993,81.64766989,13.43240514,12.89857163,6.160727168,0.331842447,1.486077045,0.009462404887,0.7148618489,,1.031537292,,89.54
14152,中央区,Chuo-ku,designated_city_ward,14150,False,True,False,overlapping_hierarchy,7428.125848,7601.304468,0.9768142401,30.89730717,4.79780922,4.158831584,2.720219078,1.424007303,5.148334094,234.859839,36.46960866,31.6125451,20.67721343,1.082431307,3.913405495,0.004641520965,0.7279589696,,3.516489984,,74.98
14153,南区,Minami-ku,designated_city_ward,14150,False,True,False,overlapping_hierarchy,7384.177381,7898.147628,0.9822928031,26.52703697,4.292653805,4.171834079,2.384412834,1.101591622,6.858296229,209.5144541,33.90401347,32.94976144,18.83244457,0.8700533258,5.416783609,0.004892194981,0.7686128338,,4.091658897,,72.77
14201,横須賀市,Yokosuka-shi,basic_municipality,,True,True,True,,3849.598254,5396.71812,0.9382237591,30.08931194,5.565891393,5.537546576,3.519910946,1.211096738,7.833476775,162.383535,30.03754693,29.88457794,18.99596718,0.6535947712,4.227506605,0.009016493444,0.7948747742,0.04959825414,-1.611962822,3588008.887,86.43
14203,平塚市,Hiratsuka-shi,basic_municipality,,True,True,True,,3810.409909,4109.111146,0.9307141033,35.8986464,6.601605126,6.257207204,3.374325715,1.625248624,7.31361881,147.5115281,27.12672921,25.71155987,13.86547941,0.6678327238,3.005247257,0.01445730942,0.6895288289,0.2064287821,5.609064935,3776987.316,86.04
14204,鎌倉市,Kamakura-shi,basic_municipality,,True,True,True,,4354.765507,6427.61444,0.9637369,41.32360604,8.146604134,8.991951827,5.905853743,1.389612645,10.30629379,265.6122069,52.36323037,57.7967994,37.9605508,0.8931894306,6.624488277,0.006963494408,0.8038220089,0.02521432173,1.581344716,5461994.686,99.44
14205,藤沢市,Fujisawa-shi,basic_municipality,,True,True,True,,6280.980449,6831.978108,0.9417264623,30.13011982,5.442830821,5.387898971,3.405774711,1.647955505,9.590185509,205.848319,37.18530102,36.81000782,23.26817826,1.125879593,6.551993745,0.01009198397,0.7465392421,0.1293847039,3.401933754,4570841.481,78.66
14206,小田原市,Odawara-shi,basic_municipality,,True,True,True,,1662.464789,2654.709024,0.8730673105,39.89812344,8.048460202,7.698987588,4.320752319,1.800313466,8.260261787,105.9179083,21.36631993,20.43857183,11.47034017,0.4779308406,2.192859151,0.0237570692,0.7160053601,0.1496478873,2.037926892,3803318.664,93.78
14207,茅ヶ崎市,Chigasaki-shi,basic_municipality,,True,True,True,,6789.607843,7374.170977,0.9431781145,25.97477608,4.327754147,4.488652538,2.871417432,1.072655937,6.765983605,191.5424399,31.91359903,33.10009127,21.17432309,0.7909948281,4.989351993,0.008115633523,0.755704226,0.08403361345,2.967515009,4295339.048,89.13
14208,逗子市,Zushi-shi,basic_municipality,,True,True,True,,3302.083333,5201.458523,0.9572029443,32.05397827,5.467928496,5.871012969,3.347353663,0.7010164739,12.96880477,166.7274385,28.44120328,30.53783045,17.41112124,0.3646308113,6.745670009,0.004290296712,0.8298315958,0,-1.988690404,5190299.593,98.33
14210,三浦市,Miura-shi,basic_municipality,,True,True,True,,1312.605304,1607.527703,0.5318880886,39.43521358,8.058190116,7.416387364,5.372126744,1.901637786,6.180322803,63.39319832,12.95376385,11.92204815,8.635842568,0.3056935422,0.9935040122,0.107988242,0.6986230726,0.3744149766,-1.179659656,3374767.462,94.56
14211,秦野市,Hadano-shi,basic_municipality,,True,True,True,,1565.526214,3265.761962,0.8882226559,26.7361902,4.961862607,4.814114837,2.665616016,1.600600841,6.033033939,87.31403297,16.20426216,15.72175312,8.70526739,0.5227181343,1.970245275,0.01772049377,0.6882785008,0.09637625289,3.260328051,3602698.899,88.32
14212,厚木市,Atsugi-shi,basic_municipality,,True,True,True,,2383.898124,3319.557798,0.8699626741,42.17608011,7.532241121,5.829105295,3.267696296,1.430455287,6.884066069,140.0059356,25.00370975,19.35005194,10.84730672,0.4748479003,2.28520552,0.01203181093,0.7063651214,0.1065643649,1.920116013,3900425.391,81.04
14213,大和市,Yamato-shi,basic_municipality,,True,True,True,,8828.682171,9427.236894,0.9943178255,29.07985567,4.745598301,4.56162797,3.324009382,1.337966041,7.317001785,274.1426882,44.73787939,43.0035475,31.33622389,1.261332282,6.897910918,0.004616076335,0.7554178948,0.0738279808,4.996948118,3952659.066,73.54
14214,伊勢原市,Isehara-shi,basic_municipality,,True,True,True,,1831.893449,2954.426705,0.785390057,33.739438,5.708390646,5.187659658,3.163686382,1.473766948,6.288072313,99.68069666,16.86502177,15.32656023,9.346879536,0.435413643,1.857764877,0.02192466471,0.7042630104,0.1979841613,1.282359542,3854217.604,87.74
14215,海老名市,Ebina-shi,basic_municipality,,True,True,True,,5134.110568,5281.083172,0.9326745583,32.1281022,6.101848868,5.603738756,3.149813941,1.611532714,7.10539424,169.6711799,32.22437137,29.59381044,16.6344294,0.8510638298,3.752417795,0.0110925785,0.7072368954,0.1880406168,10.01683681,4102312.813,80.55
14216,座間市,Zama-shi,basic_municipality,,True,True,True,,7531.303358,7937.912418,0.9431702248,24.78745513,4.269790289,4.179104478,2.267145286,1.813716229,4.609862082,196.7606479,33.89322136,33.17336533,17.99640072,1.439712058,3.659268146,0.00542769912,0.7451481012,0.1138303927,3.711352777,3644015.505,75.69
14217,南足柄市,Minamiashigara-shi,basic_municipality,,True,True,True,,529.5772822,1634.947958,0.7824734948,29.70054602,4.554246958,4.554246958,2.081241889,1.958815896,6.121299674,48.55884708,7.445956765,7.445956765,3.402722178,0.320256205,1.000800641,0.02742419538,0.654041188,0.09076763485,-1.095508415,3382433.572,106.13
14218,綾瀬市,Ayase-shi,basic_municipality,,True,True,True,,3790.108401,4077.405248,0.8812937209,33.21297058,4.302074768,3.598965595,1.72798017,0.9533683696,3.932644525,135.4227405,17.54130224,14.67444121,7.045675413,0.3887269193,1.603498542,0.01144995841,0.6678125866,0.09033423668,0.2977892129,3754944.651,88.83
14301,葉山町,Hayama-machi,basic_municipality,,True,True,True,,1858.274648,3847.509113,0.7450181589,30.66477183,6.158218854,6.126638244,3.252802779,1.26322438,5.368703616,117.9829891,23.69380316,23.57229648,12.51518834,0.4860267315,2.065613609,0.01043155187,0.8217347814,0,-4.243548235,5457238.681,115.9
14321,寒川町,Samukawa-machi,basic_municipality,,True,True,True,,3624.287856,3690.687023,0.8866344006,34.8928601,5.522462149,4.901960784,2.688839249,1.447836519,4.757177132,128.778626,20.38167939,18.09160305,9.923664122,0.534351145,1.755725191,0.01840093301,0.6317653665,0.1499250375,1.408249485,3574211.909,91.78
14341,大磯町,Oiso-machi,basic_municipality,,True,True,True,,1841.327125,2653.85906,0.8823417842,30.28387178,5.373964722,5.184295378,2.592147689,1.264462287,5.690080293,80.36912752,14.26174497,13.75838926,6.879194631,0.3355704698,1.510067114,0.02072575017,0.7563154222,0.1746216531,0.9761627358,4405476.24,103.57
14342,二宮町,Ninomiya-machi,basic_municipality,,True,True,True,,3035.682819,3755.313351,0.8963140328,32.17965462,6.276302423,6.493977652,2.793498767,0.7255840952,7.981425047,120.8446866,23.56948229,24.38692098,10.49046322,0.272479564,2.997275204,0.01643857802,0.7615191513,0.1101321586,0,3883455.39,103.36
14361,中井町,Nakai-machi,basic_municipality,,True,True,True,,465.2326163,690.4231626,,50.10752688,8.172043011,7.311827957,1.935483871,3.225806452,8.602150538,34.59539718,5.64216778,5.048255382,1.336302895,0.2227171492,0.5939123979,0.07471647765,0.6181899044,0.20010005,3.707448601,3327139.364,
14362,大井町,Oi-machi,basic_municipality,,True,True,True,,1191.168289,1572.910927,0.7592970985,38.29762391,6.830521338,6.246716096,3.677973028,2.33522097,5.838052426,60.23875115,10.74380165,9.825528007,5.785123967,0.3673094582,0.9182736455,0.03458664738,0.6810074717,0.2086230876,4.47607024,3424993.892,108.54
14363,松田町,Matsuda-machi,basic_municipality,,True,True,True,,287.0463576,1184.262295,0.7387412329,47.15762274,5.813953488,6.090808416,5.260243632,0,8.305647841,55.84699454,6.885245902,7.213114754,6.229508197,0,0.9836065574,0.02461480646,0.6910935738,0.02649006623,-30.61714176,3464315.182,
14364,山北町,Yamakita-machi,basic_municipality,,True,True,True,,43.45754864,369.4549584,,43.74551788,7.376293413,7.581190452,1.946521873,1.024485196,6.146911177,16.16199849,2.725208176,2.800908403,0.7191521575,0.03785011355,0.2271006813,0.05975933102,0.6394044463,0.01335648457,-0.9716074706,3233655.889,
14366,開成町,Kaisei-machi,basic_municipality,,True,True,True,,2798.320611,2798.320611,0.7470129303,35.4629276,5.728626766,5.783185116,2.509684107,1.636750505,10.36608653,99.23664122,16.03053435,16.18320611,7.022900763,0.4580152672,2.900763359,0.0207253886,0.691434241,0.3053435115,-0.1615856943,3977392.099,101.02
14382,箱根町,Hakone-machi,basic_municipality,,True,True,True,,121.6131811,679.0739627,,116.9751173,16.64748074,17.35588418,19.48109448,0.8855042947,6.198530063,79.43475646,11.30487072,11.78592904,13.22910403,0.06013229104,0.4209260373,0.01099776857,0.8563914568,0,-7.752653438,3156271.537,
14383,真鶴町,Manazuru-machi,basic_municipality,,True,True,True,,953.4751773,1909.659091,,43.58821779,8.628384409,7.58702767,5.950609938,1.487652484,2.975304969,83.23863636,16.47727273,14.48863636,11.36363636,0.2840909091,0.5681818182,0.02828348505,0.7873862159,0,-6.409278193,3703505.007,
14384,湯河原町,Yugawara-machi,basic_municipality,,True,True,True,,571.7842324,2252.5,0.6533765901,48.57850252,9.946213609,9.007086144,5.506701955,1.707504482,8.964398532,109.4230769,22.40384615,20.28846154,12.40384615,0.3846153846,2.019230769,0.02937274967,0.8025393216,0.04881620698,-2.803778631,3811060.815,98.34
14401,愛川町,Aikawa-machi,basic_municipality,,True,True,True,,1163.039673,2052.986612,0.6267024505,38.60141965,6.069878853,5.267250245,2.934610851,0.7524643207,5.267250245,79.24819773,12.46138002,10.81359423,6.024716787,0.1544799176,1.081359423,0.01625195579,0.5920860041,0.08751458576,3.936307997,3165253.542,92.14
14402,清川村,Kiyokawa-mura,basic_municipality,,True,True,True,,42.6445817,397.124183,,41.47465438,4.937458855,4.937458855,3.949967084,0,6.583278473,16.47058824,1.960784314,1.960784314,1.568627451,0,0.2614379085,0.04024297646,0.6962794229,0,-11.04565538,3148325.359,
15100,新潟市,Niigata-shi,designated_city,,True,False,True,,1086.73652,1177.021042,0.7520420639,41.80418739,9.337683317,7.345982072,3.588103006,1.685090748,8.324094897,49.20440819,10.99064975,8.646375472,4.223272738,0.1983387268,0.9797634848,0.03084494093,0.7321289068,0.450239577,-0.02626384926,3388811.722,113.3
15101,北区,Kita-ku,designated_city_ward,15100,False,True,False,overlapping_hierarchy,676.5542236,694.8272571,0.5344486567,36.3166859,7.005109609,6.194714576,1.950442283,1.098840723,5.494203615,25.23382325,4.867341096,4.304256538,1.355220462,0.07635044856,0.3817522428,0.04250202804,0.6408911809,,-3.948399971,,126.73
15102,東区,Higashi-ku,designated_city_ward,15100,False,True,False,overlapping_hierarchy,3480.352058,3484.862623,0.9512071761,33.90952501,8.047840769,5.571009922,2.134686045,1.561965399,6.470999509,118.1700363,28.04561949,19.41420425,7.43908761,0.5443234837,2.255054432,0.00790788891,0.7328556968,,1.146499736,,107.26
15103,中央区,Chuo-ku,designated_city_ward,15100,False,True,False,overlapping_hierarchy,4777.350993,5029.141104,0.9933682664,65.49114198,14.24491946,9.975325071,8.040145277,2.273420389,12.69788461,329.3641941,71.63970998,50.16731735,40.4350251,1.143335192,6.385945343,0.005074357502,0.8330852797,,4.510552717,,89.47
15104,江南区,Konan-ku,designated_city_ward,15100,False,True,False,overlapping_hierarchy,901.2463538,901.2463538,0.5661007474,39.64867887,9.915847702,8.179838757,2.604013417,1.765432825,7.503089507,35.73322726,8.936621586,7.372049854,2.346857597,0.1591089897,0.676213206,0.04563036383,0.6976308473,,3.8507109,,129.14
15105,秋葉区,Akiha-ku,designated_city_ward,15100,False,True,False,overlapping_hierarchy,787.0517928,930.799752,0.6312858837,30.77169005,6.913639452,6.434080646,2.317867562,1.065686235,6.527328191,28.64228146,6.435213887,5.98884067,2.157470552,0.09919404836,0.6075635462,0.03669878978,0.6908056925,,1.217746628,,135.42
15106,南区,Minami-ku,designated_city_ward,15100,False,True,False,overlapping_hierarchy,430.4528788,430.4528788,0.3350139282,40.79471418,9.554066809,8.42599627,2.463337707,0.690655432,6.90655432,17.56020216,4.112575562,3.626994351,1.060350808,0.0297294619,0.297294619,0.0963621456,0.5766193415,,-2.605770597,,147.97
15107,西区,Nishi-ku,designated_city_ward,15100,False,True,False,overlapping_hierarchy,1709.106383,1770.31405,0.8443568868,30.13270591,6.846927597,5.838561896,2.222139229,2.116323075,7.842844338,53.34435262,12.12121212,10.33608815,3.933884298,0.3746556474,1.388429752,0.02656985124,0.7942808191,,-4.321384945,,106.24
15108,西蒲区,Nishikan-ku,designated_city_ward,15100,False,True,False,overlapping_hierarchy,308.9199751,379.8203468,0.2117662157,43.32123345,9.184908151,8.359916401,2.5299747,1.099989,8.249917501,16.45428591,3.488614999,3.175266346,0.960935868,0.04177982035,0.3133486526,0.07929816977,0.5929889033,,-4.774858752,,166.73
15202,長岡市,Nagaoka-shi,basic_municipality,,True,True,True,,299.5746591,588.172043,0.4902748224,46.1121767,10.17097731,8.095573471,3.645068481,1.648335181,7.042886684,27.12189318,5.982284506,4.761589988,2.143927375,0.09695046712,0.414242905,0.03363854897,0.6462428915,0.2031311374,-3.271161674,3246657.469,126.39
15204,三条市,Sanjo-shi,basic_municipality,,True,True,True,,219.0939186,598.2427307,0.5448004057,58.96959067,14.1903172,9.467255553,4.057395237,1.690581349,7.079309398,35.27812895,8.489254109,5.663716814,2.427307206,0.1011378003,0.4235145386,0.04046336425,0.5802179108,0.1504734125,-2.53350589,3125662.469,137.51
15205,柏崎市,Kashiwazaki-shi,basic_municipality,,True,True,True,,184.4354456,528.4973421,0.4368422344,44.7709933,9.138189044,7.948384564,4.440301254,1.226602556,6.991634571,23.66135097,4.829508622,4.200700117,2.346687411,0.06482561908,0.3695060288,0.02853477034,0.610469592,0.1085899147,-4.01485233,3138541.305,131.26
15206,新発田市,Shibata-shi,basic_municipality,,True,True,True,,178.0626888,373.9933811,0.5204525583,41.76893824,9.638985747,8.532872628,4.171626618,1.369473385,8.322184415,15.62130644,3.60491687,3.191237885,1.560160744,0.05121739816,0.3112441888,0.05904625676,0.6266644229,0.1969574759,-2.814228214,3005169.94,130.01
15208,小千谷市,Ojiya-shi,basic_municipality,,True,True,True,,219.7048779,378.0882679,0.3072501173,48.77404974,10.76372595,9.707883623,4.164711403,2.639605819,7.332238386,18.44089599,4.069638501,3.670436904,1.574628521,0.0998003992,0.2772233311,0.0610975468,0.5355772585,0.2126425672,-5.797190356,2976410.185,140.23
15209,加茂市,Kamo-shi,basic_municipality,,True,True,True,,190.2557583,663.9091858,0.6223025824,47.40379702,11.63476278,10.88793679,3.930663103,1.179198931,7.468259895,31.47181628,7.724425887,7.228601253,2.60960334,0.07828810021,0.4958246347,0.06807474874,0.5838567839,0.1271313192,-5.938784833,2806253.711,147.08
15210,十日町市,Tokamachi-shi,basic_municipality,,True,True,True,,84.38489812,260.4150332,0.3024889603,56.08189482,11.70212766,10.07627459,5.359293456,1.40505821,7.226013649,14.6045685,3.047409963,2.624013381,1.395640583,0.03658982803,0.1881762584,0.1088763744,0.5897406428,0.1185656939,-7.957728546,2846454.719,163.96
15211,見附市,Mitsuke-shi,basic_municipality,,True,True,True,,503.619561,785.0540216,0.633381757,39.09575146,8.767235008,7.569386039,2.905420904,1.784030379,6.881260035,30.69227691,6.882753101,5.942376951,2.280912365,0.1400560224,0.5402160864,0.03561985533,0.6155649788,0.333718393,-2.101889073,3060901.051,139.98
15212,村上市,Murakami-shi,basic_municipality,,True,True,True,,48.90092576,237.4410719,0.2663102163,52.97990177,12.26096346,11.72106308,4.023128636,1.393291302,6.966456512,12.57960466,2.911256306,2.783061781,0.9552559755,0.03308245803,0.1654122901,0.08877604623,0.592575731,0.06131991109,-8.001196441,2800388.736,152.69
15213,燕市,Tsubame-shi,basic_municipality,,True,True,True,,695.817936,739.0484396,0.3893602414,64.80486004,13.31588969,9.857385267,4.326368829,1.554384011,9.196772063,47.89393069,9.841087498,7.2850852,3.197396132,0.1148765078,0.6796860042,0.0359501633,0.5438732309,0.4957187922,-0.4609205241,3132033.723,140.61
15216,糸魚川市,Itoigawa-shi,basic_municipality,,True,True,True,,54.62719768,290.5352434,0.3088924322,53.15834662,11.30872072,9.836869864,4.906169508,1.717159328,8.585796639,15.44437317,3.285581926,2.85795738,1.425415152,0.04988953033,0.2494476516,0.05065506551,0.5913091309,0.03082118353,-5.283772771,3063213.345,139.7
15217,妙高市,Myoko-shi,basic_municipality,,True,True,True,,68.17988017,245.360575,0.2604087812,53.68133496,9.511898101,8.820722114,4.048316493,2.303919955,3.949577066,13.17128321,2.333844787,2.16425745,0.9932972624,0.05652911249,0.09690704999,0.0536787288,0.6134997997,0.0605883805,-1.423053466,3000961.924,161.07
15218,五泉市,Gosen-shi,basic_municipality,,True,True,True,,135.3328976,311.0915148,0.4400209974,42.07874016,9.994750656,9.469816273,3.044619423,0.8398950131,7.979002625,13.09033902,3.109282122,2.945979489,0.9471552681,0.02612842119,0.2482200013,0.08547790296,0.5412630441,0.1449234179,-5.471656818,2799786.412,148.57
15222,上越市,Joetsu-shi,basic_municipality,,True,True,True,,193.0885418,437.2880962,0.4673352938,48.03586337,10.24212032,8.71058831,3.903279499,1.488989455,7.498125469,21.00551124,4.478757296,3.809036579,1.706857661,0.06511173639,0.3278841011,0.04346580358,0.6390088608,0.1714772716,-3.685435602,3236060.285,133.96
15223,阿賀野市,Agano-shi,basic_municipality,,True,True,True,,211.1445471,336.5252625,0.2761696481,42.24002359,9.33752703,8.698643601,2.924120307,0.7371731866,6.143109888,14.21483503,3.142313735,2.927313322,0.9840403539,0.02480774001,0.2067311668,0.08713130237,0.5546084177,0.3528068901,-4.18741223,2794454.67,146.8
15224,佐渡市,Sado-shi,basic_municipality,,True,True,True,,60.17670157,212.4608021,,65.40821875,14.91493824,13.03115047,5.573681349,0.5826147751,7.768197001,13.89668262,3.168839743,2.768608681,1.18418881,0.01237828024,0.1650437366,0.1792615928,0.6621460678,0.1145287958,-6.007941293,2802934.671,150.82
15225,魚沼市,Uonuma-shi,basic_municipality,,True,True,True,,36.42211331,217.9295962,,53.91062263,11.86091697,10.75892469,4.842966099,1.44998985,7.24994925,11.74872022,2.584844846,2.344688112,1.055425646,0.03159957025,0.1579978512,0.08865485345,0.5581188008,0.04013688791,-7.933091446,2831613.673,175.41
15226,南魚沼市,Minamiuonuma-shi,basic_municipality,,True,True,True,,93.8345736,282.8537541,0.1066343367,59.28788901,11.32158028,10.00893329,5.141200707,1.458496655,5.104738291,16.76980198,3.202351485,2.831064356,1.454207921,0.04125412541,0.1443894389,0.1196957007,0.599385818,0.1094859293,-8.248052543,2894374.037,164.93
15227,胎内市,Tainai-shi,basic_municipality,,True,True,True,,107.6258069,267.7655678,,42.93381038,9.40054018,8.874390543,3.191974464,1.052299274,8.067627767,11.49619611,2.517140979,2.376256222,0.8547008547,0.02817695125,0.2160232929,0.09259657421,0.5406005877,0.1585563819,-5.337613378,2924014.337,141.3
15307,聖籠町,Seiro-machi,basic_municipality,,True,True,True,,379.4305482,401.3228258,,43.4111789,6.031278491,5.049442457,1.613016341,0.7013114524,4.207868714,17.42189699,2.420489727,2.026456516,0.6473402758,0.02814522938,0.1688713763,0.06897506925,0.5502770083,0.3459286855,-8.651508652,2930003.286,
15342,弥彦村,Yahiko-mura,basic_municipality,,True,True,True,,306.1183949,444.3483276,,47.24205062,7.657365347,7.657365347,4.28293316,0,6.489292667,20.99192618,3.402537486,3.402537486,1.903114187,0,0.2883506344,0.07053442465,0.5609051517,0.3972983711,2.256437483,2858467.983,
15361,田上町,Tagami-machi,basic_municipality,,True,True,True,,354.0523494,551.1536573,,35.45025385,6.41311125,5.789614323,2.583058698,0,4.453549479,19.53853706,3.53460972,3.190967108,1.423662248,0,0.2454590083,0.05950201391,0.617722446,0.2838221381,-7.371703998,2730346.948,
15385,阿賀町,Aga-machi,basic_municipality,,True,True,True,,10.45766038,59.14648623,,54.39036628,10.73758154,11.13898645,3.010536879,0,8.028098344,3.21699905,0.6350902184,0.6588319088,0.1780626781,0,0.04748338082,0.07965987917,0.5985679123,0.01049439075,-16.24848016,2759976.176,
15405,出雲崎町,Izumozaki-machi,basic_municipality,,True,True,True,,92.67688148,296.7532468,,54.21833212,10.6977875,9.968392901,3.160709944,0,9.725261366,16.08946609,3.174603175,2.958152958,0.937950938,0,0.2886002886,0.09209209209,0.5810810811,0.1126633619,-1.801338137,2712987.013,
15461,湯沢町,Yuzawa-machi,basic_municipality,,True,True,True,,21.73864368,127.2027514,,94.63113171,13.26123342,11.84498519,11.45873568,1.287498391,3.862495172,12.03734032,1.686865378,1.506714707,1.457582706,0.01637733377,0.04913200131,0.03218210361,0.8076923077,0.008396540625,4.716981132,2986734.406,
15482,津南町,Tsunan-machi,basic_municipality,,True,True,True,,52.81123318,140.7610398,,51.17365669,11.23595506,10.12348426,3.782400712,0,8.899766381,7.203257125,1.581584717,1.42499217,0.5324146571,0,0.125274037,0.2466422466,0.522995523,0.1762528641,-7.332071902,2738722.906,
15504,刈羽村,Kariwa-mura,basic_municipality,,True,True,True,,166.7301104,287.0249017,,45.89041096,6.849315068,5.936073059,1.369863014,2.283105023,2.283105023,13.17169069,1.965923984,1.703800786,0.3931847969,0.06553079948,0.06553079948,0.0476618705,0.5930755396,0.2283974115,-6.631927996,3125132.556,
15581,関川村,Sekikawa-mura,basic_municipality,,True,True,True,,17.16898635,66.72720197,,51.12752722,10.30326594,10.49766719,1.749611198,0,9.720062208,3.411596835,0.6875081074,0.7004799585,0.1167466597,0,0.06485925542,0.1694979237,0.5254813137,0.04338974,-10.445534,2880938.416,
15586,粟島浦村,Awashimaura-mura,basic_municipality,,True,True,True,,36.09406953,255.7971014,,161.4730878,19.83002833,22.66288952,22.66288952,0,28.3286119,41.30434783,5.072463768,5.797101449,5.797101449,0,0.7246376812,0.3117870722,0.6539923954,0,-6.41025641,3148148.148,
16201,富山市,Toyama-shi,basic_municipality,,True,True,True,,333.3639365,878.6627043,0.5963453464,47.00220806,10.16094198,7.950466012,4.073073745,1.304543192,8.286265093,41.29908724,8.928040756,6.985777966,3.578857992,0.1146253449,0.7280832095,0.02022830443,0.6582081331,0.104695176,-2.008633906,3550316.999,119.13
16202,高岡市,Takaoka-shi,basic_municipality,,True,True,True,,793.93549,1166.687702,0.5031101068,52.27383363,12.5125456,9.784065435,4.489371548,1.682763097,8.173420757,60.98723882,14.59823307,11.41494882,5.237694573,0.196325901,0.9535829477,0.01971326165,0.6310736073,0.2481152782,1.131110455,3330089.569,139.36
16204,魚津市,Uozu-shi,basic_municipality,,True,True,True,,202.0587209,527.7307642,0.2978660417,54.05205378,11.96496855,10.46009621,5.846799063,1.480202294,7.647711854,28.52493165,6.314281995,5.520114568,3.085535738,0.0781148288,0.4035932821,0.03769242571,0.5541860584,0.09471113105,-4.324520289,3199640.657,139.02
16205,氷見市,Himi-shi,basic_municipality,,True,True,True,,190.6393684,459.3436455,0.2230489192,44.91467577,9.92036405,9.465301479,3.344709898,1.137656428,7.053469852,20.6312709,4.556856187,4.347826087,1.536371237,0.05225752508,0.3239966555,0.04053869603,0.601483234,0.1388045458,-8.51376669,2941089.987,182.58
16206,滑川市,Namerikawa-shi,basic_municipality,,True,True,True,,592.255584,679.458097,0.2082290024,37.68277226,8.037342731,7.759127021,2.503941389,1.236514266,6.182571331,25.60386473,5.461037597,5.27200168,1.701323251,0.08401596303,0.4200798152,0.03000750188,0.5494835247,0.4027828634,-0.246237188,3203644.959,150.01
16207,黒部市,Kurobe-shi,basic_municipality,,True,True,True,,92.97928737,180.3038574,,39.23003179,8.653312478,8.123517836,3.481507644,1.261415813,6.307079066,7.073326055,1.560225619,1.464701601,0.6277292576,0.02274381368,0.1137190684,0.03378246436,0.5236770162,0.06333419343,-3.473375048,3267273.174,158.3
16208,砺波市,Tonami-shi,basic_municipality,,True,True,True,,379.0758089,521.090791,0.1185155958,47.92955933,10.17568634,9.26195124,3.77954064,1.661336545,7.060680317,24.97565199,5.302456444,4.826317498,1.969483822,0.08657071745,0.3679255492,0.04339459629,0.6034008797,0.3778634968,-3.813686421,3214498.719,160.47
16209,小矢部市,Oyabe-shi,basic_municipality,,True,True,True,,216.1781159,386.9042851,0.1835213746,55.10126626,13.49066694,13.31815202,3.346789497,1.035089535,5.520477521,21.31891603,5.21959685,5.152850087,1.294887198,0.04004805767,0.2135896409,0.04529225073,0.6001719122,0.2685164466,-2.979502459,3137860.704,188.78
16210,南砺市,Nanto-shi,basic_municipality,,True,True,True,,71.69328787,310.2517636,,58.36827503,12.53728852,11.97404927,4.21386403,0.6258213906,6.675428166,18.10886027,3.889715876,3.714969905,1.307358747,0.01941621901,0.2071063362,0.06570173374,0.5622499412,0.1076812635,-4.058952486,2951176.823,195.64
16211,射水市,Imizu-shi,basic_municipality,,True,True,True,,829.1483918,930.1148011,0.4865001873,42.79165105,9.3782372,8.099887593,2.799144828,1.653038284,5.620330167,39.80114801,8.722837228,7.533825338,2.603526035,0.1537515375,0.5227552276,0.02114023958,0.6595840771,0.3289473684,-1.663266211,3293504.787,144.79
16321,舟橋村,Funahashi-mura,basic_municipality,,True,True,True,,902.5936599,902.5936599,,23.94636015,4.469987229,2.873563218,0.9578544061,0,3.19284802,21.61383285,4.034582133,2.593659942,0.8645533141,0,0.288184438,0.02922636103,0.6223495702,0.5763688761,8.753395714,3508157.1,
16322,上市町,Kamiichi-machi,basic_municipality,,True,True,True,,81.74982046,291.2114372,,39.48116376,8.061598884,7.699860472,2.428815048,0.5167691592,5.684460751,11.49736644,2.347629797,2.242287434,0.7072987208,0.01504890895,0.1655379985,0.04205180295,0.5759268664,0.06759325757,-5.949509567,3014869.467,161.55
16323,立山町,Tateyama-machi,basic_municipality,,True,True,True,,80.67948843,153.4063486,,36.70538884,6.816715069,6.171345595,1.371410132,0.8067118425,5.646982898,5.630839676,1.045727368,0.9467235938,0.2103830209,0.01237547181,0.0866283027,0.05613686703,0.5979531047,0.1106446679,0.8644109657,3064015.184,160.96
16342,入善町,Nyuzen-machi,basic_municipality,,True,True,True,,334.5824561,385.0589565,,40.60573011,8.641302068,7.970132975,2.432987961,0.4194806829,6.292210244,15.63560006,3.327410758,3.068971087,0.9368438055,0.01615247941,0.2422871911,0.05888182344,0.5267982492,0.5333333333,-1.123292595,3011705.989,163.53
16343,朝日町,Asahi-machi,basic_municipality,,True,True,True,,48.96597437,146.2645195,,53.33453659,10.01714647,9.746412779,4.24149445,0,2.707336883,7.80095037,1.465153115,1.425554382,0.6203801478,0,0.03959873284,0.05733902394,0.5889775469,0.06186478126,-13.3037694,2940395.91,
17201,金沢市,Kanazawa-shi,basic_municipality,,True,True,True,,988.148717,2413.409742,0.8617756134,53.70919625,11.42569735,8.522322527,5.711769353,1.597395813,9.066300561,129.6222975,27.57488929,20.56785621,13.7848398,0.3855170617,2.18806981,0.01220566775,0.752549228,0.07252405025,-1.335972179,3764395.67,100.14
17202,七尾市,Nanao-shi,basic_municipality,,True,True,True,,158.0270185,439.646884,0.1989264414,61.25248509,13.7972167,11.63021869,6.242544732,0.9940357853,7.554671968,26.92946421,6.06590333,5.113189407,2.74451534,0.04370247356,0.3321387991,0.05070920561,0.6782255796,0.1068174678,-21.46236559,2925371.712,142.42
17203,小松市,Komatsu-shi,basic_municipality,,True,True,True,,286.2579167,948.9502368,0.326523311,49.99246818,10.76109061,9.414777435,4.415530617,1.318068841,6.966935302,47.44036451,10.21173948,8.934155276,4.190118824,0.1250781739,0.6611274904,0.01891170881,0.5903924865,0.1051071284,2.076321403,3372711.141,134.91
17204,輪島市,Wajima-shi,basic_municipality,,True,True,True,,57.71783746,248.0395121,0.3193676853,64.24739922,15.32022107,14.79193758,5.9736671,0.8127438231,10.97204161,15.93589356,3.800020159,3.668984981,1.481705473,0.02015925814,0.2721499849,0.1025641026,0.640758547,0.04456432509,-75.35359327,2661347.97,169.11
17205,珠洲市,Suzu-shi,basic_municipality,,True,True,True,,52.30177994,212.6830071,,71.00317117,18.33088406,17.17070152,5.027457653,0,7.734550236,15.10116796,3.898667544,3.651916434,1.069254812,0,0.1645007403,0.1031118587,0.6385197645,0.08495145631,-71.91841041,2834506.291,191.39
17206,加賀市,Kaga-shi,basic_municipality,,True,True,True,,206.6891163,684.1991342,0.2021037646,53.22682695,9.807023094,9.205947485,5.251502689,0.4745333755,7.276178425,36.41774892,6.70995671,6.298701299,3.593073593,0.03246753247,0.4978354978,0.03493643598,0.5913197857,0.1111583352,-3.727533507,3127188.682,140
17207,羽咋市,Hakui-shi,basic_municipality,,True,True,True,,249.3219304,386.7892343,0.2775028177,51.45293282,10.7316117,9.653550252,4.018229039,0.9800558632,9.3105307,19.90144049,4.150871873,3.73388931,1.554207733,0.03790750569,0.360121304,0.0594852047,0.6185650588,0.2810018326,-1.225427623,3112504.354,158.35
17209,かほく市,Kahoku-shi,basic_municipality,,True,True,True,,541.4183737,870.9186221,,46.26099917,9.286594629,8.140101465,3.038206885,0.573246582,6.019089111,40.28956565,8.087868198,7.089365951,2.646030954,0.04992511233,0.5242136795,0.02165605096,0.6236499585,0.1862197393,9.254143646,3130929.001,143.34
17210,白山市,Hakusan-shi,basic_municipality,,True,True,True,,146.2512584,558.4623166,0.3423302659,41.13832331,7.309252953,6.521266575,2.680965147,1.177450909,6.158973987,22.97420334,4.081942337,3.641881639,1.497218007,0.06575619626,0.3439554881,0.02584975475,0.6381894846,0.06093360886,3.074899577,3307342.307,134.32
17211,能美市,Nomi-shi,basic_municipality,,True,True,True,,576.6936059,999.8557593,0.179976506,42.02130948,7.934381633,6.615419492,2.493662799,0.8243513385,5.976547204,42.0152483,7.933237173,6.614465279,2.493303111,0.08242324335,0.5975685143,0.01707442394,0.576933718,0.2139291657,4.245131177,3464156.716,136.07
17212,野々市市,Nonoichi-shi,basic_municipality,,True,True,True,,4221.091445,4221.091445,0.8807086201,40.14815332,9.102344596,7.844439009,4.210489535,4.193018624,9.259582795,169.4690265,38.42182891,33.1120944,17.77286136,1.769911504,3.908554572,0.01058975163,0.7037656321,0.2212389381,6.723705183,3549039.396,82.46
17324,川北町,Kawakita-machi,basic_municipality,,True,True,True,,419.057377,419.057377,,41.07579462,5.86797066,4.400977995,0.97799511,3.2599837,4.88997555,17.21311475,2.459016393,1.844262295,0.4098360656,0.1366120219,0.2049180328,0.0442144873,0.5873314519,0.5464480874,-6.124813773,3399305.556,
17361,津幡町,Tsubata-machi,basic_municipality,,True,True,True,,334.1803056,681.235023,0.5924452742,29.00668344,4.978759098,4.762291312,1.921151609,1.623508402,5.682279406,19.76036866,3.391705069,3.244239631,1.30875576,0.1105990783,0.3870967742,0.02265005663,0.6791928343,0.1627633602,4.131019962,3224068.004,136.61
17365,内灘町,Uchinada-machi,basic_municipality,,True,True,True,,1307.132317,1599.879591,0.8061262889,30.44329043,4.590953564,4.327538195,2.483630616,0.7526153383,5.268307368,48.70559904,7.344972908,6.923540036,3.973509934,0.1204093919,0.8428657435,0.01150845756,0.7136016065,0.2951303492,-7.871561063,3328194.016,125.4
17384,志賀町,Shika-machi,basic_municipality,,True,True,True,,75.49846004,217.8183094,,52.76435856,10.03757381,9.822866345,3.650026838,0.5367686527,5.367686527,11.49304338,2.186367356,2.13960014,0.7950426751,0.01169180405,0.1169180405,0.09501523727,0.5909882455,0.1175230994,-24.47612017,2862128.68,185.49
17386,宝達志水町,Hodatsushimizu-cho,basic_municipality,,True,True,True,,108.6987714,291.3701923,,36.96064681,6.105106839,5.775101064,2.062536094,0.8250144378,3.300057751,10.76923077,1.778846154,1.682692308,0.6009615385,0.02403846154,0.09615384615,0.07031121357,0.5736868105,0.1345170837,-6.851632549,2987514.406,
17407,中能登町,Nakanoto-machi,basic_municipality,,True,True,True,,184.9077697,423.1261192,,40.56831923,8.282950423,8.282950423,2.599758162,0.6045949214,3.627569528,17.16551548,3.504732668,3.504732668,1.100025582,0.02558199028,0.1534919417,0.04617639873,0.6038358172,0.1900503074,-6.049972775,2874243.064,178.99
17461,穴水町,Anamizu-machi,basic_municipality,,True,True,True,,43.06533486,160.9547124,,68.94803549,16.85678074,15.08238276,5.703422053,0,13.94169835,11.09751122,2.713178295,2.427580579,0.9179926561,0,0.2243982048,0.1017146178,0.6922406277,0.06004039081,-36.33994498,2893632.417,
17463,能登町,Noto-cho,basic_municipality,,True,True,True,,57.40476452,222.1010902,,62.40836361,15.55428061,14.72556894,4.14355836,0,6.37470517,13.8609656,3.454622682,3.270564916,0.9202888291,0,0.1415828968,0.1327567271,0.6519769357,0.06586892085,-32.65647896,2834798.206,174.74
18201,福井市,Fukui-shi,basic_municipality,,True,True,True,,489.0347116,1208.829086,0.704625507,58.46878717,12.86176085,9.903632094,5.958189747,1.944131012,9.911256137,70.67877056,15.54767061,11.97179853,7.202433068,0.2350122114,1.19810147,0.01865260272,0.6991820864,0.1454084486,-3.767286412,3665163.095,126.41
18202,敦賀市,Tsuruga-shi,basic_municipality,,True,True,True,,255.5533463,1202.54491,0.6941678078,49.5456243,10.1456492,8.745176148,5.679696253,1.089256816,7.624797709,59.58083832,12.2005988,10.51646707,6.83008982,0.130988024,0.9169161677,0.01530675997,0.6930526053,0.0357895574,-3.350325414,3530480.557,111.76
18204,小浜市,Obama-shi,basic_municipality,,True,True,True,,124.3661791,680.2205537,0.3397606154,59.39774413,13.31447691,11.2448691,5.346486841,1.724673174,6.553758063,40.4035664,9.056780854,7.648991084,3.636790239,0.1173158142,0.4458000939,0.03994927077,0.6689212992,0.06005748359,-3.400376212,3234030.837,121.53
18205,大野市,Ono-shi,basic_municipality,,True,True,True,,35.86075674,244.345517,0.4088729783,55.52004091,11.09122291,10.83551748,5.273924439,1.917790705,7.031899252,13.5660731,2.710090597,2.647610122,1.288659794,0.04686035614,0.1718213058,0.07368545154,0.5852982787,0.04814139816,-9.657623822,2997752.32,167.1
18206,勝山市,Katsuyama-shi,basic_municipality,,True,True,True,,87.24594297,416.1969185,0.4075395034,49.25507901,10.248307,10.20316027,4.514672686,0.9029345372,5.417607223,20.4998121,4.265313792,4.246523863,1.87899286,0.0375798572,0.2254791432,0.05212775215,0.5790618745,0.07483850638,-7.978723404,3004814.094,160.91
18207,鯖江市,Sabae-shi,basic_municipality,,True,True,True,,807.4476889,1286.047825,0.4068841322,49.76428216,9.516558812,7.62788791,3.601651489,1.171268777,6.002752482,63.99924685,12.23874976,9.809828658,4.631896065,0.1506307663,0.7719826775,0.01516233117,0.5708574855,0.2364345667,2.635354748,3288881.515,143.77
18208,あわら市,Awara-shi,basic_municipality,,True,True,True,,235.2880834,390.3559779,0.1860558058,45.1242552,8.973986339,8.320011626,4.650486848,0.72663857,5.81310856,17.61452276,3.503049213,3.247766274,1.815345341,0.02836477095,0.2269181676,0.05928466438,0.6033456989,0.290647974,0.4941838364,3111155.315,158.89
18209,越前市,Echizen-shi,basic_municipality,,True,True,True,,349.4191591,907.8837707,0.3471610574,51.49421295,11.80980263,9.527235737,4.18057089,1.612683133,5.706417238,46.75076022,10.72192815,8.649622705,3.795472463,0.1464128843,0.51807636,0.02432596324,0.5125478123,0.156046814,6.39160387,3307377.474,141.32
18210,坂井市,Sakai-shi,basic_municipality,,True,True,True,,422.00124,650.3086873,0.3129598445,40.59628621,8.713735152,7.967812299,3.051502582,1.243204756,5.311874866,26.4001176,5.666617669,5.181537557,1.984418639,0.08084668529,0.3454358371,0.03778627613,0.6212463604,0.3147803692,-2.781861359,3220525.452,144.19
18322,永平寺町,Eiheiji-cho,basic_municipality,,True,True,True,,200.8365985,735.647789,0.3015027683,36.85736884,6.696546269,6.06380174,2.478249407,1.054574216,5.800158186,27.11404189,4.926299457,4.460822343,1.823118697,0.07757951901,0.4266873545,0.02963335008,0.6908086389,0.1058985492,-4.080707323,3294423.44,134.94
18382,池田町,Ikeda-cho,basic_municipality,,True,True,True,,12.44798356,138.0626781,,62.31943871,10.31778787,10.73049938,4.952538176,0,16.50846059,8.603988604,1.424501425,1.481481481,0.6837606838,0,0.2279202279,0.09509202454,0.5513803681,0.02568713075,-8.691674291,2863000,
18404,南越前町,Minamiechizen-cho,basic_municipality,,True,True,True,,29.10180686,329.6638102,,38.19236153,6.398720256,6.49870026,3.599280144,0.99980004,7.99840032,12.59063942,2.1094265,2.142386289,1.186552406,0.03295978906,0.2636783125,0.05719339623,0.5823506289,0.03200558643,-4.762912786,2970179.832,
18423,越前町,Echizen-cho,basic_municipality,,True,True,True,,131.3614104,509.7035723,,48.06640819,10.53782682,10.04075952,2.535043245,0.4970673029,4.473605726,24.49961996,5.371167976,5.117810996,1.292120598,0.025335698,0.228021282,0.06588735388,0.5714423727,0.09141364675,-3.540897365,3044408.428,176.1
18442,美浜町,Mihama-cho,basic_municipality,,True,True,True,,60.24942566,358.2747853,,52.62011112,6.972437085,6.645604096,3.050441225,0,10.89443294,18.85245902,2.4980484,2.380952381,1.092896175,0,0.3903200625,0.06624669783,0.7106279212,0.05251066623,-5.647763947,3265588.915,
18481,高浜町,Takahama-cho,basic_municipality,,True,True,True,,142.6243094,540.3453689,,50.55200465,7.360061979,6.294789851,3.68003099,0.9684292078,6.779004455,27.3155416,3.976975406,3.401360544,1.988487703,0.05232862376,0.3663003663,0.0599567879,0.645660785,0.05524861878,-5.029337804,3382710.28,
18483,おおい町,Ohi-cho,basic_municipality,,True,True,True,,37.27791131,309.2259578,,58.5335019,6.447534766,6.826801517,3.034134008,0,8.849557522,18.10007819,1.993745113,2.111024238,0.9382329945,0,0.2736512901,0.08607714017,0.648635936,0.03298930204,-4.166124203,3233323.624,
18501,若狭町,Wakasa-cho,basic_municipality,,True,True,True,,78.45257437,273.9776952,,52.56016568,10.28351068,9.283724916,3.856316504,0.7141326859,7.141326859,14.40031305,2.817452553,2.543533555,1.056544707,0.01956564273,0.1956564273,0.09031811895,0.6437067773,0.1176536501,-7.488392991,3057331.304,
19201,甲府市,Kofu-shi,basic_municipality,,True,True,True,,892.3189156,2479.285995,0.7873633242,55.28743453,12.0680834,9.193474374,6.213375107,2.057059671,11.81490683,137.0733621,29.92023016,22.79325226,15.40473388,0.5100039231,2.929253302,0.02390921986,0.719387234,0.05647856168,-1.136796301,3737819.754,94.88
19202,富士吉田市,Fujiyoshida-shi,basic_municipality,,True,True,True,,382.2079842,2579.268293,0.5074790458,69.22415646,12.91639802,10.81022996,9.284332689,2.578981302,10.96067054,178.5476718,33.31485588,27.88248337,23.94678492,0.6651884701,2.827050998,0.01092422403,0.630917288,0.01642845408,-0.8411698732,3508107.86,116.57
19204,都留市,Tsuru-shi,basic_municipality,,True,True,True,,191.895069,1226.898734,0.2600915656,57.58318287,10.09156564,8.769667269,5.126386381,2.579313903,6.125870518,70.64873418,12.38132911,10.75949367,6.289556962,0.3164556962,0.7515822785,0.01587411139,0.6328249016,0.01856091072,-1.403065699,3321871.029,99.78
19205,山梨市,Yamanashi-shi,basic_municipality,,True,True,True,,115.3726708,634.8015948,0.1628532974,42.53028264,8.733363242,8.135187678,3.798414835,1.495438911,8.075370121,26.99829125,5.543952914,5.164230112,2.411239795,0.09493070059,0.5126257832,0.1821063755,0.6153575203,0.06556245687,-0.8560073372,3239840.473,123.14
19206,大月市,Otsuki-shi,basic_municipality,,True,True,True,,80.32827832,600.6403415,,51.75017768,8.706467662,7.995735608,3.82018479,0.8884150675,9.772565743,31.0832444,5.22945571,4.802561366,2.294557097,0.05336179296,0.5869797225,0.01835405565,0.6499901322,0.01070472792,-6.193112508,3118663.963,124.77
19207,韮崎市,Nirasaki-shi,basic_municipality,,True,True,True,,202.2896513,569.6061141,,48.16458527,9.254481027,7.981559844,4.334812674,1.032098256,13.41727732,27.43484225,5.271408975,4.546345287,2.469135802,0.05878894768,0.7642563198,0.08870371615,0.5692493784,0.1183102512,-1.187135765,3442901.474,110.45
19208,南アルプス市,Minamiarupusu-shi,basic_municipality,,True,True,True,,262.9628227,980.5053642,,37.0434357,7.097712319,6.07552657,2.375502095,2.015577535,5.038943837,36.32128741,6.959345003,5.957086392,2.329192547,0.1976284585,0.4940711462,0.08854326641,0.5776952503,0.09464677822,5.716197753,3271785.943,118.03
19209,北杜市,Hokuto-shi,basic_municipality,,True,True,True,,73.11943965,306.6476403,,55.81912696,9.8063696,10.01066897,6.242480648,0.9079971852,6.355980296,17.11680356,3.007100097,3.069748016,1.91424196,0.02784351942,0.1949046359,0.1469074577,0.5995134275,0.08465011287,9.541648303,3387696.861,120.92
19210,甲斐市,Kai-shi,basic_municipality,,True,True,True,,1046.740792,1862.799901,0.7016318564,37.41717897,7.395801522,6.36012375,3.372591717,2.124467223,9.560102506,69.70071729,13.77689834,11.84763789,6.282463517,0.3957457334,1.7808558,0.02496086992,0.6795452673,0.1250868659,0.7594605211,3532760.353,101.45
19211,笛吹市,Fuefuki-shi,basic_municipality,,True,True,True,,331.5520998,799.6536073,,40.56940565,7.752401153,6.945792941,3.659611334,1.344347021,5.974875648,32.44147157,6.199235547,5.55422838,2.926421405,0.1075011945,0.4777830865,0.1569828442,0.6073727492,0.1584786054,-0.1047010784,3274817.171,111.8
19212,上野原市,Uenohara-shi,basic_municipality,,True,True,True,,132.9014481,735.7676079,0.3078653668,48.21562486,7.763906657,7.102210067,3.396709162,2.2056553,8.381490141,35.47549497,5.712431029,5.225576112,2.499188575,0.1622849724,0.6166828952,0.01670927684,0.6467311907,0.017588087,-7.685778951,3243857.494,119.86
19213,甲州市,Koshu-shi,basic_municipality,,True,True,True,,110.7000871,551.3294362,,45.96914868,9.063857441,8.892841263,4.104388275,1.710161781,7.866744194,25.34414482,4.997171412,4.902885159,2.262870074,0.09428625306,0.4337167641,0.2344966269,0.5550077841,0.07572602325,-3.920354895,3346661.399,128.18
19214,中央市,Chuo-shi,basic_municipality,,True,True,True,,985.0426002,1192.816202,0.2772616607,40.97257817,8.841619682,7.11173757,3.10738083,1.922091235,7.688364941,48.87275506,10.54642721,8.482995797,3.706534199,0.2292701567,0.9170806267,0.05585621701,0.5957773769,0.2524455664,2.71268425,3475906.505,104.65
19346,市川三郷町,Ichikawamisato-cho,basic_municipality,,True,True,True,,195.5307263,534.7399054,,43.19727891,9.523809524,7.68707483,2.857142857,0.6802721088,6.802721088,23.09930884,5.092761004,4.110585668,1.527828301,0.03637686431,0.3637686431,0.0410308091,0.619205298,0.0532056398,-2.355549397,3033825.236,
19364,早川町,Hayakawa-cho,basic_municipality,,True,True,True,,2.96788842,62.45733788,,71.03825137,8.196721311,8.196721311,5.464480874,0,63.75227687,4.436860068,0.5119453925,0.5119453925,0.3412969283,0,0.3981797497,0.04515050167,0.5551839465,0.002702994918,-4.656577416,3083756.345,
19365,身延町,Minobu-cho,basic_municipality,,True,True,True,,35.31028545,181.066395,,64.61596174,15.09894026,13.97355341,3.56372503,0,11.25386852,11.69977925,2.733910681,2.530140941,0.6452708439,0,0.2037697402,0.02911443591,0.6714516781,0.01324591033,-14.88064483,2862899.263,
19366,南部町,Nambu-cho,basic_municipality,,True,True,True,,35.62503111,279.7498045,,53.24203466,11.03968698,10.8999441,3.633314701,0,16.76914477,14.89444879,3.088350274,3.049257232,1.016419077,0,0.4691164973,0.03009458298,0.5987388937,0.01991337681,-5.764966741,2876005.362,
19368,富士川町,Fujikawa-cho,basic_municipality,,True,True,True,,126.9553571,709.1770574,,44.44757015,9.353681694,8.580068922,3.16477952,0.7032843379,8.439412054,31.52119701,6.633416459,6.08478803,2.244389027,0.04987531172,0.5985037406,0.03763135473,0.6377449588,0.03571428571,-0.3590406434,3145330.96,
19384,昭和町,Showa-cho,basic_municipality,,True,True,True,,2302.753304,2302.753304,,77.33511885,20.03921756,18.07833947,11.04787412,2.391314745,16.73920321,178.0837004,46.14537445,41.62995595,25.44052863,0.550660793,3.854625551,0.02338337182,0.6687836798,0.2202643172,7.855239164,3956918.935,89.29
19422,道志村,Doshi-mura,basic_municipality,,True,True,True,,20.16817269,323.9919355,,80.27380212,4.978220286,6.222775358,5.600497822,0,6.222775358,26.00806452,1.612903226,2.016129032,1.814516129,0,0.2016129032,0.1005649718,0.5141242938,0.0125502008,-13.25381047,3361462.729,
19423,西桂町,Nishikatsura-cho,basic_municipality,,True,True,True,,265.5059133,1796,,45.03835684,9.156149468,8.908685969,2.96956199,0,4.949269983,80.88888889,16.44444444,16,5.333333333,0,0.8888888889,0.01204819277,0.5706024096,0,-20.31893004,3089147.287,
19424,忍野村,Oshino-mura,basic_municipality,,True,True,True,,368.742515,933.030303,,42.32976074,7.253437263,7.145177006,3.464328245,0,6.49561546,39.49494949,6.767676768,6.666666667,3.232323232,0,0.6060606061,0.01398601399,0.4407434671,0.07984031936,-5.237752901,5679487.179,
19425,山中湖村,Yamanakako-mura,basic_municipality,,True,True,True,,97.62488219,375.2898551,,88.24097316,8.882023557,8.688936088,8.495848619,1.930874686,5.792624059,33.11594203,3.333333333,3.260869565,3.188405797,0.07246376812,0.2173913043,0.01309090909,0.7698181818,0,6.698728959,5137313.433,
19429,鳴沢村,Narusawa-mura,basic_municipality,,True,True,True,,31.52489395,232.2368421,,55.9490085,6.373937677,7.436260623,3.895184136,0,10.62322946,12.99342105,1.480263158,1.726973684,0.9046052632,0,0.2467105263,0.08965062624,0.6110744891,0.02232641215,5.886200131,3634146.341,
19430,富士河口湖町,Fujikawaguchiko-machi,basic_municipality,,True,True,True,,164.6590909,726.9230769,,61.53669197,10.73537305,10.54366996,9.125067096,1.917030903,8.051529791,44.73244147,7.803790412,7.664437012,6.633221851,0.1393534002,0.5852842809,0.02333070922,0.6934087168,0.03787878788,1.069518717,3776297.114,120.74
19442,小菅村,Kosuge-mura,basic_municipality,,True,True,True,,12.95945434,211.7647059,,92.10526316,20.46783626,21.92982456,2.923976608,0,14.61988304,19.50464396,4.334365325,4.643962848,0.6191950464,0,0.3095975232,0.08011869436,0.6973293769,0,-22.72727273,3224899.598,
19443,丹波山村,Tabayama-mura,basic_municipality,,True,True,True,,5.231984205,202.2900763,,73.58490566,13.20754717,13.20754717,5.660377358,0,37.73584906,14.88549618,2.671755725,2.671755725,1.145038168,0,0.7633587786,0.08108108108,0.749034749,0,-1.996007984,2870192.308,
20201,長野市,Nagano-shi,basic_municipality,,True,True,True,,446.5207652,1196.123733,0.7297054405,47.78141431,9.260650284,7.667131666,4.077690739,1.85105698,7.833458526,57.15248363,11.07688358,9.170838147,4.877422667,0.2214093184,0.936978565,0.05360845898,0.693972221,0.09583018891,-1.271341859,3571105.279,107.49
20202,松本市,Matsumoto-shi,basic_municipality,,True,True,True,,246.451092,1033.493336,0.6181094362,51.6369819,11.19243609,8.488668643,5.776607435,1.741690684,10.03545585,53.36647666,11.5673081,8.772982471,5.970085287,0.1800025715,1.037157674,0.05098032619,0.6924778575,0.07358426932,-0.3758900692,3708448.063,102.74
20203,上田市,Ueda-shi,basic_municipality,,True,True,True,,279.0649228,988.4190941,0.3004381552,46.13936581,9.009769238,8.02310863,4.044010256,2.14209211,6.491188212,45.60503016,8.905427948,7.930193764,3.997176954,0.2117284743,0.6416014372,0.04420505201,0.6011462534,0.09419607275,-0.5939026,3346275.533,110.45
20204,岡谷市,Okaya-shi,basic_municipality,,True,True,True,,561.5746181,2181.195801,0.8417032852,50.17786148,10.52521448,8.432726512,3.368905629,1.673990375,5.858966311,109.4477408,22.95755363,18.39342766,7.348242812,0.3651300776,1.277955272,0.0145991597,0.5688579553,0.02350176263,-3.184918978,3385100.441,115.04
20205,飯田市,Iida-shi,basic_municipality,,True,True,True,,149.0359214,871.8713918,0.3093802209,57.23075669,11.35854285,9.698056314,6.346522147,1.528055091,8.760849191,49.89785949,9.90318856,8.455457856,5.533351097,0.1332267519,0.7638333777,0.0818342357,0.5873939958,0.04402878572,-7.688742838,3296119.134,126.32
20206,諏訪市,Suwa-shi,basic_municipality,,True,True,True,,446.3588898,1667.088608,0.2951220013,61.95489339,11.14326171,8.906400706,6.177019844,2.257382667,9.645180488,103.284297,18.57680465,14.84775915,10.29763941,0.3763256928,1.607937051,0.02951233412,0.6172352031,0.05496015389,-5.529973296,3599913.289,99.01
20207,須坂市,Suzaka-shi,basic_municipality,,True,True,True,,331.1218013,1045.989869,0.5192195161,43.36245687,8.858128695,7.84923021,4.015415969,1.412457878,8.272967574,45.35669059,9.265512875,8.210215281,4.200084424,0.1477416631,0.865344027,0.1143685567,0.5813466495,0.1135832164,-0.4476184663,3255415.887,121.35
20208,小諸市,Komoro-shi,basic_municipality,,True,True,True,,415.9411466,634.1429455,,46.01009978,9.148349638,7.660218097,4.879119807,2.683515894,8.050547681,29.1769802,5.801361386,4.857673267,3.094059406,0.1701732673,0.510519802,0.08599406219,0.6108651492,0.2638254693,-2.691039566,3130762.097,120.41
20209,伊那市,Ina-shi,basic_municipality,,True,True,True,,98.9998952,463.7096774,0.1490964083,47.15311909,9.512287335,8.801512287,5.217391304,1.663516068,8.31758034,21.86535764,4.410939691,4.081346424,2.419354839,0.07713884993,0.3856942496,0.07796266821,0.5624945739,0.07635530669,1.694889139,3293714.361,128.55
20210,駒ヶ根市,Komagane-shi,basic_municipality,,True,True,True,,194.1516942,715.7590576,0.1992112291,51.11483759,10.15464878,9.502515372,5.496553009,2.484317744,9.937270977,36.58590798,7.26828184,6.801511447,3.934207602,0.1778172927,0.7112691709,0.06313309776,0.5303297998,0.1085252623,-3.511572227,3325783.62,120.56
20211,中野市,Nakano-shi,basic_municipality,,True,True,True,,377.4113033,645.5931686,0.2793943975,46.24687042,11.36095234,9.967405168,3.661013747,2.125749917,6.613444187,29.85666362,7.334553217,6.434888686,2.363525465,0.1372369625,0.4269594389,0.2255268014,0.5294193382,0.2674273489,-1.043593757,3229125.906,135.31
20212,大町市,Omachi-shi,basic_municipality,,True,True,True,,46.05679908,169.9575579,,46.7555419,8.567367167,8.144761612,4.956010604,1.152560605,10.37304545,7.946457721,1.456088802,1.384263794,0.8423114594,0.01958863859,0.1762977473,0.08900394477,0.6218770546,0.04246660179,-1.778585827,3039846.813,143.97
20213,飯山市,Iiyama-shi,basic_municipality,,True,True,True,,96.52225461,250.3716043,,57.67951277,12.89728236,12.0272276,4.657351963,1.535390757,7.676953785,14.44131215,3.229113275,3.011276269,1.166068683,0.03844182471,0.1922091235,0.1784306364,0.5876666041,0.1630193153,-7.654688497,3106033.143,161.83
20214,茅野市,Chino-shi,basic_municipality,,True,True,True,,211.5608237,781.9215306,0.2098404255,45.35460993,7.80141844,6.932624113,4.237588652,1.773049645,6.560283688,35.46374601,6.100097047,5.420768058,3.313461805,0.1386385692,0.5129627062,0.06354963909,0.5652725888,0.08627480401,1.405689343,3408229.733,110.93
20215,塩尻市,Shiojiri-shi,basic_municipality,,True,True,True,,231.8815091,939.1201117,0.5796463467,41.35869484,8.566202168,7.302092473,3.61386654,1.635906664,5.65131393,38.84078212,8.044692737,6.857541899,3.393854749,0.1536312849,0.530726257,0.07332522693,0.5863755903,0.100006897,0.9508473277,3461770.85,110.86
20217,佐久市,Saku-shi,basic_municipality,,True,True,True,,231.8693773,618.3816121,0.1944826322,46.88438782,9.776066966,8.706809642,4.949133902,1.527510463,9.165062781,28.99244332,6.04534005,5.384130982,3.060453401,0.09445843829,0.5667506297,0.07872939971,0.6187985655,0.148756818,1.817621688,3403346.837,119.12
20218,千曲市,Chikuma-shi,basic_municipality,,True,True,True,,491.2930963,1180.581745,0.3413817712,43.3630123,8.359953782,7.10256236,3.483314076,1.359342078,7.136545912,51.19358074,9.869608826,8.385155466,4.112337011,0.1604814443,0.8425275827,0.06154706952,0.5993145895,0.1252191335,3.398759453,3221911.175,130.16
20219,東御市,Tomi-shi,basic_municipality,,True,True,True,,268.0608703,528.4561404,,42.39426333,8.697961623,6.805656995,3.054246066,2.323882876,3.983799217,22.40350877,4.596491228,3.596491228,1.614035088,0.1228070175,0.2105263158,0.1060844569,0.5619738553,0.213580137,-2.071966296,3183933.646,133.95
20220,安曇野市,Azumino-shi,basic_municipality,,True,True,True,,283.9893906,676.6391382,0.09010634459,38.41990193,7.77949948,6.972893804,3.70401817,2.122646516,9.127380017,25.99640934,5.263913824,4.718132855,2.506283662,0.1436265709,0.6175942549,0.07988264181,0.6197095177,0.1959129544,4.381023908,3292923.727,125.74
20303,小海町,Koumi-machi,basic_municipality,,True,True,True,,38.117338,200.7841328,,61.33700896,12.86469102,12.86469102,4.364805881,2.297266253,6.891798759,12.31549815,2.58302583,2.58302583,0.8763837638,0.04612546125,0.1383763838,0.2164993453,0.559580969,0.07880910683,-1.191611058,3022331.155,
20304,川上村,Kawakami-mura,basic_municipality,,True,True,True,,20.72420209,131.9562576,,35.91160221,9.208103131,6.445672192,1.841620626,2.302025783,4.604051565,4.738760632,1.215066829,0.8505467801,0.2430133657,0.03037667072,0.06075334143,0.7561678949,0.2066645306,0.09064453032,-8.262186725,3476931.33,
20305,南牧村,Minamimaki-mura,basic_municipality,,True,True,True,,24.35945601,107.9227696,,43.49167181,9.253547193,7.402837754,3.392967304,0,18.50709439,4.693741678,0.9986684421,0.7989347537,0.3661784288,0,0.1997336884,0.6064880113,0.337564645,0.1502742505,-16.12361438,3257925.072,
20306,南相木村,Minamiaiki-mura,basic_municipality,,True,True,True,,14.56472369,118.6189889,,50.93555094,9.355509356,8.316008316,1.03950104,0,10.3950104,6.041923551,1.10974106,0.9864364982,0.1233045623,0,0.1233045623,0.3333333333,0.5098039216,0.04542013626,7.559395248,2964912.281,
20307,北相木村,Kitaaiki-mura,basic_municipality,,True,True,True,,13.35227273,146.0194175,,43.88297872,7.978723404,7.978723404,0,0,13.29787234,6.40776699,1.165048544,1.165048544,0,0,0.1941747573,0.3068783069,0.4417989418,0.03551136364,-13.91035549,3327510.917,
20309,佐久穂町,Sakuho-machi,basic_municipality,,True,True,True,,54.30773319,263.4184068,,42.18046584,6.948522216,7.046388726,2.348796242,1.957330202,7.829320806,11.11111111,1.830368652,1.856148492,0.618716164,0.05155968033,0.2062387213,0.1270579121,0.5678868875,0.06377889981,-0.4912073878,3106274.319,
20321,軽井沢町,Karuizawa-machi,basic_municipality,,True,True,True,,122.9763507,476.4837348,,91.93245779,22.40983948,26.26641651,13.75859912,2.605795289,11.46549927,43.80432083,10.67792401,12.51552024,6.555748696,0.1241619071,0.5463123914,0.03512519283,0.8139314109,0.01922707172,8.642883413,5684097.641,127
20323,御代田町,Miyota-machi,basic_municipality,,True,True,True,,264.5858139,593.0232558,,32.91546127,5.914496946,5.271616843,4.178720669,1.285760206,5.785920926,19.51963401,3.507434236,3.126191384,2.478078536,0.07624857034,0.3431185665,0.08994506196,0.6246326817,0.1360775642,12.9397734,3520964.226,102.29
20324,立科町,Tateshina-machi,basic_municipality,,True,True,True,,98.87842082,247.2700075,,51.72413793,8.469449486,8.015728978,3.932244404,1.512401694,6.049606776,12.78982797,2.094240838,1.982049364,0.9723261032,0.03739715782,0.1495886313,0.1621696035,0.5613986784,0.1944070585,2.697033263,2971439.033,
20349,青木村,Aoki-mura,basic_municipality,,True,True,True,,72.17162872,381.2210916,,41.73744237,6.794467362,6.066488716,2.669255035,0,4.853190973,15.91119334,2.590194265,2.312673451,1.017576318,0,0.185013876,0.09807886754,0.552578362,0.0700525394,-3.671071953,3528869.779,
20350,長和町,Nagawa-machi,basic_municipality,,True,True,True,,30.45795714,219.7802198,,60,8.392857143,8.392857143,5.178571429,0,5.357142857,13.18681319,1.844583987,1.844583987,1.138147567,0,0.1177394035,0.1320953048,0.5763840224,0.04895028826,-3.808487486,2979865.772,
20361,下諏訪町,Shimosuwa-machi,basic_municipality,,True,True,True,,286.4513235,2327.46051,0.7960845732,49.28217176,9.658052728,7.935264944,5.220569042,0.5220569042,6.786739755,114.7023086,22.47873633,18.4690158,12.15066829,0.1215066829,1.579586877,0.01333624836,0.6058154788,0,-6.22631294,3390870.185,122.09
20362,富士見町,Fujimi-machi,basic_municipality,,True,True,True,,97.29206963,312.0762242,,43.38256177,7.100255609,6.106219824,3.905140585,1.420051122,5.680204487,13.53866608,2.215820962,1.905606027,1.218701529,0.04431641923,0.1772656769,0.1282015783,0.5445105912,0.1105277701,2.764584958,3234663.302,
20363,原村,Hara-mura,basic_municipality,,True,True,True,,177.5312067,328.9079229,,50.65104167,5.46875,5.598958333,3.645833333,0,6.510416667,16.65952891,1.798715203,1.841541756,1.199143469,0,0.2141327623,0.2176919409,0.482832618,0.2542764679,8.529048208,3632272.858,
20382,辰野町,Tatsuno-machi,basic_municipality,,True,True,True,,109.6631206,688.2418398,,44.19293991,7.868499057,7.00619779,3.718674212,1.616814875,7.00619779,30.41543027,5.415430267,4.821958457,2.559347181,0.1112759644,0.4821958457,0.0472544301,0.5035003282,0.05319148936,-1.110555833,3140248.356,139.66
20383,箕輪町,Minowa-machi,basic_municipality,,True,True,True,,290.8741706,813.7088896,,38.57697387,7.083116571,6.642922886,2.921285366,2.401056465,4.80211293,31.39042657,5.76359492,5.405405405,2.377075871,0.195376099,0.390752198,0.06441911997,0.4672364672,0.174601327,2.665354492,3298964.662,122.45
20384,飯島町,Iijima-machi,basic_municipality,,True,True,True,,103.5418583,313.728223,,44.86894713,5.997334518,6.330519769,4.553531764,0,5.553087517,14.07665505,1.881533101,1.986062718,1.428571429,0,0.1742160279,0.1555555556,0.464040404,0.1379944802,2.143743653,3006701.031,
20385,南箕輪村,Minamiminowa-mura,basic_municipality,,True,True,True,,385.3866797,889.971831,,35.57637526,6.646831677,5.3807685,1.582578971,1.266063177,5.064252706,31.66197183,5.915492958,4.788732394,1.408450704,0.1126760563,0.4507042254,0.05632267442,0.5594718992,0.1951695535,-3.239673541,3294125.276,115.48
20386,中川村,Nakagawa-mura,basic_municipality,,True,True,True,,60.36340039,252.7717391,,38.70135455,5.375188132,5.375188132,3.010105354,0,4.300150505,9.782608696,1.358695652,1.358695652,0.7608695652,0,0.1086956522,0.2120760343,0.4647782333,0.1038286827,-0.6493506494,2921172.309,
20388,宮田村,Miyada-mura,basic_municipality,,True,True,True,,157.2293578,579.3779581,,46.44649317,8.752479869,8.168981211,3.150892753,0,3.500991948,26.91007437,5.070993915,4.732927654,1.825557809,0,0.2028397566,0.06701141995,0.4951519069,0.09174311927,-3.431316482,3357580.211,
20402,松川町,Matsukawa-machi,basic_municipality,,True,True,True,,172.1390301,482.1085033,,46.04948125,9.018355946,7.581803671,3.990422985,0,3.192338388,22.20084648,4.347826087,3.65525202,1.923816853,0,0.1539053482,0.2110394068,0.4778250721,0.1373815084,-4.178384894,3074972.638,
20403,高森町,Takamori-machi,basic_municipality,,True,True,True,,282.4294533,648.3299595,,38.95090157,7.259386465,7.103270627,3.668722192,1.56115838,7.805791898,25.25303644,4.706477733,4.605263158,2.37854251,0.1012145749,0.5060728745,0.1681466628,0.5137496419,0.1984126984,-4.363001745,3211488.251,
20404,阿南町,Anan-cho,basic_municipality,,True,True,True,,34.93133989,310.6213873,,50.70946732,12.32844848,11.39799953,3.02395906,0,11.63061177,15.75144509,3.829479769,3.540462428,0.9393063584,0,0.3612716763,0.1405075188,0.577537594,0.04062728528,-1.526329178,2935442.221,
20407,阿智村,Achi-mura,basic_municipality,,True,True,True,,28.29827916,282.3638902,,67.89716546,14.00791035,13.67831246,7.086354647,0,11.53592617,19.17170777,3.95532806,3.862261517,2.000930665,0,0.325732899,0.1386730424,0.5848774656,0.01865410624,-1.514896482,2889833.941,
20409,平谷村,Hiraya-mura,basic_municipality,,True,True,True,,5.001938736,163.2911392,,100.7751938,18.0878553,20.67183463,20.67183463,0,25.83979328,16.4556962,2.953586498,3.375527426,3.375527426,0,0.4219409283,0.1314553991,0.7183098592,0,15.91511936,2754716.981,
20410,根羽村,Neba-mura,basic_municipality,,True,True,True,,9.469823274,201.8957346,,73.94366197,16.43192488,15.25821596,7.042253521,0,23.4741784,14.92890995,3.317535545,3.08056872,1.421800948,0,0.4739336493,0.1504424779,0.5884955752,0.01111481605,2.481389578,2809061.489,
20411,下條村,Shimojo-mura,basic_municipality,,True,True,True,,92.99580273,305.8671268,,42.87729196,10.1551481,10.43723554,1.692524683,0,5.641748942,13.1147541,3.106125971,3.192407248,0.5176876618,0,0.1725625539,0.2181008902,0.5059347181,0.1049317943,-0.5846243788,2929775.281,
20412,売木村,Urugi-mura,basic_municipality,,True,True,True,,12.61800599,119.3899782,,72.99270073,16.42335766,16.42335766,5.474452555,0,18.24817518,8.71459695,1.960784314,1.960784314,0.6535947712,0,0.2178649237,0.2899022801,0.5570032573,0.02302555837,14.83050847,2642857.143,
20413,天龍村,Tenryu-mura,basic_municipality,,True,True,True,,10.76388889,167.0921986,,64.51612903,12.73344652,14.43123939,4.244482173,0,16.97792869,10.78014184,2.127659574,2.411347518,0.7092198582,0,0.2836879433,0.1344537815,0.6218487395,0.009137426901,-19.45525292,2693670.886,
20414,泰阜村,Yasuoka-mura,basic_municipality,,True,True,True,,23.87366465,233.2829047,,53.17769131,12.97016861,12.32166018,3.891050584,0,12.97016861,12.40544629,3.025718608,2.874432678,0.9077155825,0,0.3025718608,0.1568627451,0.5379901961,0.0309645456,-9.817671809,2777975.133,
20415,喬木村,Takagi-mura,basic_municipality,,True,True,True,,89.67122054,470.3149606,,43.36179474,8.036162732,7.366482505,2.511300854,1.674200569,5.022601708,20.39370079,3.779527559,3.464566929,1.181102362,0.07874015748,0.2362204724,0.1729828851,0.5302567237,0.06005104339,-3.736413043,2993200,
20416,豊丘村,Toyooka-mura,basic_municipality,,True,True,True,,83.68277119,443.1724138,,37.19265484,5.446623094,4.66853408,2.33426704,3.112356054,4.66853408,16.48275862,2.413793103,2.068965517,1.034482759,0.1379310345,0.2068965517,0.185026738,0.4874331551,0.07813517385,-6.768189509,2961497.704,
20417,大鹿村,Oshika-mura,basic_municipality,,True,True,True,,4.120347994,41.06784424,,65.49364614,14.6627566,14.6627566,6.842619746,0,29.3255132,2.689682858,0.6021678041,0.6021678041,0.2810116419,0,0.1204335608,0.2809917355,0.452892562,0.008055421299,0,2975778.547,
20422,上松町,Agematsu-machi,basic_municipality,,True,True,True,,24.5279658,250.3636364,,71.6533527,16.94504962,15.25054466,6.293875575,0,9.6828855,17.93939394,4.242424242,3.818181818,1.575757576,0,0.2424242424,0.08770301624,0.6116009281,0.00593753711,2.03562341,3038573.933,
20423,南木曽町,Nagiso-machi,basic_municipality,,True,True,True,,18.13087575,163.125,,74.8403576,18.13537676,16.85823755,5.363984674,0,5.108556833,12.20833333,2.958333333,2.75,0.875,0,0.08333333333,0.08341511286,0.5726202159,0.01389339138,-11.43168209,2961770.624,
20425,木祖村,Kiso-mura,basic_municipality,,True,True,True,,19.16014235,183.0047587,,75.0371471,17.45913819,16.34472511,6.315007429,0,7.429420505,13.732155,3.19510537,2.991162475,1.155676411,0,0.1359619307,0.07051282051,0.6111111111,0.01423487544,-9.141494436,2914393.227,
20429,王滝村,Otaki-mura,basic_municipality,,True,True,True,,2.300366772,20.25495751,,88.11188811,19.58041958,19.58041958,4.195804196,0,13.98601399,1.78470255,0.3966005666,0.3966005666,0.08498583569,0,0.0283286119,0.11352657,0.7415458937,0,1.5625,2822742.475,
20430,大桑村,Okuwa-mura,basic_municipality,,True,True,True,,14.66712159,110.9354839,,60.19191625,12.21285257,11.63128817,3.48938645,0,11.63128817,6.677419355,1.35483871,1.290322581,0.3870967742,0,0.1290322581,0.08184281843,0.4775067751,0.004264937945,-16.84341859,2976619.906,
20432,木曽町,Kiso-machi,basic_municipality,,True,True,True,,22.23389282,184.4866655,,75.3968254,15.77853364,15.6840514,7.558578987,1.889644747,6.613756614,13.90970891,2.910929057,2.893498344,1.394457033,0.03486142583,0.1220149904,0.07378640777,0.6822594881,0.02100707939,-4.380156871,2943021.201,
20446,麻績村,Omi-mura,basic_municipality,,True,True,True,,75.42175684,255.7199211,,50.52063247,9.641342075,9.641342075,4.242190513,0,7.71307366,12.91913215,2.465483235,2.465483235,1.084812623,0,0.1972386588,0.1757289204,0.6178092987,0.1163467132,-2.487562189,2840981.857,
20448,生坂村,Ikusaka-mura,basic_municipality,,True,True,True,,41.97183099,221.4864865,,46.36973764,6.101281269,7.93166565,1.830384381,0,6.101281269,10.27027027,1.351351351,1.756756757,0.4054054054,0,0.1351351351,0.1875706215,0.5118644068,0.05121638924,-7.430340557,2887755.102,
20450,山形村,Yamagata-mura,basic_municipality,,True,True,True,,336.2690152,693.0693069,,39.4047619,8.095238095,6.785714286,3.928571429,3.571428571,5.952380952,27.31023102,5.610561056,4.702970297,2.722772277,0.2475247525,0.4125412541,0.1746522411,0.5361006845,0.2802241793,-2.238981852,3258005.249,
20451,朝日村,Asahi-mura,basic_municipality,,True,True,True,,60.59190031,475.9733037,,28.27763496,4.440289787,3.038093012,1.8695957,0,2.336994625,13.45939933,2.113459399,1.446051168,0.8898776418,0,0.1112347052,0.2007343941,0.5169318645,0.07080147267,0.7037297678,2944157.187,
20452,筑北村,Chikuhoku-mura,basic_municipality,,True,True,True,,41.71106866,267.5048356,,42.17883827,12.53314052,10.84598698,2.41021933,0,4.82043866,11.2830432,3.352675693,2.901353965,0.6447453256,0,0.1289490651,0.1453658537,0.5814634146,0.06031969438,0.2515090543,3005308.56,
20481,池田町,Ikeda-machi,basic_municipality,,True,True,True,,233.6155378,539.5054629,,48.1773609,9.912598593,10.23235984,2.344915796,3.197612449,7.461095715,25.9919494,5.347901093,5.520414031,1.265094882,0.1725129385,0.4025301898,0.08875613399,0.6195860892,0.2241035857,0.877770463,3147665.014,
20482,松川村,Matsukawa-mura,basic_municipality,,True,True,True,,203.9303165,453.8534279,,40.83758725,7.813313887,7.188248776,3.43785811,1.041775185,8.334201479,18.53427896,3.546099291,3.262411348,1.560283688,0.04728132388,0.378250591,0.1079489696,0.5797841021,0.2336944976,12.43781095,3205716.963,
20485,白馬村,Hakuba-mura,basic_municipality,,True,True,True,,45.28411491,150.2540739,,120.9329446,11.0787172,11.31195335,14.34402332,2.332361516,6.997084548,18.1706676,1.664622394,1.699667076,2.155247941,0.03504468197,0.1051340459,0.06084776664,0.7926162261,0.03696662442,-2.729658793,3491923.642,
20486,小谷村,Otari-mura,basic_municipality,,True,True,True,,9.880183644,70.54904051,,111.8247072,10.20022667,12.08915754,7.933509634,0,7.555723461,7.8891258,0.7196162047,0.8528784648,0.5597014925,0,0.05330490405,0.09639440765,0.668138337,0.01493038707,-14.94130203,3004094.166,
20521,坂城町,Sakaki-machi,basic_municipality,,True,True,True,,261.0738255,836.0597015,,44.05884033,6.926592402,5.712653528,2.35646958,0,7.8548986,36.8358209,5.791044776,4.776119403,1.970149254,0,0.6567164179,0.074631022,0.4828738513,0.09321401939,-7.569204152,4260628.173,
20541,小布施町,Obuse-machi,basic_municipality,,True,True,True,,557.5313808,644.1087613,,44.18386492,11.35084428,10.13133208,4.409005629,0.9380863039,7.504690432,28.4592145,7.311178248,6.525679758,2.839879154,0.06042296073,0.4833836858,0.2138503217,0.5365729766,0.4184100418,5.460999363,3345720.251,
20543,高山村,Takayama-mura,basic_municipality,,True,True,True,,67.13676948,454.1523679,,40.65286384,4.533776636,5.138280187,1.662384767,0,4.533776636,18.46259437,2.059025395,2.333562114,0.754975978,0,0.2059025395,0.1938939475,0.4906266738,0.06087662338,-0.7796663028,3158293.187,
20561,山ノ内町,Yamanouchi-machi,basic_municipality,,True,True,True,,42.69274163,371.8309859,,58.4918957,8.456659619,8.368569415,5.021141649,0,4.404510218,21.74909925,3.144448084,3.111693416,1.86701605,0,0.1637733377,0.2464380773,0.5681853765,0.03760812335,-6.055748508,2850589.496,
20562,木島平村,Kijimadaira-mura,basic_municipality,,True,True,True,,44.04953685,239.2017496,,48.45714286,9.142857143,9.828571429,3.657142857,0,9.142857143,11.59103335,2.186987425,2.351011482,0.8747949699,0,0.2186987425,0.2042132416,0.5141874463,0.09061619009,-8.732593816,2906470.588,
20563,野沢温泉村,Nozawaonsen-mura,basic_municipality,,True,True,True,,56.57349896,358.7527352,,123.2082952,15.85849344,14.3336383,15.24855139,0,12.19884111,44.20131291,5.689277899,5.142231947,5.470459519,0,0.4376367615,0.121516165,0.6889632107,0.05175983437,4.745951982,2961092.715,
20583,信濃町,Shinano-machi,basic_municipality,,True,True,True,,51.83523108,209.0491626,,53.62449929,9.69117457,9.174311927,4.910195116,0,2.584313219,11.21015667,2.025931929,1.917882226,1.026472177,0,0.05402485143,0.1613608748,0.5939246659,0.1004688547,-11.24338624,3019710.907,
20588,小川村,Ogawa-mura,basic_municipality,,True,True,True,,38.11736362,191.4433881,,53.2731377,13.54401806,13.54401806,1.805869074,0,4.514672686,10.19878997,2.592912705,2.592912705,0.345721694,0,0.08643042351,0.1916666667,0.5425,0.05162622612,-8.189262966,2787356.322,
20590,飯綱町,Iizuna-machi,basic_municipality,,True,True,True,,137.28,299.6507567,,33.41103341,6.41025641,5.924630925,1.942501943,0,3.885003885,10.01164144,1.920838184,1.77532014,0.5820721769,0,0.1164144354,0.2497019247,0.5195026401,0.2266666667,2.530659918,3132106.244,
20602,栄村,Sakae-mura,basic_municipality,,True,True,True,,6.110579401,47.99074877,,54.21686747,11.44578313,13.25301205,0.6024096386,0,18.07228916,2.601908066,0.5492917028,0.6360219717,0.02891008962,0,0.08673026886,0.3177676538,0.5022779043,0.02208643157,14.1025641,2834355.828,
21201,岐阜市,Gifu-shi,basic_municipality,,True,True,True,,1977.195481,2809.778739,0.7554284238,49.31475543,10.20228191,7.852304146,5.340858562,1.217218928,10.06068706,138.5635513,28.66615481,22.06323724,15.00663084,0.3420115865,2.82683046,0.01467352185,0.7222982005,0.1915520629,-1.290316115,3913200.214,106.68
21202,大垣市,Ogaki-shi,basic_municipality,,True,True,True,,766.2584112,1618.300787,0.6053409651,44.80497328,9.110091859,8.345652806,4.28338577,1.326712407,8.402511909,72.50792353,14.74286883,13.50577651,6.931806564,0.2147019732,1.359779164,0.01313064207,0.635520471,0.1355472721,-2.122208626,3743244.36,115.18
21203,高山市,Takayama-shi,basic_municipality,,True,True,True,,38.76681316,307.7727952,0.4086994634,72.23492342,16.28780251,14.00158732,8.58811405,1.184567455,9.594996387,22.23194429,5.012942506,4.309307667,2.643187867,0.03645776368,0.2953078858,0.1045141446,0.6656197201,0.02066485734,-2.218558301,3190455.319,139.01
21204,多治見市,Tajimi-shi,basic_municipality,,True,True,True,,1169.665753,2269.92769,0.5039257205,43.07049432,9.706554735,6.783345201,3.241764419,1.499081812,7.963872128,97.7669077,22.03317737,15.39770311,7.358570821,0.3402807316,1.807741387,0.005976056967,0.6785152991,0.02191780822,-2.475059021,3570165.179,113.26
21205,関市,Seki-shi,basic_municipality,,True,True,True,,180.5580844,945.4878049,0.2954750654,54.13740136,10.38894035,8.665267404,4.584735528,1.172566631,8.090709755,51.18625277,9.822616408,8.192904656,4.33481153,0.110864745,0.7649667406,0.0192488586,0.544221901,0.05081193234,-2.978672703,3359454.315,123.95
21206,中津川市,Nakatsugawa-shi,basic_municipality,,True,True,True,,113.1938798,528.4698737,0.09202037351,47.0941622,9.533759958,8.319185059,5.028078882,0.6529972574,7.182969832,24.88784595,5.038304921,4.396438678,2.657188212,0.03450893781,0.379598316,0.04689576114,0.5267957169,0.0576539286,-1.713469776,3254512.477,128.33
21207,美濃市,Mino-shi,basic_municipality,,True,True,True,,164.4902145,773.5932476,,62.08759807,11.89795812,10.7029667,4.572141113,1.55868447,8.312983842,48.03054662,9.204180064,8.279742765,3.536977492,0.1205787781,0.6430868167,0.02185628743,0.496506986,0.03418511238,-3.212047812,3267652.672,133.03
21208,瑞浪市,Mizunami-shi,basic_municipality,,True,True,True,,212.4556788,708.5637994,0.3530551817,46.8909825,9.690444145,8.290713324,5.033647376,1.34589502,8.613728129,33.22525272,6.866297921,5.874499332,3.566660309,0.0953652489,0.610337593,0.0221856123,0.6333882482,0.04575088642,-2.267637972,3232376.453,127.2
21209,羽島市,Hashima-shi,basic_municipality,,True,True,True,,1223.42527,1223.42527,0.3773705616,42.1788603,7.509634572,5.94068455,3.518713156,1.066276714,7.311611753,51.60268356,9.187476705,7.2679836,4.304882594,0.1304509877,0.8945210585,0.01900630423,0.6455277448,0.3727171077,-12.58324939,3600572.873,120.78
21210,恵那市,Ena-shi,basic_municipality,,True,True,True,,94.74456608,416.5852808,0.1183907565,51.19939716,10.80085402,9.775191527,5.484154561,1.883869887,8.791392808,21.32891524,4.499476805,4.072200907,2.284618068,0.0784792466,0.3662364841,0.04766041951,0.5848330644,0.06544502618,-3.4307552,3198847.123,138.62
21211,美濃加茂市,Minokamo-shi,basic_municipality,,True,True,True,,757.773025,1250.308778,0.1977632345,41.34840974,8.237929757,7.373564536,4.44530685,1.764010655,6.350438357,51.69827966,10.29995589,9.219232466,5.558006176,0.2205558006,0.7940008822,0.02546394673,0.5653421164,0.1604063628,2.604392742,3354590.516,109.34
21212,土岐市,Toki-shi,basic_municipality,,True,True,True,,477.0556801,1375.447316,0.4162752042,55.82857556,13.98424514,9.882922599,4.318132543,1.084050011,6.865650069,76.78926441,19.23459245,13.59343936,5.939363817,0.1491053678,0.944333996,0.008072982659,0.6050754806,0.01723840717,-4.4429696,3243537.415,121.66
21213,各務原市,Kakamigahara-shi,basic_municipality,,True,True,True,,1645.837604,2058.703704,0.6055659731,37.50320023,7.756658202,7.120072515,3.79875589,1.591464216,8.095709274,77.20797721,15.96866097,14.65811966,7.820512821,0.3276353276,1.666666667,0.01293630564,0.6355291656,0.1708233686,-0.8807517598,3656290.512,110.47
21214,可児市,Kani-shi,basic_municipality,,True,True,True,,1141.578166,1845.790251,0.3377180698,31.93021767,5.931898207,5.521766965,3.581145967,1.700544174,6.902208707,58.93648449,10.94903988,10.19202363,6.610044313,0.3138847858,1.274002954,0.01186306632,0.5949836177,0.09135548704,-0.6514396817,3483162.55,108.67
21215,山県市,Yamagata-shi,basic_municipality,,True,True,True,,113.8841337,700.2770083,,51.9778481,8.386075949,7.990506329,2.92721519,0.7911392405,9.098101266,36.39889197,5.872576177,5.595567867,2.049861496,0.05540166205,0.6371191136,0.0322180917,0.5646685254,0.04955401388,-9.326926959,3172131.918,133.84
21216,瑞穂市,Mizuho-shi,basic_municipality,,True,True,True,,2000.283789,2000.283789,0.380985316,30.91083209,5.657232035,4.610910123,2.536000567,1.418741576,5.674966305,61.83043632,11.31606953,9.223128769,5.072720823,0.2837885775,1.13515431,0.02124547482,0.6594141953,0.3547357219,-1.189145058,3586347.702,105.95
21217,飛騨市,Hida-shi,basic_municipality,,True,True,True,,28.4380402,380.3881857,0.222513089,60.83059721,12.24598456,11.40296388,6.655426391,0,11.09237732,23.13924051,4.658227848,4.337552743,2.53164557,0,0.4219409283,0.08388352802,0.5809209413,0.01766494644,-8.673987266,3201388.889,157.44
21218,本巣市,Motosu-shi,basic_municipality,,True,True,True,,87.8900307,588.7359199,,40.93780369,9.53595724,9.657434402,4.403547133,1.518464529,7.592322643,24.10155552,5.614160558,5.685678527,2.592526372,0.08939746111,0.4469873056,0.06650846187,0.6051957784,0.04804484185,-1.185951042,3322434.467,136.83
21219,郡上市,Gujo-shi,basic_municipality,,True,True,True,,37.8336163,358.4283088,,66.90258225,13.74464702,12.77021309,7.974972434,0.5128599636,6.923609508,23.97977941,4.926470588,4.577205882,2.858455882,0.01838235294,0.2481617647,0.06254584576,0.5957259524,0.02716468591,-6.175784563,3092685.34,158.83
21220,下呂市,Gero-shi,basic_municipality,,True,True,True,,35.74676049,353.7728171,,66.41908768,14.03312738,12.48849744,7.230182726,0,8.873406073,23.49726776,4.964539007,4.41809092,2.557842111,0,0.3139169864,0.05171311685,0.6490667349,0.01292278051,-7.573923569,3016401.088,144.38
21221,海津市,Kaizu-shi,basic_municipality,,True,True,True,,292.1985183,400.5751346,,44.84496716,10.50862991,10.08095311,3.604704445,0.610966855,7.026118833,17.96377876,4.209495839,4.038179148,1.443954968,0.02447381302,0.2814488497,0.06320831873,0.5540951046,0.330268678,-7.681320425,3219705.065,152.15
21302,岐南町,Ginan-cho,basic_municipality,,True,True,True,,3271.93426,3271.93426,0.5770256172,58.53715081,12.05517561,8.500444341,3.747923187,3.477454503,10.04597968,191.5297092,39.4437421,27.81289507,12.26295828,1.137800253,3.286978508,0.01402805611,0.673507014,0.2528445006,3.716908139,3771771.53,101.01
21303,笠松町,Kasamatsu-cho,basic_municipality,,True,True,True,,2156.116505,2156.116505,0.5886617435,37.41894813,8.825648415,7.294668588,2.071325648,0.4502881844,8.555475504,80.67961165,19.02912621,15.72815534,4.466019417,0.09708737864,1.844660194,0.009045419554,0.6980369515,0.1941747573,2.244720326,3686980.329,124.56
21341,養老町,Yoro-cho,basic_municipality,,True,True,True,,371.8633283,497.9070198,,38.5387992,9.002306376,7.849118369,2.38077524,1.487984525,5.207945837,19.18873866,4.482311539,3.908131135,1.185404705,0.07408779404,0.2593072791,0.03321061513,0.5938794294,0.3596624706,-4.774556236,3193450.576,153.2
21361,垂井町,Tarui-cho,basic_municipality,,True,True,True,,462.4627781,1090.090834,0.4934095902,32.23240664,5.454132263,5.151124915,2.424058783,1.51503674,5.302628589,35.13625103,5.945499587,5.615194055,2.642444261,0.1651527663,0.5780346821,0.02284626368,0.5535459305,0.1751620249,-3.495688651,3315421.77,132.44
21362,関ケ原町,Sekigahara-cho,basic_municipality,,True,True,True,,134.1314935,586.512866,,44.47806354,9.984871407,9.077155825,3.479576399,0,7.56429652,26.08695652,5.856255546,5.323868678,2.040816327,0,0.4436557232,0.04197303922,0.5664828431,0.06087662338,-9.942950285,3143750,
21381,神戸町,Godo-cho,basic_municipality,,True,True,True,,989.6166134,989.6166134,0.3414581652,35.83535109,6.241592682,5.111649179,3.066989508,0.5380683347,6.994888351,35.46325879,6.176783813,5.05857295,3.03514377,0.05324813632,0.6922257721,0.04518072289,0.5709982788,0.4259850905,-5.216913784,3247444.267,132.08
21382,輪之内町,Wanouchi-cho,basic_municipality,,True,True,True,,432.3331841,432.3331841,,38.84400249,6.525792418,5.489952351,1.553760099,1.035840066,5.179200331,16.79355128,2.821316614,2.37348858,0.6717420511,0.0447828034,0.223914017,0.03549019608,0.547254902,0.4926108374,-10.56570548,3286015.955,
21383,安八町,Anpachi-cho,basic_municipality,,True,True,True,,790.4735683,790.4735683,,32.25357018,4.946011843,3.901079763,2.089864159,0.6966213863,7.662835249,25.49559471,3.90969163,3.083700441,1.651982379,0.0550660793,0.6057268722,0.02612925643,0.6079221682,0.4405286344,5.534034311,3548493.409,
21401,揖斐川町,Ibigawa-cho,basic_municipality,,True,True,True,,24.30673106,268.0713795,,46.95580931,8.602591018,8.602591018,3.379589329,0.5120589892,10.75323877,12.58750858,2.306108442,2.306108442,0.9059711736,0.01372683596,0.2882635553,0.05330401089,0.5811079694,0.02115901623,-4.883808297,3174930.079,155.75
21403,大野町,Ono-cho,basic_municipality,,True,True,True,,644.4736842,768.5146444,,34.1182342,6.94160882,6.669388866,2.132389637,0.9073998457,5.898098997,26.22036262,5.334728033,5.125523013,1.638772664,0.06973500697,0.4532775453,0.05570457797,0.5844957082,0.3216374269,-6.806844142,3266603.615,132.4
21404,池田町,Ikeda-cho,basic_municipality,,True,True,True,,602.0618557,1006.462732,,36.94349315,6.292808219,6.035958904,2.482876712,0.4280821918,3.424657534,37.18224903,6.33347695,6.074967686,2.498922878,0.04308487721,0.3446790177,0.03389538885,0.5716620785,0.2577319588,-7.835804283,3289108.33,142.85
21421,北方町,Kitagata-cho,basic_municipality,,True,True,True,,3501.737452,3501.737452,0.7218700039,38.59088153,8.545123766,8.655383428,5.733502398,1.653894923,12.12856277,135.1351351,29.92277992,30.30888031,20.07722008,0.5791505792,4.247104247,0.0133640553,0.6980414747,0.1930501931,-6.624299871,3531507.832,97.47
21501,坂祝町,Sakahogi-cho,basic_municipality,,True,True,True,,627.1173271,979.4902913,,29.36439103,5.203816132,4.212613059,2.478007682,1.239003841,6.195019205,28.76213592,5.097087379,4.126213592,2.427184466,0.1213592233,0.6067961165,0.02852308436,0.5371041818,0.1554001554,6.050338819,3189232.409,
21502,富加町,Tomika-cho,basic_municipality,,True,True,True,,334.4827586,542.0038536,,41.77035194,5.510131532,5.510131532,2.666192677,0,7.109847138,22.63969171,2.986512524,2.986512524,1.445086705,0,0.3853564547,0.04770318021,0.5014134276,0.1783590963,13.25628824,3278995.616,
21503,川辺町,Kawabe-cho,basic_municipality,,True,True,True,,239.552964,784.407319,,41.27789047,8.31643002,8.012170385,2.535496957,1.014198783,7.099391481,32.3786794,6.523468576,6.284805091,1.988862371,0.07955449483,0.5568814638,0.01739961759,0.5642447419,0.07288629738,-4.712631902,3243086.219,
21504,七宗町,Hichiso-cho,basic_municipality,,True,True,True,,37.60362551,380.9630459,,50.558495,9.994121105,9.994121105,3.527336861,0,11.75778954,19.26091825,3.807390817,3.807390817,1.343784994,0,0.4479283315,0.06066176471,0.5091911765,0.02210677573,-16.32140615,2914691.943,
21505,八百津町,Yaotsu-cho,basic_municipality,,True,True,True,,79.15987266,389.8661568,,47.08190289,10.49534085,10.39725356,2.942618931,0,10.78960275,18.35564054,4.091778203,4.053537285,1.147227533,0,0.4206500956,0.02861685215,0.5512718601,0.03882288998,-6.490213974,3258305.248,
21506,白川町,Shirakawa-cho,basic_municipality,,True,True,True,,31.15594788,264.1482537,,65.2995143,11.87263896,10.9282245,3.372908797,0,5.396654074,17.24875267,3.13613685,2.886671418,0.8909479686,0,0.142551675,0.08891213389,0.4882322176,0.02942412778,-15.76511426,2888162.672,
21507,東白川村,Higashishirakawa-mura,basic_municipality,,True,True,True,,23.1484671,223.5033259,,82.34126984,12.8968254,12.40079365,3.968253968,0,9.920634921,18.40354767,2.88248337,2.771618625,0.8869179601,0,0.22172949,0.154954955,0.4576576577,0.03444712367,-16.40974639,2877928.483,
21521,御嵩町,Mitake-cho,basic_municipality,,True,True,True,,308.9786558,754.6747092,,35.39620918,7.307604476,7.193423156,3.082895638,1.141813199,6.279972596,26.71262387,5.514864283,5.428694528,2.326583369,0.08616975442,0.4739336493,0.0198363779,0.5599013785,0.07055918151,1.654967757,3173686.22,126.74
21604,白川村,Shirakawa-mura,basic_municipality,,True,True,True,,4.236765366,19.33461292,,140.3044341,23.82528127,25.14890801,26.47253475,0,19.85440106,2.712731926,0.4606525912,0.4862444018,0.5118362124,0,0.03838771593,0.02659574468,0.7436170213,0.002803947959,-7.482993197,3491458.607,
22100,静岡市,Shizuoka-shi,designated_city,,True,False,True,,491.0930429,2023.430022,0.8926879428,48.33361937,10.76884692,8.200303149,4.495312155,1.672942605,8.119540402,97.79969651,21.79000817,16.59273958,9.095949574,0.3385082293,1.642932182,0.02266523717,0.7017733476,0.03045476759,-0.5930660325,3896983.936,94.56
22101,葵区,Aoi-ku,designated_city_ward,22100,False,True,False,overlapping_hierarchy,232.174156,1700.177317,0.8621684176,54.61357337,12.45903481,10.16057153,5.884547347,1.604511887,9.667184122,92.85275864,21.18256837,17.27477324,10.00477392,0.2727954716,1.643592716,0.02350227795,0.7448614145,,1.335879427,,95.51
22102,駿河区,Suruga-ku,designated_city_ward,22100,False,True,False,overlapping_hierarchy,2915.767862,3928.194726,0.9593993221,45.00389624,10.22879836,6.468693962,3.220264193,2.206303456,7.745533409,176.7840679,40.18071178,25.41028951,12.64982482,0.86667896,3.042596349,0.01585224511,0.7191928067,,-1.950721183,,84.33
22103,清水区,Shimizu-ku,designated_city_ward,22100,False,True,False,overlapping_hierarchy,871.5525045,1629.29065,0.8641124181,44.6279418,9.443189392,7.681787887,4.171968182,1.255052669,6.794595484,72.71188831,15.38570018,12.51586518,6.797348752,0.2044845579,1.107037089,0.02810801409,0.6394225334,,-1.451769007,,103.95
22130,浜松市,Hamamatsu-shi,designated_city,,True,False,True,,507.5016367,1612.361086,0.6069167516,42.6890497,8.708540845,7.04170134,3.653641374,1.568194982,8.245670391,68.83016252,14.04131237,11.35376522,5.890989172,0.2528496564,1.329499806,0.03518428686,0.6168362852,0.07509338536,-1.31772978,3726930.926,100.78
22131,中区,Naka-ku,designated_city_ward,22130,False,True,False,overlapping_hierarchy,5305.367614,5478.341872,0.974426118,51.19877572,9.938785921,7.821799014,6.491242986,1.615371535,10.03230743,280.4843968,54.44806707,42.85048905,35.56124825,0.8849557522,5.496040987,0.007862759114,0.6927301013,,,,
22132,東区,Higashi-ku,designated_city_ward,22130,False,True,False,overlapping_hierarchy,2794.469648,2806.595791,0.6163919725,46.13624416,10.73780884,7.962522032,2.984013111,2.319181174,7.962522032,129.4857887,30.13668909,22.34758082,8.374918637,0.6509004122,2.234758082,0.01528095295,0.6276621345,,,,
22133,西区,Nishi-ku,designated_city_ward,22130,False,True,False,overlapping_hierarchy,942.8994857,1415.151119,0.4870747041,34.7170858,7.387204142,6.619822485,2.366863905,1.479289941,7.858727811,49.12992281,10.45401021,9.368049195,3.349470103,0.2093418815,1.112128745,0.06621870597,0.588291608,,,,
22134,南区,Minami-ku,designated_city_ward,22130,False,True,False,overlapping_hierarchy,2129.99573,2219.555061,0.5918772364,36.85513536,7.667712416,4.941414668,1.864306548,1.202778418,5.713197486,81.80200222,17.0189099,10.96774194,4.137931034,0.2669632925,1.26807564,0.02161661391,0.5781479194,,,,
22135,北区,Kita-ku,designated_city_ward,22130,False,True,False,overlapping_hierarchy,313.6225215,686.0187995,0.1935309857,38.10633523,7.109873986,6.53806318,2.600120835,1.294665976,8.738995339,26.14166235,4.877507216,4.485234254,1.783731774,0.08881651987,0.5995115091,0.101953125,0.5493009868,,,,
22136,浜北区,Hamakita-ku,designated_city_ward,22130,False,True,False,overlapping_hierarchy,1485.398496,1816.458257,0.4178114781,35.98943095,7.046032051,6.560098806,2.267688476,1.51854139,6.580346025,65.37329901,12.7988231,11.91614564,4.119161456,0.2758367047,1.195292387,0.032183086,0.5699187476,,,,
22137,天竜区,Tenryu-ku,designated_city_ward,22130,False,True,False,overlapping_hierarchy,28.31624004,295.2822892,,45.79809923,8.980019457,8.792935718,2.581755594,0.3741674774,9.354186934,13.52336758,2.651640703,2.596398188,0.762346702,0.01104850293,0.2762125732,0.07205764612,0.5757405925,,,,
22203,沼津市,Numazu-shi,basic_municipality,,True,True,True,,1013.735146,2028.773433,0.8566261498,50.68484471,10.44427782,8.765167436,5.132375149,1.689670831,7.867529807,102.8280664,21.18907338,17.78253883,10.41242635,0.3427959293,1.596143546,0.02506161721,0.6666745663,0.1017021732,-3.82756059,3611393.279,96.75
22205,熱海市,Atami-shi,basic_municipality,,True,True,True,,553.7963413,1442.158516,0.3592434518,68.8727783,12.30706268,12.16089804,11.54700655,0.5846585594,10.23152479,99.32546374,17.74873524,17.53794266,16.65261383,0.08431703204,1.475548061,0.01591734152,0.8553476682,0.01618908855,-2.493241214,3670938.215,83.43
22206,三島市,Mishima-shi,basic_municipality,,True,True,True,,1737.874879,2782.214765,0.7768200922,45.86066448,8.24805396,7.051204735,6.03991353,0.9277900968,8.53566889,127.5942179,22.94785751,19.61796593,16.8043366,0.2581311306,2.374806402,0.02358824995,0.7124188016,0.1289906482,-4.182505883,3853880,96.09
22207,富士宮市,Fujinomiya-shi,basic_municipality,,True,True,True,,329.2510538,903.1655386,0.588033254,40.83369111,8.102728231,7.720229499,4.387026268,1.170914484,7.571913665,36.87958263,7.318104907,6.972645234,3.962210942,0.1057529611,0.6838691483,0.03176247195,0.5369332894,0.07710496556,-4.296176009,3332811.583,109.47
22208,伊東市,Ito-shi,basic_municipality,,True,True,True,,528.0680535,1185.572049,0.3944206074,58.98520407,12.108534,11.2381854,7.817868104,1.832312837,8.550793239,69.93120927,14.35553946,13.32367849,9.268645909,0.2172338885,1.013758146,0.0256124321,0.8411093924,0.03225286244,-1.3811726,3093249.573,104.33
22209,島田市,Shimada-shi,basic_municipality,,True,True,True,,303.1960722,895.072003,0.5521474315,43.18891756,9.04731558,8.21153585,3.468485881,1.253669595,6.790710308,38.65719095,8.097998878,7.349915841,3.104544604,0.1122124556,0.6078174677,0.05528937714,0.5696930818,0.08869179601,-2.100330353,3292874.099,114.76
22210,富士市,Fuji-shi,basic_municipality,,True,True,True,,1001.80445,1981.204586,0.8179769512,46.08952207,9.226054639,7.449305601,4.124013823,1.630044989,7.212949077,91.31277249,18.27870176,14.75859842,8.170515098,0.3229452608,1.429032779,0.02057558275,0.5931570347,0.09389671362,-0.1135944112,3566886.643,105.82
22211,磐田市,Iwata-shi,basic_municipality,,True,True,True,,1019.71245,1218.897177,0.4446757704,35.9748488,7.175770375,6.581789383,2.825909571,1.619948162,7.019775367,43.84964166,8.746526254,8.022524499,3.444493199,0.1974550241,0.8556384379,0.03692245929,0.5400810003,0.2630773937,-1.632149723,3428106.388,111.49
22212,焼津市,Yaizu-shi,basic_municipality,,True,True,True,,1946.58606,2059.987957,0.5800358069,43.89637912,9.463261354,7.680222149,3.756074391,1.461507545,5.992180935,90.42601234,19.49420443,15.82116514,7.737468011,0.3010687942,1.234382056,0.02745395698,0.5964254003,0.1991465149,-1.781305897,3337652.298,108.98
22213,掛川市,Kakegawa-shi,basic_municipality,,True,True,True,,432.662125,748.8372093,0.2789898568,38.8938184,7.942307358,6.924508934,4.053795431,1.739826365,6.698331507,29.12513843,5.947495277,5.185329946,3.035632858,0.130284672,0.5015959872,0.05918185337,0.5340333518,0.1693703188,1.928322012,3443154.089,112.24
22214,藤枝市,Fujieda-shi,basic_municipality,,True,True,True,,728.34175,1388.155569,0.6130944801,38.75705735,8.249494135,7.082112889,3.403093207,1.91026022,7.499540123,53.80082499,11.45158122,9.831074445,4.724022785,0.2651738362,1.041052838,0.03205558352,0.6329614718,0.1133669999,-0.5791091728,3519806.251,111.69
22215,御殿場市,Gotemba-shi,basic_municipality,,True,True,True,,444.4022576,1016.357663,0.4537949985,39.8549888,8.924654213,9.236382109,4.387281502,2.309095527,5.657284042,40.50692326,9.070640695,9.387467731,4.459047172,0.2346866933,0.5749823985,0.0301353576,0.6874199744,0.09235505387,-6.480050786,3539418.708,105.83
22216,袋井市,Fukuroi-shi,basic_municipality,,True,True,True,,811.0772639,1014.478698,0.2158563234,37.59218793,6.97669125,6.191386689,3.198124374,1.251934808,7.170172084,38.13647385,7.077704653,6.281029904,3.24442905,0.1270061194,0.7273986838,0.03697993572,0.5383696691,0.2861626512,-4.332450165,3376740.834,103.86
22219,下田市,Shimoda-shi,basic_municipality,,True,True,True,,193.3607971,797.4318451,,80.56284992,19.07545955,16.84586038,10.35524947,1.981865927,11.39572908,64.24338206,15.2113789,13.43342552,8.257605689,0.1580403003,0.9087317266,0.04991766159,0.8172087279,0.01916075877,-5.238045846,3104868.453,107.98
22220,裾野市,Susono-shi,basic_municipality,,True,True,True,,368.5997683,1157.068182,0.3931763273,34.1969319,5.499793758,5.087309226,2.671328397,0.9821060282,6.874742197,39.56818182,6.363636364,5.886363636,3.090909091,0.1136363636,0.7954545455,0.01978840125,0.6021159875,0.05792064871,-8.544199803,3582306.596,112.49
22221,湖西市,Kosai-shi,basic_municipality,,True,True,True,,668.7268946,1160.252556,0.5456163082,36.79709769,6.823874924,6.357432841,2.781376868,1.20929429,7.083009415,42.69392664,7.91741832,7.376227701,3.227099619,0.1403086791,0.8218079776,0.04499178982,0.4672577997,0.1386321627,-5.103467562,3456470.02,114.83
22222,伊豆市,Izu-shi,basic_municipality,,True,True,True,,77.45143831,411.7732983,,51.89783611,10.18091522,10.0744945,4.682511529,1.064207166,5.67577155,21.37014315,4.192229039,4.148407829,1.928133216,0.04382120947,0.2337131171,0.07285103918,0.6968643638,0.03022227107,-2.883090673,2975369.458,114.79
22223,御前崎市,Omaezaki-shi,basic_municipality,,True,True,True,,474.348025,630.1256078,,46.65144841,7.716297463,7.073272675,4.50117352,1.929074366,5.144198309,29.39627229,4.862236629,4.457050243,2.8363047,0.1215559157,0.3241491086,0.08458996696,0.5181736257,0.213512277,-8.076728925,3212308.739,124.99
22224,菊川市,Kikugawa-shi,basic_municipality,,True,True,True,,507.3680858,664.659249,0.2358701793,34.79880307,7.219234552,6.779802884,2.824917868,1.255519053,5.859088912,23.12934631,4.798331015,4.506258693,1.877607789,0.08344923505,0.3894297636,0.08082933863,0.482637671,0.2866546342,-2.988617817,3290160.643,112.47
22225,伊豆の国市,Izunokuni-shi,basic_municipality,,True,True,True,,494.6522934,1096.626054,0.5314716691,44.4192804,8.311255448,7.499359029,4.89274421,1.068284762,6.19605162,48.71134021,9.114339269,8.223992502,5.365510778,0.1171508903,0.679475164,0.06092277458,0.6775202108,0.1056859015,-4.871365505,3277124.859,103.16
22226,牧之原市,Makinohara-shi,basic_municipality,,True,True,True,,389.4887635,549.0596996,0.2095995586,51.79072227,11.24086249,9.953565353,3.471104777,1.60912142,7.355983633,28.43619841,6.171904582,5.465101603,1.905843746,0.08835037233,0.4038874164,0.1106596859,0.4658010471,0.2686005909,-9.521334404,3158862.123,122.81
22301,東伊豆町,Higashiizu-cho,basic_municipality,,True,True,True,,147.6227191,551.512242,,59.45334262,12.09958217,11.4902507,6.093314763,0.8704735376,6.963788301,32.78924628,6.673067691,6.337013922,3.360537686,0.04800768123,0.3840614498,0.08159221902,0.8123198847,0.0257003341,-3.876318399,2800603.578,
22302,河津町,Kawazu-cho,basic_municipality,,True,True,True,,68.22921839,354.3063435,,65.79330422,14.84716157,13.82823872,6.841339156,1.455604076,7.278020378,23.31098504,5.260443528,4.899432697,2.423929861,0.05157297576,0.2578648788,0.1175937122,0.7385126965,0.02979441851,-3.282275711,2992686.682,
22304,南伊豆町,Minamiizu-cho,basic_municipality,,True,True,True,,71.64817173,320.4637917,,66.01498032,11.55262156,11.42566967,4.316364098,1.269518852,12.69518852,21.1554109,3.702196908,3.661513426,1.383238405,0.04068348251,0.4068348251,0.1014619883,0.764619883,0.02728761142,0,2796933.433,
22305,松崎町,Matsuzaki-cho,basic_municipality,,True,True,True,,70.9434849,430.9778729,,74.03113614,17.88671746,16.72739318,6.790327923,1.656177542,8.280887711,31.90578158,7.708779443,7.209136331,2.926481085,0.07137758744,0.3568879372,0.06438557763,0.770419426,0.03524850194,-7.953340403,2754850.923,
22306,西伊豆町,Nishiizu-cho,basic_municipality,,True,True,True,,67.26117067,570.8534622,,69.53455571,15.37376587,14.66854725,5.500705219,0,7.052186178,39.69404187,8.776167472,8.373590982,3.140096618,0,0.4025764895,0.05350960025,0.7632987095,0.009486765961,-3.313752071,2720390.72,
22325,函南町,Kannami-cho,basic_municipality,,True,True,True,,564.6715777,1250.645819,0.6220307659,34.43496222,6.060770778,5.707452302,3.342936348,1.902484101,6.251019188,43.06594154,7.579877634,7.13800136,4.180829368,0.2379333787,0.7817811013,0.03484049931,0.6958113731,0.09208103131,-6.64727877,3338185.289,107.3
22341,清水町,Shimizu-cho,basic_municipality,,True,True,True,,3599.318956,4013.924051,0.9039735099,48.94355093,12.58278146,9.681488489,4.03658152,1.892147588,7.253232419,196.4556962,50.50632911,38.86075949,16.20253165,0.7594936709,2.911392405,0.009567617295,0.6743943576,0.113507378,-0.7902139899,3667705.088,97.31
22342,長泉町,Nagaizumi-cho,basic_municipality,,True,True,True,,1627.337589,2668.472906,0.9004522799,33.55178143,6.091932804,5.238139191,1.961417759,2.538305335,6.922650914,89.5320197,16.25615764,13.97783251,5.233990148,0.6773399015,1.84729064,0.01777251185,0.6485781991,0.07510326699,6.017618121,4405484.634,90.65
22344,小山町,Oyama-cho,basic_municipality,,True,True,True,,136.7909238,418.9530686,,36.51443343,7.324429125,6.624299871,3.446790177,0,3.769926756,15.29783394,3.068592058,2.775270758,1.444043321,0,0.1579422383,0.04194663083,0.7219235938,0.03683512598,-8.188512518,3348902.056,124.45
22424,吉田町,Yoshida-cho,basic_municipality,,True,True,True,,1395.031356,1411.371401,0.2603824475,42.56717037,8.299042152,6.570075037,3.077561465,2.766347384,6.224281614,60.07808687,11.71303075,9.272816008,4.343582235,0.3904343582,0.878477306,0.0318422564,0.4726564993,0.1447178003,-5.765778207,3204101.097,117.68
22429,川根本町,Kawanehon-cho,basic_municipality,,True,True,True,,12.48993721,128.2496384,,70.09345794,17.56364808,18.5304544,5.639703513,0,9.668063165,8.989460632,2.252531515,2.376524075,0.7232899359,0,0.1239925604,0.1196792104,0.5727945713,0.01006279182,-8.947368421,2744117.647,
22461,森町,Mori-machi,basic_municipality,,True,True,True,,130.3636771,453.7821679,,43.47826087,9.337228619,8.535258063,1.833075557,0.5728361116,5.728361116,19.72965947,4.237067845,3.873147907,0.8318170003,0.02599428126,0.2599428126,0.07616,0.528,0.06720931969,-3.889674682,3121580.159,128.37
23100,名古屋市,Nagoya-shi,designated_city,,True,False,True,,7142.958652,7359.575878,0.9874979418,50.31524207,9.906199189,6.806947675,5.429693128,1.642243124,9.398947592,370.2988419,72.9054246,50.09624791,39.96023857,1.208621288,6.917226798,0.002620535625,0.7443250982,0.03062787136,1.960482917,4555343.585,76.86
23101,千種区,Chikusa-ku,designated_city_ward,23100,False,True,False,overlapping_hierarchy,9089.383938,9579.42029,1,44.70331931,8.145480953,6.572059669,5.391993706,1.69445369,10.77188417,428.2318841,78.02898551,62.95652174,51.65217391,1.623188406,10.31884058,0.001300721431,0.8165982782,,6.009038492,,73.18
23102,東区,Higashi-ku,designated_city_ward,23100,False,True,False,overlapping_hierarchy,10945.7847,10945.7847,1,76.70158309,14.76443265,8.531614371,7.394065788,2.725376813,12.32344298,839.5590143,161.6083009,93.38521401,80.93385214,2.983138781,13.48897536,0.0007944440173,0.8037210733,,10.75306685,,67.51
23103,北区,Kita-ku,designated_city_ward,23100,False,True,False,overlapping_hierarchy,9295.83571,9295.83571,1,42.18316601,7.517366651,5.406367363,4.350867719,1.534156459,7.916247331,392.1277809,69.88020536,50.2567028,40.44495151,1.42612664,7.358813463,0.001372407674,0.7404347344,,2.417360366,,75
23104,西区,Nishi-ku,designated_city_ward,23100,False,True,False,overlapping_hierarchy,8426.213051,8426.213051,1,54.55315656,11.78168147,6.96972505,5.103188997,1.456162878,8.141274275,459.6765198,99.27495817,58.72838818,43.00055772,1.226993865,6.860011154,0.001696329255,0.7333286986,,7.114912939,,76.83
23105,中村区,Nakamura-ku,designated_city_ward,23100,False,True,False,overlapping_hierarchy,8503.006135,8503.006135,1,84.61821514,18.70143363,11.75333155,9.71146978,2.38096956,16.08958218,719.5092025,159.0184049,99.93865031,82.57668712,2.024539877,13.6809816,0.00173756355,0.7628064869,,5.299098211,,71.09
23106,中区,Naka-ku,designated_city_ward,23100,False,True,False,overlapping_hierarchy,9925.373134,9925.373134,1,214.0601504,45.59613319,26.83136412,34.90870032,4.296455424,28.57142857,2124.626866,452.5586354,266.3113006,346.4818763,4.264392324,28.35820896,0.0007136529186,0.8144502412,,20.94388165,,49.4
23107,昭和区,Showa-ku,designated_city_ward,23100,False,True,False,overlapping_hierarchy,9835.374771,9962.87037,1,48.12312382,9.200829004,6.78444967,4.646883335,2.044628668,11.431333,479.4444444,91.66666667,67.59259259,46.2962963,2.037037037,11.38888889,0.00158524283,0.8128589957,,-1.483693458,,75.21
23108,瑞穂区,Mizuho-ku,designated_city_ward,23100,False,True,False,overlapping_hierarchy,9655.258467,9689.80322,1,38.00354466,6.637004763,5.0031385,3.480042831,1.200014769,8.584721043,368.2468694,64.31127013,48.47942755,33.72093023,1.162790698,8.31842576,0.002158598089,0.763084048,,6.700633869,,80.02
23109,熱田区,Atsuta-ku,designated_city_ward,23100,False,True,False,overlapping_hierarchy,8165.487805,8165.487805,1,59.59048344,14.33755993,7.213584838,6.212942635,2.090894156,10.00642203,486.5853659,117.0731707,58.90243902,50.73170732,1.707317073,8.170731707,0.001520494322,0.7462392029,,9.559359068,,73.08
23110,中川区,Nakagawa-ku,designated_city_ward,23100,False,True,False,overlapping_hierarchy,6893.441599,6893.441599,0.9868118227,36.32525099,7.180783589,4.811351528,3.162263057,1.177920336,5.617773912,250.4059963,49.5003123,33.16677077,21.7988757,0.8119925047,3.872579638,0.004054884699,0.7101104436,,-0.9583688285,,81.15
23111,港区,Minato-ku,designated_city_ward,23100,False,True,False,overlapping_hierarchy,3145.436638,3145.436638,0.9466374422,43.40535087,8.008906516,6.498973663,3.945308423,1.809136137,6.123230004,136.5287809,25.19150799,20.44210987,12.40971766,0.569052309,1.9260232,0.004549286589,0.7029920308,,-1.925377466,,76.43
23112,南区,Minami-ku,designated_city_ward,23100,False,True,False,overlapping_hierarchy,7286.565547,7286.565547,1,41.15679132,7.880454985,6.051594677,3.739498922,0.8177830645,7.137015835,299.8916576,57.42145179,44.09534128,27.24810401,0.5958829902,5.200433369,0.00172333021,0.6642685049,,-14.97911566,,81.32
23113,守山区,Moriyama-ku,designated_city_ward,23100,False,True,False,overlapping_hierarchy,5192.208174,5853.06596,0.9114317588,30.40427665,4.94373878,4.003692231,2.304812925,1.755508616,6.455741363,177.9582367,28.93602917,23.43387471,13.49022207,1.027510772,3.778588001,0.003241307117,0.7215124418,,0.693335455,,87.02
23114,緑区,Midori-ku,designated_city_ward,23100,False,True,False,overlapping_hierarchy,6562.964917,6842.739274,0.9940635525,27.90572423,5.04015241,4.698515285,2.234708724,1.286163295,7.315053738,190.9515952,34.48844884,32.15071507,15.29152915,0.8800880088,5.00550055,0.004741261334,0.6843043943,,-1.701417313,,94.16
23115,名東区,Meito-ku,designated_city_ward,23100,False,True,False,overlapping_hierarchy,8470.694087,9087.424159,0.9989681649,35.75005311,7.004339777,4.728232831,3.417195229,1.092531334,8.740250675,324.8758963,63.65140651,42.96745725,31.05350248,0.9928295643,7.942636514,0.002299416934,0.795666694,,-1.12786195,,79.86
23116,天白区,Tempaku-ku,designated_city_ward,23100,False,True,False,overlapping_hierarchy,7637.488415,8328.29712,0.9921731375,32.95776528,5.60015047,4.781060206,2.942657614,1.152793705,8.372922696,274.4820616,46.63971703,39.81808994,24.50732693,0.9600808489,6.973218797,0.003811634948,0.7539467993,,0.7666506948,,75.6
23201,豊橋市,Toyohashi-shi,basic_municipality,,True,True,True,,1419.541985,1692.083712,0.7424768767,38.58356636,7.816197032,6.418046892,3.925575393,1.478812648,6.80253818,65.2866242,13.22565969,10.85987261,6.642402184,0.2502274795,1.151046406,0.05131723819,0.5783774008,0.286259542,-6.034051829,3761409.523,101.85
23202,岡崎市,Okazaki-shi,basic_municipality,,True,True,True,,993.4245868,2447.998473,0.7788298055,34.11117524,6.990698134,6.17957957,3.252273472,1.351864273,6.057391838,83.50410488,17.11321835,15.12760135,7.961560491,0.3309361675,1.482848597,0.0129842297,0.5792618225,0.0826446281,-3.799757485,4043326.094,101.18
23203,一宮市,Ichinomiya-shi,basic_municipality,,True,True,True,,3339.246178,3339.246178,0.7279127957,41.36836871,6.961820492,6.056731207,3.759804038,1.262915282,6.840791111,138.1391671,23.24723247,20.22491653,12.55491126,0.4217185029,2.284308557,0.009401378097,0.6758520541,0.24600246,-1.045478306,3769119.591,104.72
23204,瀬戸市,Seto-shi,basic_municipality,,True,True,True,,1147.145422,2620.299364,0.742065231,34.43877551,6.463628396,5.219419056,2.480593464,1.408538876,5.242894704,90.23990158,16.93664138,13.67644043,6.499897478,0.3690793521,1.373795366,0.007224403904,0.6306937748,0.02692998205,-3.856692589,3751092.605,103.31
23205,半田市,Handa-shi,basic_municipality,,True,True,True,,2485.955293,2556.582086,0.8838434393,39.58976621,7.702487191,6.709986088,4.512910997,1.526924774,6.955990635,101.2144871,19.69204077,17.15463023,11.53762741,0.3903708523,1.778356105,0.01433554238,0.5918555982,0.1476170392,-4.483301638,3919416.526,99.98
23206,春日井市,Kasugai-shi,basic_municipality,,True,True,True,,3327.02091,4071.771534,0.8680806399,31.7091107,5.591533007,4.901500254,2.990141926,1.490211578,6.738348003,129.1122543,22.76744493,19.95778921,12.17517478,0.6067801082,2.743701359,0.00663944563,0.6794757532,0.06466910972,-1.824113605,3894530.366,95
23207,豊川市,Toyokawa-shi,basic_municipality,,True,True,True,,1145.966241,1787.964756,0.6664049258,35.44332588,7.354016278,6.644608228,3.021753375,1.732905161,5.686095061,63.37141751,13.14872192,11.88032533,5.402788536,0.3098373354,1.016653757,0.04866157382,0.5561869863,0.1985850813,0.941366326,3595196.492,107.34
23208,津島市,Tsushima-shi,basic_municipality,,True,True,True,,2428.935831,2428.935831,0.4891864396,43.89419448,9.008565521,8.237340422,3.954579764,1.804994913,8.860884119,106.6161817,21.88122758,20.0079713,9.605420486,0.4384216819,2.152251893,0.01764057332,0.6685042264,0.3188521323,-0.8561931303,3495537.658,112.26
23209,碧南市,Hekinan-shi,basic_municipality,,True,True,True,,1975.408942,1975.408942,0.9037511386,39.85757266,7.770018493,6.831543791,2.718816418,0.828065914,6.07248337,78.73500545,15.34896401,13.49509269,5.370774264,0.1635768811,1.199563795,0.03663177926,0.4659319167,0.2453653217,-1.315024501,3793552.229,113.54
23210,刈谷市,Kariya-shi,basic_municipality,,True,True,True,,3052.867632,3082.845691,0.8141763199,33.60115449,6.240492999,5.297918536,3.861305043,1.365107844,6.240492999,103.5871743,19.23847695,16.33266533,11.90380762,0.4208416834,1.923847695,0.01063829787,0.5195654481,0.2381424886,-0.2680018825,4514421.862,93.48
23211,豊田市,Toyota-shi,basic_municipality,,True,True,True,,459.8941545,1438.208752,0.5827409845,30.12099543,5.372575948,5.033978169,3.220230625,1.30229915,5.517012763,43.32027924,7.726885748,7.239911459,4.631363869,0.1872978035,0.793461604,0.01657791045,0.5090913433,0.06751459186,-2.203737191,4120867.788,102.56
23212,安城市,Anjo-shi,basic_municipality,,True,True,True,,2184.660081,2184.660081,0.6868503644,33.73051758,6.409915421,5.713069844,3.462950157,1.38305229,6.43651258,73.68971528,14.00348635,12.48111563,7.565368972,0.3021499128,1.40615921,0.02178410476,0.5368529349,0.4183614178,-8.914821624,4194410.471,101.16
23213,西尾市,Nishio-shi,basic_municipality,,True,True,True,,1048.542364,1240.067488,0.5076606367,38.60487678,8.234445062,7.323450422,3.034676952,1.478887403,5.264839156,47.87265258,10.21126761,9.08157277,3.763204225,0.1833920188,0.6528755869,0.04623185066,0.486171929,0.3163379233,-1.510075032,3799824.548,126.78
23214,蒲郡市,Gamagori-shi,basic_municipality,,True,True,True,,1396.383427,2002.971544,0.6881616334,42.38225754,8.85111519,8.071613568,4.148960245,1.634438885,7.417838015,84.8904558,17.72853186,16.16721229,8.310249307,0.3273734576,1.485771846,0.04057466474,0.5608619971,0.1404494382,-0.1160766106,3575454.011,117.15
23215,犬山市,Inuyama-shi,basic_municipality,,True,True,True,,975.8344459,1784.859585,0.4875906417,33.28772746,5.773703653,5.240114927,3.52989465,0.8209057327,6.567245861,59.41391941,10.30525031,9.352869353,6.3003663,0.1465201465,1.172161172,0.01209723987,0.6238595681,0.1201602136,-3.602770068,3639767.228,109.87
23216,常滑市,Tokoname-shi,basic_municipality,,True,True,True,,1050.268336,1140.221402,0.6980582524,42.37778913,9.0444558,8.720831204,4.275251235,1.53295861,6.813149378,48.32006215,10.31268207,9.943678384,4.874732958,0.1747912216,0.7768498738,0.02678952611,0.6333428205,0.2325581395,-2.471787529,3562449.726,105.54
23217,江南市,Konan-shi,basic_municipality,,True,True,True,,3253.476821,3253.476821,0.5878377691,31.06203247,5.831764287,5.363594728,3.501094092,1.01775991,7.327871355,101.0596026,18.97350993,17.45033113,11.39072848,0.3311258278,2.38410596,0.007976517134,0.6458851807,0.1986754967,-1.171986466,3783230.216,109.2
23219,小牧市,Komaki-shi,basic_municipality,,True,True,True,,2369.543066,2654.851944,0.7896741942,42.10816295,7.558909098,5.563357096,2.989968488,2.082899396,6.71903031,111.7909383,20.06778452,14.7698894,7.937923653,0.5529789511,1.783803068,0.01032978587,0.6077665213,0.1273682535,-0.2549907734,3706672.509,94.93
23220,稲沢市,Inazawa-shi,basic_municipality,,True,True,True,,1698.185255,1698.185255,0.4089617146,32.26692195,5.944297259,5.543558118,3.228176414,1.484219041,7.569517109,54.79521109,10.09451796,9.413988658,5.482041588,0.2520478891,1.285444234,0.03782016188,0.6399982244,0.4032766226,0.5343206978,3750932.73,111.8
23221,新城市,Shinshiro-shi,basic_municipality,,True,True,True,,88.84682411,518.4687317,0.1971818284,43.67038665,8.612332319,8.364333221,3.156352159,1.127268628,7.665426671,22.64172998,4.465225015,4.336645237,1.636469901,0.05844535359,0.3974284044,0.07988886514,0.5287454584,0.05408328826,-7.622418879,3187025.042,142.66
23222,東海市,Tokai-shi,basic_municipality,,True,True,True,,2620.00921,2672.310944,0.9090317875,34.38002584,5.756369357,5.009359593,3.550493466,1.230369023,6.327612117,91.8741193,15.38280883,13.38656646,9.488022546,0.3287928605,1.690934711,0.02112701188,0.5819207023,0.1381533502,2.399604771,3945267.202,90.52
23223,大府市,Obu-shi,basic_municipality,,True,True,True,,2766.57754,2853.033088,0.7613586332,34.78195505,5.4658892,5.004134317,2.888652642,1.073848566,7.624324818,99.23406863,15.59436275,14.27696078,8.241421569,0.306372549,2.175245098,0.01438016161,0.5771431115,0.2079619727,-3.741372267,4377626.26,99.67
23224,知多市,Chita-shi,basic_municipality,,True,True,True,,1837.995643,1940.740741,0.6690294438,25.05808165,3.899767673,3.615286141,2.382532834,0.711203831,4.978426817,48.63123994,7.568438003,7.016333103,4.623878537,0.138026225,0.9661835749,0.01793609952,0.618695511,0.2396514161,-5.047159016,3732878.119,105.48
23225,知立市,Chiryu-shi,basic_municipality,,True,True,True,,4426.302882,4426.302882,0.7899380826,25.70886374,5.983959664,5.443741083,2.410205976,0.9696230937,5.125150638,113.7952177,26.4868179,24.09564684,10.66830166,0.4291845494,2.268546904,0.007437925123,0.5356688603,0.2452483139,4.047022548,4010122.108,89.26
23226,尾張旭市,Owariasahi-shi,basic_municipality,,True,True,True,,3953.590109,4591.054666,0.9550899644,29.88790532,5.219859521,4.738766477,2.730203021,0.9621860868,8.53940152,137.2170072,23.96466041,21.75593595,12.53451132,0.4417448923,3.920485919,0.005649288139,0.721588894,0.04755111745,-1.110023633,4092228.032,99.74
23227,高浜市,Takahama-shi,basic_municipality,,True,True,True,,3516.857361,3516.857361,0.9472086063,32.09994361,5.617490131,5.704246736,2.277360864,1.301349065,5.639179283,112.890923,19.75591152,20.06102212,8.009153318,0.4576659039,1.983218917,0.008599354,0.4664625194,0.1525553013,-1.794416916,3726273.931,102.32
23228,岩倉市,Iwakura-shi,basic_municipality,,True,True,True,,4582.903534,4582.903534,0.8800825292,30.51080591,5.460267178,4.584957172,3.459558594,1.250442865,6.043807182,139.8280802,25.02387775,21.01241643,15.8548233,0.5730659026,2.769818529,0.009673790776,0.6700112486,0.1910219675,-0.7537530621,3671616.663,90.33
23229,豊明市,Toyoake-shi,basic_municipality,,True,True,True,,2984.280792,3131.26977,0.8386030738,30.95461433,5.224042139,4.56021358,2.193520456,0.8658633379,5.916732809,96.92724808,16.35788522,14.27925892,6.868504293,0.2711251695,1.852688658,0.01035367418,0.5915643516,0.2153316107,-0.2945421343,3873954.691,95.85
23230,日進市,Nisshin-shi,basic_municipality,,True,True,True,,2621.598396,3198.88151,0.6106643357,28.3326049,5.375874126,5.190122378,2.371066434,1.311188811,8.413461538,90.63264593,17.19678434,16.60258651,7.584760573,0.4194337644,2.691366655,0.007068032693,0.6911016461,0.1145803495,-0.4352118208,4617088.537,99.58
23231,田原市,Tahara-shi,basic_municipality,,True,True,True,,310.606457,430.9568753,0.1936489218,37.56738544,9.029649596,8.557951482,3.739892183,1.010781671,6.064690027,16.18992304,3.891389575,3.68810803,1.611732249,0.04356033106,0.2613619864,0.2881762023,0.4244269961,0.3296530794,2.865968766,3498903.075,133.72
23232,愛西市,Aisai-shi,basic_municipality,,True,True,True,,912.2525495,912.2525495,0.2147659833,33.07632872,5.04693485,4.307156126,2.383731444,1.64395272,6.57581088,30.17396521,4.604079184,3.929214157,2.174565087,0.149970006,0.599880024,0.07145859605,0.6245351958,0.449910018,-0.5458424996,3518503.335,130.8
23233,清須市,Kiyosu-shi,basic_municipality,,True,True,True,,3881.959654,3881.959654,0.8634338995,37.37082789,7.393989785,5.345052857,2.687373797,1.187789524,6.38436869,145.0720461,28.70317003,20.74927954,10.43227666,0.4610951009,2.478386167,0.0106051731,0.6749082838,0.1152737752,-1.921201624,3815028.902,99.85
23234,北名古屋市,Kitanagoya-shi,basic_municipality,,True,True,True,,4702.504083,4702.504083,0.8803148695,34.11471899,5.973259246,4.67673786,2.685651444,1.157608381,5.556520229,160.4246053,28.08927599,21.99237888,12.62928688,0.5443658138,2.612955906,0.01015795869,0.66527339,0.2177463255,-3.70443717,3808305.534,95.61
23235,弥富市,Yatomi-shi,basic_municipality,,True,True,True,,876.0944818,877.7029784,0.5517722255,42.4404416,6.809994189,5.671121441,2.975014526,1.859384079,7.437536316,37.250102,5.977152183,4.97756018,2.611179111,0.1631986944,0.6527947776,0.03879896786,0.6558761436,0.3665241295,-0.5742637938,3690522.057,122.54
23236,みよし市,Miyoshi-shi,basic_municipality,,True,True,True,,1924.572849,2019.295958,0.6182044163,29.02246901,5.003873967,4.438920455,2.340521694,1.614152893,7.425103306,58.60495437,10.10430248,8.963494133,4.726205997,0.3259452412,1.49934811,0.0158831206,0.5656173409,0.2174588381,-1.025924961,4535905.574,101.68
23237,あま市,Ama-shi,basic_municipality,,True,True,True,,3132.993816,3132.993816,0.8255462926,29.36395514,4.667580057,4.005759004,1.915797785,0.4644358266,6.269883659,91.99708985,14.62349945,12.55001819,6.002182612,0.1455074573,1.964350673,0.0130360042,0.6300257855,0.2910149145,-1.097371964,3686817.463,110.9
23238,長久手市,Nagakute-shi,basic_municipality,,True,True,True,,2791.740139,3445.704467,0.7894019481,31.36531365,7.496426316,7.047638044,2.809082145,2.825703933,8.31089392,108.0756014,25.83046964,24.28407789,9.679266896,0.9736540664,2.863688431,0.007393324884,0.7488029855,0.09280742459,4.633242294,5311685.604,87.94
23302,東郷町,Togo-cho,basic_municipality,,True,True,True,,2434.997227,2622.640382,0.6488622645,31.0684919,6.582693666,6.856023506,2.118306266,0.9110994693,6.83324602,81.48148148,17.26403823,17.98088411,5.555555556,0.238948626,1.792114695,0.01179144765,0.6110242932,0.1663893511,1.525223092,4062613.208,104.43
23342,豊山町,Toyoyama-cho,basic_municipality,,True,True,True,,2526.375405,2526.375405,0.9461346314,54.31371293,16.58874015,9.991673605,5.444181131,2.561967591,5.123935182,137.2168285,41.90938511,25.24271845,13.75404531,0.6472491909,1.294498382,0.007855061447,0.6697073356,0.1618122977,2.94044044,3837732.919,95.2
23361,大口町,Oguchi-cho,basic_municipality,,True,True,True,,1785.819251,1785.819251,0.5534663649,35.91853528,6.336144826,4.813824316,2.592059247,1.645751903,7.405883563,64.14401176,11.3152094,8.596620132,4.628949302,0.293901543,1.322556943,0.01210613599,0.5884742952,0.293901543,-5.540743209,3774486.88,110.49
23362,扶桑町,Fuso-cho,basic_municipality,,True,True,True,,3050.312779,3050.312779,0.7597339818,29.61942988,6.005918027,5.800837899,3.779333783,1.757829666,6.445375443,90.34852547,18.31992851,17.69436997,11.52815013,0.5361930295,1.966041108,0.01117584116,0.6366068244,0.1787310098,2.482664155,3725237.49,109.63
23424,大治町,Oharu-cho,basic_municipality,,True,True,True,,4916.388467,4916.388467,0.9745362511,28.11815179,4.321121022,3.456896818,2.160560511,0.6173030032,4.012469521,138.2397572,21.24430956,16.99544765,10.62215478,0.3034901366,1.972685888,0.01094914583,0.6509465075,0.1517450683,3.336709766,3547232.328,101.02
23425,蟹江町,Kanie-cho,basic_municipality,,True,True,True,,3366.816952,3366.816952,0.7788312175,37.97739568,7.231238952,6.374203225,4.767261235,1.339118324,6.963415287,127.8629396,24.34625789,21.46077547,16.05049594,0.4508566276,2.344454463,0.008846727777,0.6901513537,0.180342651,-2.389745818,3679301.912,93.17
23427,飛島村,Tobishima-mura,basic_municipality,,True,True,True,,203.9679001,203.9679001,,158.0327869,21.42076503,11.80327869,4.590163934,0,10.92896175,32.23361569,4.369148462,2.407489969,0.936246099,0,0.2229157379,0.09523809524,0.592364532,0.2674988854,16.76214725,3948946.136,
23441,阿久比町,Agui-cho,basic_municipality,,True,True,True,,1192.563025,1271.639785,0.2422576895,29.0314625,6.482753761,6.799844978,2.783356234,1.76161787,7.398795053,36.91756272,8.243727599,8.646953405,3.539426523,0.2240143369,0.9408602151,0.02893939394,0.6081060606,0.3361344538,-1.922871488,3834864.603,118.13
23442,東浦町,Higashiura-cho,basic_municipality,,True,True,True,,1592.678227,1678.375635,0.6950560529,27.54254375,5.605290749,5.585127833,2.318735382,1.814662473,5.242358255,46.22673435,9.407783418,9.37394247,3.891708968,0.3045685279,0.8798646362,0.01907763769,0.5630391506,0.3211303789,0.8595014891,3902739.959,103.42
23445,南知多町,Minamichita-cho,basic_municipality,,True,True,True,,433.0727131,602.283436,,63.60955648,14.32268159,12.39694289,5.596678101,0,7.22152013,38.31098224,8.626313882,7.46647336,3.370786517,0,0.4349401957,0.1783698352,0.5310453827,0.208496221,-81.71030569,3464406.78,131.42
23446,美浜町,Mihama-cho,basic_municipality,,True,True,True,,486.9264069,646.4367816,,37.65113798,6.534495021,6.534495021,2.933854908,2.667140825,3.556187767,24.33908046,4.224137931,4.224137931,1.896551724,0.1724137931,0.2298850575,0.06260560249,0.6220542463,0.2380952381,-33.36575875,3499838.17,127.24
23447,武豊町,Taketoyo-cho,basic_municipality,,True,True,True,,1650.929086,1818.504595,0.7175376134,25.97909728,4.341334558,4.341334558,2.664522798,0.6891007236,4.823705065,47.24310777,7.894736842,7.894736842,4.845446951,0.1253132832,0.8771929825,0.01595317884,0.5611459857,0.1516875237,3.871056937,3613817.891,105.31
23501,幸田町,Kota-cho,basic_municipality,,True,True,True,,748.3956276,1305.721317,0.5259252279,27.06777545,4.923555325,4.664420834,2.190864331,1.649037669,6.124997055,35.34297139,6.428791141,6.090433713,2.860658259,0.2153183636,0.7997539219,0.03200110507,0.4965466433,0.1939351199,-3.759845799,3869628.007,111.91
23561,設楽町,Shitara-cho,basic_municipality,,True,True,True,,16.19697744,162.0525931,,58.3727744,11.26887537,12.1703854,3.38066261,0,15.77642551,9.459459459,1.826150475,1.972242513,0.5478451424,0,0.2556610665,0.1850649351,0.594619666,0.02920347521,-6.418168353,3059622.196,
23562,東栄町,Toei-cho,basic_municipality,,True,True,True,,23.84503161,260.1237843,,64.58191706,14.61590755,13.59619307,5.778382053,0,13.59619307,16.79929266,3.801945181,3.536693192,1.503094607,0,0.3536693192,0.0662202381,0.6584821429,0.01621008267,-2.219755827,2973559.962,
23563,豊根村,Toyone-mura,basic_municipality,,True,True,True,,6.524249423,94.16666667,,70.79646018,18.68239921,18.68239921,3.933136676,9.832841691,19.66568338,6.666666667,1.759259259,1.759259259,0.3703703704,0.09259259259,0.1851851852,0.1280487805,0.6646341463,0.006415191173,-3.229278794,3057500,
24201,津市,Tsu-shi,basic_municipality,,True,True,True,,386.0302596,927.9914819,0.5010690727,38.5303256,7.652884675,6.501855852,3.154401775,1.675548287,10.05328972,35.75581395,7.10181179,6.033666847,2.927257977,0.1554894538,0.9329367226,0.02475332142,0.6943127962,0.1124891026,-3.509843957,3692700.37,105.71
24202,四日市市,Yokkaichi-shi,basic_municipality,,True,True,True,,1479.050847,1713.458626,0.674301954,39.30928807,7.926685526,6.456598041,3.496778249,1.407878883,8.545497407,67.35483871,13.58204769,11.0631136,5.991584853,0.2412342216,1.464235624,0.01253055577,0.6212445967,0.1791767554,-4.416113429,3858255.841,100.65
24203,伊勢市,Ise-shi,basic_municipality,,True,True,True,,589.1683064,1242.560729,0.4473832118,50.56815868,11.62383415,10.40198754,5.367979473,1.547672382,10.67079379,62.8340081,14.44331984,12.92510121,6.670040486,0.1923076923,1.325910931,0.02403049104,0.6918935548,0.1295771944,-3.62645037,3404821.201,106.4
24204,松阪市,Matsusaka-shi,basic_municipality,,True,True,True,,255.2118413,809.3216029,0.4666059254,46.45449119,9.086053599,7.621979955,5.177668164,1.44522291,9.236859468,37.59662327,7.353539463,6.168633035,4.190398698,0.1169650122,0.747558991,0.03391450342,0.6442464161,0.1186696174,-2.614948791,3411871.92,107.85
24205,桑名市,Kuwana-shi,basic_municipality,,True,True,True,,1014.365166,1296.539145,0.5407501461,40.04674886,9.068413497,8.693268308,3.477307323,1.515009415,6.925757324,51.92217753,11.75755308,11.27116266,4.508465064,0.1964269011,0.897951548,0.01594896332,0.6263845602,0.1829491401,-4.261548943,4032039.642,113.99
24207,鈴鹿市,Suzuka-shi,basic_municipality,,True,True,True,,1006.222359,1233.888258,0.5710584147,32.25328359,7.068022691,6.429192007,2.846629529,1.430980733,7.717074667,39.79694791,8.721150208,7.932904528,3.512422752,0.1765670324,0.9522007819,0.02495352419,0.5893450895,0.2879769618,-2.273066222,3628307.293,106.8
24208,名張市,Nabari-shi,basic_municipality,,True,True,True,,588.6337366,1243.682839,0.5623600874,35.50342336,7.095448178,6.558707633,2.814615052,1.570947936,8.902038305,44.15499837,8.824487138,8.156952133,3.50048844,0.195376099,1.107131228,0.02205984497,0.630928236,0.08476535409,-4.64777917,3319120.524,117.02
24209,尾鷲市,Owase-shi,basic_municipality,,True,True,True,,84.33397333,948.744892,0.5254737878,67.86857002,17.96701944,15.19812946,7.629830175,0.6153088851,12.3061777,64.38995914,17.04611792,14.41914769,7.238762405,0.05837711617,1.167542323,0.05402363534,0.7367754643,0.00518914431,-2.512239114,3281425.272,100.36
24210,亀山市,Kameyama-shi,basic_municipality,,True,True,True,,260.8615997,698.6541427,0.1255342631,30.23979131,5.879402027,5.578408749,2.187217819,1.203973111,7.223838668,21.12715547,4.107668583,3.897378382,1.52810879,0.08411608019,0.5046964811,0.02511891847,0.554368689,0.09422110553,0.4070832485,3437987.367,111.72
24211,鳥羽市,Toba-shi,basic_municipality,,True,True,True,,163.2662568,541.5636588,,63.79457917,12.72467903,12.09700428,7.760342368,1.141226819,10.27104137,34.54882571,6.891223733,6.551297899,4.202719407,0.06180469716,0.5562422744,0.126793722,0.6739910314,0.03726476616,-10.4724793,2919483.712,114.67
24212,熊野市,Kumano-shi,basic_municipality,,True,True,True,,42.76148386,352.5839223,,63.70184779,15.15815847,14.09332916,6.451612903,1.879110554,18.16473536,22.46024735,5.344522968,4.969081272,2.274734982,0.06625441696,0.640459364,0.07681222078,0.7414613057,0.01607071113,-3.73806822,2967195.386,94.79
24214,いなべ市,Inabe-shi,basic_municipality,,True,True,True,,204.5808124,486.2997405,,40.0907211,7.204322594,6.515020123,2.534854246,0.8894225424,5.336535254,19.49610727,3.503460208,3.168252595,1.232698962,0.04325259516,0.2595155709,0.02411413181,0.4876693881,0.1182732111,-5.100321298,3494651.163,142.22
24215,志摩市,Shima-shi,basic_municipality,,True,True,True,,257.3879513,524.0300375,,50.87174588,11.72460212,10.81268862,5.145797599,1.085611308,9.77050177,26.6583229,6.144043691,5.666173626,2.696552509,0.05688929343,0.5120036409,0.07822937247,0.7198231254,0.05029618867,-8.048061664,2982615.523,117.76
24216,伊賀市,Iga-shi,basic_municipality,,True,True,True,,159.0133099,405.7874286,0.2411846878,42.60640335,8.685758061,7.818308812,2.850190388,1.577180452,7.773246513,17.28914286,3.524571429,3.172571429,1.156571429,0.064,0.3154285714,0.05200279512,0.5135360548,0.130770471,-7.978440481,3245788.57,126.8
24303,木曽岬町,Kisosaki-cho,basic_municipality,,True,True,True,,382.6556544,382.6556544,,41.50755437,6.807238917,3.818695002,1.826332392,0,4.980906525,15.88310038,2.604828463,1.461245235,0.6988564168,0,0.1905972046,0.08958990536,0.567192429,0.3176620076,-7.489361702,3208686.051,
24324,東員町,Toin-cho,basic_municipality,,True,True,True,,1136.86067,1233.094213,0.4610223394,33.70307167,7.446478436,7.174992243,2.559726962,1.163512256,6.593236115,41.55906265,9.182209469,8.847441416,3.156384505,0.143472023,0.8130081301,0.01192921473,0.5791594249,0.3086419753,0.2331274041,3519263.846,131.39
24341,菰野町,Komono-cho,basic_municipality,,True,True,True,,379.0206523,759.3896274,0.3559505905,34.88744792,5.991271974,5.867994773,2.588821223,0.9862176089,5.670751251,26.49316607,4.549709792,4.456094364,1.965923984,0.07489234226,0.430630968,0.02277463531,0.5741292051,0.1775534997,-1.177682909,3718090.136,122.95
24343,朝日町,Asahi-cho,basic_municipality,,True,True,True,,1839.899833,2056.156716,,26.8578169,4.173849923,4.083114055,1.633245622,1.814717358,7.258869431,55.2238806,8.582089552,8.395522388,3.358208955,0.3731343284,1.492537313,0.006394583412,0.608801956,0.1669449082,6.032231926,4169878.097,
24344,川越町,Kawagoe-cho,basic_municipality,,True,True,True,,1734.288991,1734.288991,0.607882034,41.46002777,7.207564637,5.488329035,2.512728956,3.30622231,5.951200159,71.90366972,12.5,9.518348624,4.357798165,0.5733944954,1.032110092,0.00727978646,0.5456199951,0.1146788991,5.398539219,3561624.827,106.85
24441,多気町,Taki-cho,basic_municipality,,True,True,True,,136.0469629,319.3849658,,43.93409885,7.916696384,8.20198274,2.710220384,0.7132158905,6.418943014,14.03189066,2.528473804,2.619589977,0.8656036446,0.02277904328,0.2050113895,0.09302325581,0.5744043373,0.1649524549,-0.5133093789,3212535.511,
24442,明和町,Meiwa-cho,basic_municipality,,True,True,True,,546.6390648,592.685503,,31.81109378,7.039429717,6.816662954,2.138560927,2.673201158,6.23746937,18.85397412,4.172167943,4.040137312,1.267494059,0.1584367573,0.3696857671,0.04497898596,0.5938478047,0.4870920604,-1.104728237,3198054.908,123.35
24443,大台町,Odai-cho,basic_municipality,,True,True,True,,23.88800088,315.5442301,,59.99077065,14.07475773,12.92108906,3.576372866,1.153668666,10.383018,18.92974154,4.441208591,4.0771751,1.128503822,0.03640334911,0.327630142,0.07358870968,0.6096270161,0.01102353525,-6.704046806,2982109.809,
24461,玉城町,Tamaki-cho,basic_municipality,,True,True,True,,367.6607187,531.1087571,,30.98198258,6.980918822,7.44631341,1.861578353,0.6648494116,6.648494116,16.45480226,3.707627119,3.95480226,0.988700565,0.03531073446,0.3531073446,0.06028970377,0.5847579277,0.3422146175,3.525108081,3207748.627,131.62
24470,度会町,Watarai-cho,basic_municipality,,True,True,True,,58.13453845,375.9942501,,40.14272971,6.499299095,6.244424621,1.911558557,0,7.64623423,15.09343555,2.44369909,2.347867753,0.7187350264,0,0.2874940105,0.05751870003,0.5960794429,0.05185953475,-5.955532028,3047253.759,
24471,大紀町,Taiki-cho,basic_municipality,,True,True,True,,33.49477113,344.4248568,,56.30198337,14.71529111,13.69161868,2.687140115,0,14.07549584,19.39180256,5.068312032,4.715733803,0.9255178493,0,0.4847950639,0.08421361502,0.6247065728,0.02571575519,-1.383700014,2909090.909,
24472,南伊勢町,Minamiise-cho,basic_municipality,,True,True,True,,45.42974079,306.6127232,,55.51005551,14.01401401,11.1020111,3.549003549,0,10.01001001,17.02008929,4.296875,3.404017857,1.088169643,0,0.3069196429,0.1862621155,0.610619469,0.02067055273,-12.10792259,2993532.741,
24543,紀北町,Kihoku-cho,basic_municipality,,True,True,True,,56.92679504,466.2835249,,58.1347576,12.53081348,11.02437688,7.189811011,0,10.27115859,27.10727969,5.842911877,5.140485313,3.352490421,0,0.4789272031,0.08779897063,0.6389645777,0.01169408279,-5.814376045,3021867.275,
24561,御浜町,Mihama-cho,basic_municipality,,True,True,True,,91.67139453,259.2747112,,51.86285431,15.10087882,12.74910261,3.341997772,0,7.426661716,13.44672657,3.915275995,3.305519897,0.8664955071,0,0.1925545571,0.2241208519,0.6324913323,0.1361624872,0.8964015879,3086371.1,
24562,紀宝町,Kiho-cho,basic_municipality,,True,True,True,,129.6282341,546.6631356,,40.98440074,7.363627555,6.879178374,2.32535607,0,7.7511869,22.40466102,4.025423729,3.76059322,1.271186441,0,0.4237288136,0.05986649979,0.645598665,0.05023863351,-8.893280632,2979161.436,
25201,大津市,Otsu-shi,basic_municipality,,True,True,True,,742.8688295,2788.895175,0.8123974846,32.54412148,5.511925117,5.054047005,2.93853421,1.391022111,8.751847451,90.76214338,15.37218136,14.09520731,8.195263881,0.3879414855,2.440798513,0.01055275057,0.7393253095,0.04520892984,3.099534342,3980675.821,99.59
25202,彦根市,Hikone-shi,basic_municipality,,True,True,True,,577.269264,1558.516182,0.5976664584,40.89857189,8.91356569,7.655283465,3.994826084,1.935818807,8.095242285,63.74108612,13.89193637,11.93088316,6.226001097,0.3017004937,1.26165661,0.01589475581,0.6185799243,0.1371463402,-0.4960406934,3692358.597,110.93
25203,長浜市,Nagahama-shi,basic_municipality,,True,True,True,,166.8614725,691.7214512,0.3077193847,46.32334823,9.768031258,8.888028442,3.370410785,1.584005069,8.096025907,32.04285366,6.756756757,6.148039932,2.331385439,0.1095690285,0.5600194789,0.02964074992,0.5746779318,0.1160024669,-7.702993927,3326682.951,142.5
25204,近江八幡市,Omihachiman-shi,basic_municipality,,True,True,True,,457.1541279,1013.898263,0.4514435048,37.75794482,8.394763443,7.420921575,3.426937206,1.725795715,7.272996228,38.28271466,8.51143607,7.524059493,3.474565679,0.1749781277,0.737407824,0.0334977601,0.5971963558,0.2423217808,4.076053794,3549990.431,113.57
25206,草津市,Kusatsu-shi,basic_municipality,,True,True,True,,2121.984665,3107.60095,0.8042428412,34.13868101,6.406648461,5.961935336,3.085197307,2.362538478,9.311181061,106.0893975,19.90930685,18.52731591,9.587562082,0.7341826819,2.893543511,0.01331208551,0.6565739489,0.1769389561,3.672205814,4276204.991,86.83
25207,守山市,Moriyama-shi,basic_municipality,,True,True,True,,1493.558227,1838.250883,0.7362439329,32.61809794,6.58368975,6.067086357,2.595030996,1.441683887,8.770243645,59.96024735,12.1024735,11.15282686,4.770318021,0.2650176678,1.612190813,0.02133101437,0.6431531025,0.3409294814,0.1397282286,4027495.195,111.65
25208,栗東市,Ritto-shi,basic_municipality,,True,True,True,,1306.130195,2326.572008,0.6980238303,40.97646033,8.297006684,5.216506829,2.33943621,1.307759372,7.846556234,95.3346856,19.3035835,12.13657877,5.442866802,0.3042596349,1.825557809,0.01483178584,0.6373146027,0.1138736003,-4.274839516,3951879.563,102.74
25209,甲賀市,Koka-shi,basic_municipality,,True,True,True,,183.4599892,565.8895863,0.2081079246,44.82899115,9.235156975,8.318431834,2.999162498,2.150342923,5.998324996,25.36825925,5.22607916,4.707313949,1.697194825,0.1216856667,0.339438965,0.03579428677,0.5494538485,0.101739961,-2.519121385,3302238.44,131.04
25210,野洲市,Yasu-shi,basic_municipality,,True,True,True,,630.2308172,1047.118574,0.4917941916,34.92170332,6.038049611,5.642111932,2.672579336,1.781719557,8.908597787,36.56716418,6.322553897,5.907960199,2.798507463,0.1865671642,0.9328358209,0.0311870814,0.5890208325,0.2869619464,6.283715692,3791036.953,114.78
25211,湖南市,Konan-shi,basic_municipality,,True,True,True,,773.5795455,1646.311971,0.5363936834,33.87807565,6.18802791,5.251560779,2.478883584,1.652589056,6.059493206,55.7738815,10.18742443,8.645707376,4.081015719,0.2720677146,0.9975816203,0.01339367848,0.5327298819,0.09943181818,-4.328123555,3326946.201,104.54
25212,高島市,Takashima-shi,basic_municipality,,True,True,True,,66.91724984,393.8264266,,52.65541109,11.25557927,10.2637083,3.665610108,0.8624964961,9.487461457,20.73709239,4.432744565,4.042119565,1.44361413,0.0339673913,0.3736413043,0.06015796402,0.6339622642,0.07214486689,-2.832485063,3156139.331,137.32
25213,東近江市,Higashiomi-shi,basic_municipality,,True,True,True,,290.4936015,690.784962,0.3261064182,38.49528891,7.463281894,6.7098627,2.756627873,1.240925731,7.091004175,26.59196669,5.1555229,4.635072251,1.904237081,0.08572128337,0.489835905,0.03884378754,0.5334740981,0.2137137266,-2.110481459,3309890.966,130.04
25214,米原市,Maibara-shi,basic_municipality,,True,True,True,,148.6680778,568.4941967,,37.60913365,6.554734721,5.775688381,2.041638684,1.611820013,6.984553392,21.38057422,3.72632865,3.283445327,1.160659743,0.09163103238,0.397067807,0.03194064407,0.5931382867,0.09984424298,-4.332755633,3374308.728,147.96
25383,日野町,Hino-cho,basic_municipality,,True,True,True,,178.2653061,373.024911,,42.2152261,7.870635375,6.964319786,2.0988361,1.431024614,5.724098454,15.74733096,2.93594306,2.597864769,0.7829181495,0.05338078292,0.2135231317,0.05072602216,0.5008597631,0.1700680272,-5.748236885,3129032.258,150
25384,竜王町,Ryuo-cho,basic_municipality,,True,True,True,,264.624018,404.4253859,,61.07388243,18.40698957,20.61243532,3.223343795,1.696496734,8.482483671,24.69982847,7.444253859,8.33619211,1.303602058,0.06861063465,0.3430531732,0.06162720097,0.4998482089,0.2918069585,-12.63457603,3283419.392,
25425,愛荘町,Aisho-cho,basic_municipality,,True,True,True,,550.2501975,727.2189349,,37.14162638,6.748671804,5.408510027,1.531613459,1.435887618,5.264921265,27.01009398,4.907761921,3.933170901,1.113818308,0.1044204664,0.3828750435,0.02354386324,0.5377213635,0.3950487227,-3.279155974,3261835.245,123.44
25441,豊郷町,Toyosato-cho,basic_municipality,,True,True,True,,914.3589744,914.3589744,,40.80201907,9.254066181,8.272574313,1.822770611,4.206393718,5.608524958,37.30769231,8.461538462,7.564102564,1.666666667,0.3846153846,0.5128205128,0.02765416402,0.5543547362,0.5128205128,-4.496276521,2991897.367,
25442,甲良町,Kora-cho,basic_municipality,,True,True,True,,466.7644901,535.0714886,,41.65356806,7.073247406,5.501414649,1.257466206,0,3.143665514,22.28763667,3.784693019,2.943650126,0.6728343146,0,0.1682085786,0.04142394822,0.5019417476,0.4402054292,-1.872074883,3191348.402,
25443,多賀町,Taga-cho,basic_municipality,,True,True,True,,53.57590042,369.8017285,,55.40280451,9.485839978,8.660984328,4.674182018,0,8.248556503,20.48805287,3.50788002,3.202846975,1.72852059,0,0.3050330452,0.04119739182,0.5646117368,0.03682698682,1.089028042,3300064.185,
26100,京都市,Kyoto-shi,designated_city,,True,False,True,,1768.144426,6702.642183,0.9550796155,47.59780368,9.305039273,8.276839265,5.716245492,1.660150179,11.07449975,319.0310468,62.36834875,55.476692,38.31394816,1.112739262,7.422840919,0.007607135534,0.7617729479,0.0289914596,-1.059039062,4221196.285,72.84
26101,北区,Kita-ku,designated_city_ward,26100,False,True,False,overlapping_hierarchy,1234.875632,7290.914748,0.9408782486,41.14710024,7.348610933,7.433960654,4.156531387,1.194896087,11.43686254,300,53.57809583,54.20037337,30.30491599,0.8711885501,8.338518979,0.0131931736,0.7886113121,,-2.901408451,,79.62
26102,上京区,Kamigyo-ku,designated_city_ward,26100,False,True,False,overlapping_hierarchy,11924.89331,11924.89331,1,56.83987022,11.713904,10.66418551,5.642236855,1.431434297,11.21290199,677.8093883,139.6870555,127.1692745,67.28307255,1.706970128,13.371266,0.002643538183,0.8038138236,,-0.8232857067,,65.6
26103,左京区,Sakyo-ku,designated_city_ward,26100,False,True,False,overlapping_hierarchy,672.8492118,5236.171555,0.9073470691,38.02118779,6.66710833,6.787561958,4.962689489,1.324989912,12.22604328,199.085462,34.91012299,35.54083885,25.98549354,0.6937874488,6.401766004,0.006709100292,0.8387313701,,-1.508265561,,74.78
26104,中京区,Nakagyo-ku,designated_city_ward,26100,False,True,False,overlapping_hierarchy,14910.66127,14910.66127,1,92.07334733,18.97943668,17.0968793,13.55803345,2.624719427,20.99775541,1372.874494,282.9959514,254.925776,202.1592443,3.913630229,31.30904184,0.001444687586,0.7974250568,,5.154055279,,63.06
26105,東山区,Higashiyama-ku,designated_city_ward,26100,False,True,False,overlapping_hierarchy,4893.315508,6172.344013,0.9670236599,120.1027266,23.08617015,24.78006666,37.48429048,0.5464182285,12.84082837,741.3153457,142.4957841,152.9510961,231.3659359,0.3372681282,7.925801012,0.002652149637,0.8089754327,,-1.848877035,,72.16
26106,下京区,Shimogyo-ku,designated_city_ward,26100,False,True,False,overlapping_hierarchy,12210.0295,12210.0295,1,102.8701198,23.54319675,17.63625821,11.72931968,3.623888674,24.03846154,1256.047198,287.4631268,215.339233,143.2153392,4.424778761,29.35103245,0.001665926255,0.7814860062,,0.8259023629,,61.16
26107,南区,Minami-ku,designated_city_ward,26100,False,True,False,overlapping_hierarchy,6449.71537,6449.71537,0.9963910954,57.08541728,12.50367755,9.208590762,4.226733353,2.942041777,8.237716976,368.1846932,80.64516129,59.39278937,27.26122707,1.897533207,5.313092979,0.007068539169,0.6871179956,,4.894529818,,68.16
26108,右京区,Ukyo-ku,designated_city_ward,26100,False,True,False,overlapping_hierarchy,691.7759441,5257.533177,0.9502491994,35.35810975,6.414349137,5.93426282,3.672412854,1.237335867,8.413883898,185.8964351,33.7236534,31.19958366,19.30783242,0.6505334374,4.423627374,0.01074926932,0.7414672325,,-1.30122252,,73.61
26109,伏見区,Fushimi-ku,designated_city_ward,26100,False,True,False,overlapping_hierarchy,4506.292572,5889.317507,0.9488623685,33.8698184,6.539311447,5.39484197,2.943949787,1.403594642,8.24161982,199.4701145,38.51208139,31.77193726,17.33785502,0.8266214498,4.85375159,0.009421277622,0.7215530271,,-4.429482636,,73.08
26110,山科区,Yamashina-ku,designated_city_ward,26100,False,True,False,overlapping_hierarchy,4707.351916,8882.380013,0.9561883332,31.63559115,5.462579848,5.070280753,3.071775931,1.628411337,8.142056684,280.9993425,48.52071006,45.03616042,27.28468113,1.446416831,7.232084155,0.007449183862,0.7366800123,,-1.807296062,,76.85
26111,西京区,Nishikyo-ku,designated_city_ward,26100,False,True,False,overlapping_hierarchy,2529.321404,5586.763609,0.9220152566,26.93593705,4.358069102,4.30467775,2.242436781,1.201305419,7.9419636,150.4847129,24.34750186,24.049217,12.52796421,0.6711409396,4.436987323,0.009576295692,0.7590447517,,-1.751117213,,85.74
26201,福知山市,Fukuchiyama-shi,basic_municipality,,True,True,True,,139.9102327,586.1399651,0.5047603032,48.40503971,10.38729206,8.252916979,4.695625178,1.810984917,9.313636716,28.37212829,6.088407006,4.83736447,2.752293578,0.1061490636,0.54590947,0.04391677255,0.6367005506,0.06334383031,-4.66863429,3251035.135,119.26
26202,舞鶴市,Maizuru-shi,basic_municipality,,True,True,True,,234.811329,1099.288451,0.6753136825,41.68741287,9.261103366,8.352419837,4.618103963,1.120294762,7.344154551,45.82649152,10.18062397,9.181718664,5.076628352,0.1231527094,0.807334428,0.03485433018,0.7174138619,0.03507438693,-10.79365922,3315335.793,103.42
26203,綾部市,Ayabe-shi,basic_municipality,,True,True,True,,91.74877557,390.1261791,0.3821202035,45.78282987,8.541104063,8.227092885,4.207749796,1.256044715,8.478301828,17.86108049,3.332108294,3.209604312,1.64155335,0.04900159255,0.3307607497,0.07590629499,0.59449025,0.07202535292,-1.062049434,3042251.384,111.25
26204,宇治市,Uji-shi,basic_municipality,,True,True,True,,2659.609121,5297.257446,0.9791849914,28.53643601,5.277514892,4.921226967,2.421644491,1.837109614,7.404108445,151.1648481,27.95635506,26.06900619,12.82807431,0.9731642583,3.922146859,0.007433449224,0.7177235224,0.05922416346,-2.160572886,3653861.914,91.53
26205,宮津市,Miyazu-shi,basic_municipality,,True,True,True,,97.01285168,480.9988519,0.3101802124,67.84819191,16.64876477,15.09726698,6.623702112,0.59672992,13.72478816,32.63490241,8.008036739,7.261768083,3.185993111,0.02870264064,0.6601607348,0.065253693,0.724598587,0.04052332986,-6.451208819,3035270.354,130.1
26206,亀岡市,Kameoka-shi,basic_municipality,,True,True,True,,383.3362989,1196.694903,0.6826653051,34.80168032,6.951052522,6.544897533,2.262863509,1.624619955,7.310789797,41.64699347,8.318289127,7.832245521,2.707957228,0.194417442,0.8748784891,0.04191233017,0.6727249423,0.1201067616,-1.2991683,3296281.003,110.21
26207,城陽市,Joyo-shi,basic_municipality,,True,True,True,,2280.862122,3283.758803,0.9061214095,30.1446245,5.723323549,5.50886646,2.104360181,1.340356803,7.774069457,98.98767606,18.79401408,18.08978873,6.910211268,0.4401408451,2.552816901,0.0178510234,0.6935107013,0.1222867625,-2.359487732,3371056.807,94.84
26208,向日市,Muko-shi,basic_municipality,,True,True,True,,7365.15544,8337.096774,0.9964121775,28.24530857,5.188272745,4.607889692,2.198420655,1.055241914,8.266061661,235.483871,43.25513196,38.41642229,18.32844575,0.8797653959,6.891495601,0.009790375429,0.7208953456,0.1295336788,-1.58402449,4183684.147,87.6
26209,長岡京市,Nagaokakyo-shi,basic_municipality,,True,True,True,,4204.903495,7133.451327,0.9894799524,31.83306868,5.061532354,4.664549424,2.692040492,1.364628821,8.932115919,227.079646,36.10619469,33.27433628,19.20353982,0.9734513274,6.371681416,0.01021535808,0.7140777877,0.1043296818,1.033836873,4205334.838,85.35
26210,八幡市,Yawata-shi,basic_municipality,,True,True,True,,2892.525667,3116.504425,0.882853208,27.18895972,5.792739199,4.997657348,1.703746823,1.561767921,5.963113881,84.73451327,18.05309735,15.57522124,5.309734513,0.4867256637,1.85840708,0.02047238649,0.6981014628,0.205338809,-2.507361731,3593990.385,95.38
26211,京田辺市,Kyotanabe-shi,basic_municipality,,True,True,True,,1718.383038,2400.813802,0.837064255,26.05995688,4.596423196,4.189660082,2.088050656,1.084701639,7.592911475,62.56510417,11.03515625,10.05859375,5.013020833,0.2604166667,1.822916667,0.018960928,0.7222897703,0.1863932898,3.124522642,4288398.079,93.27
26212,京丹後市,Kyotango-shi,basic_municipality,,True,True,True,,101.4278877,414.5407124,,68.8950059,12.34762092,11.54148643,3.578450649,0.7864726701,7.274872198,28.55978482,5.118591572,4.784416008,1.483413481,0.03260249409,0.3015730703,0.07300876414,0.5990888383,0.09373005743,-7.333839575,2882591.093,148.43
26213,南丹市,Nantan-shi,basic_municipality,,True,True,True,,51.31245944,425.2924566,0.2542919473,42.8088147,7.651206172,7.904138607,2.371241582,0.6323310886,9.168800784,18.20626597,3.254000269,3.361570526,1.008471158,0.02689256421,0.389942181,0.08887826206,0.6378603634,0.0438027255,-6.264603298,3030687.742,116.8
26214,木津川市,Kizugawa-shi,basic_municipality,,True,True,True,,915.153295,1445.6671,0.6038738496,24.8244702,5.660595325,5.634923691,1.861193474,1.797014389,7.444773897,35.88791984,8.183336426,8.146223789,2.690666172,0.259788458,1.076266469,0.03285219576,0.7545279029,0.1644543639,-2.558640769,3882671.426,114
26303,大山崎町,Oyamazaki-cho,basic_municipality,,True,True,True,,2672.194305,3844.096386,0.9438350154,25.95123174,4.387889425,3.761048079,2.131260578,0,5.641572118,99.75903614,16.86746988,14.45783133,8.192771084,0,2.168674699,0.00957251508,0.7220036716,0,-0.8417002345,3675617.033,88.69
26322,久御山町,Kumiyama-cho,basic_municipality,,True,True,True,,1100.2886,1116.398243,0.7704262295,99.54098361,18.09836066,13.1147541,4.524590164,2.62295082,5.245901639,111.1273792,20.20497804,14.64128843,5.05124451,0.2928257687,0.5856515373,0.07312224904,0.5808604288,0.3607503608,-8.141290789,3397614.314,95.08
26343,井手町,Ide-cho,basic_municipality,,True,True,True,,410.5321508,1046.045198,,44.2884148,7.291385363,6.751282744,1.620307858,0,5.401026195,46.32768362,7.627118644,7.062146893,1.694915254,0,0.5649717514,0.03390935768,0.6015650473,0.110864745,6.036217304,3268123.862,
26344,宇治田原町,Ujitawara-cho,basic_municipality,,True,True,True,,153.2152682,618.3900069,,50.38716193,10.66098081,8.977668051,2.019975311,4.488834025,3.366625519,31.15891742,6.592643997,5.551700208,1.249132547,0.2775850104,0.2081887578,0.05262041163,0.5588796945,0.06877579092,-7.481583794,3564469.914,
26364,笠置町,Kasagi-cho,basic_municipality,,True,True,True,,48.63945578,242.8874735,,60.31468531,11.36363636,12.23776224,3.496503497,0,8.741258741,14.64968153,2.760084926,2.972399151,0.8492569002,0,0.2123142251,0.05325443787,0.7238658777,0.0425170068,-15.94746717,2935096.154,
26365,和束町,Wazuka-cho,basic_municipality,,True,True,True,,53.5653781,224.8222366,,44.56584244,7.763082231,7.475560667,0.8625646924,0,11.50086256,10.01939237,1.74531351,1.680672269,0.1939237233,0,0.2585649644,0.249271986,0.5422248107,0.1078084091,-17.47112822,3126378.287,
26366,精華町,Seika-cho,basic_municipality,,True,True,True,,1409.579439,1884.331078,0.6355599757,24.42123874,3.536106967,3.701861981,1.60229847,1.657550141,8.287750704,46.01769912,6.663196252,6.975533576,3.019260802,0.3123373243,1.561686622,0.02103952692,0.7592281357,0.1557632399,-4.197735432,4201194.593,118.61
26367,南山城村,Minamiyamashiro-mura,basic_municipality,,True,True,True,,37.29527375,132.759578,,35.96821414,4.600585529,5.437055625,2.09117524,4.182350481,4.182350481,4.775124931,0.6107717934,0.7218212104,0.2776235425,0.0555247085,0.0555247085,0.1675579323,0.6247771836,0.06239276244,-4.623791509,2821627.648,
26407,京丹波町,Kyotamba-cho,basic_municipality,,True,True,True,,42.58471081,244.6824645,,53.76927249,9.14232587,9.14232587,2.944138839,1.549546758,4.648640273,13.1563981,2.236966825,2.236966825,0.7203791469,0.03791469194,0.1137440758,0.1311728395,0.5697530864,0.05278960045,-8.155684755,2877040.711,
26463,伊根町,Ine-cho,basic_municipality,,True,True,True,,31.12187248,172.450805,,77.28215768,14.52282158,14.00414938,5.186721992,0,15.56016598,13.3273703,2.504472272,2.415026834,0.8944543828,0,0.2683363148,0.2611398964,0.6186528497,0.03228410008,-4.298764105,2728395.062,
26465,与謝野町,Yosano-cho,basic_municipality,,True,True,True,,185.3847573,778.1564679,,64.05534541,11.59665539,11.24825801,2.886721083,0.9954210631,7.963368505,49.84508133,9.024012393,8.752904725,2.246320682,0.07745933385,0.6196746708,0.03549607216,0.6259334691,0.0830411515,-6.236470467,2907017.988,136.64
27100,大阪市,Osaka-shi,designated_city,,True,False,True,,12215.02685,12215.02685,0.9998510397,64.37408353,12.5697025,8.338504555,7.394968486,1.892885222,13.09760312,786.3311587,153.5392535,101.855057,90.32973861,2.312164381,15.99875738,0.001066701477,0.7538437152,0.004437935472,5.790025395,3942435.429,60.05
27102,都島区,Miyakojima-ku,designated_city_ward,27100,False,True,False,overlapping_hierarchy,17747.36842,17747.36842,1,43.52943357,7.747627521,6.450177936,6.246293001,1.297449585,12.23309609,772.5328947,137.5,114.4736842,110.8552632,2.302631579,21.71052632,0.0007526401204,0.7837100454,,7.532375178,,58.73
27103,福島区,Fukushima-ku,designated_city_ward,27100,False,True,False,overlapping_hierarchy,16986.72377,16986.72377,1,60.48305768,13.63957241,6.492033078,8.395522388,2.016942315,12.60588947,1027.408994,231.6916488,110.2783726,142.6124197,3.426124197,21.41327623,0.0008051066766,0.7852665478,,9.693348778,,57.96
27104,此花区,Konohana-ku,designated_city_ward,27100,False,True,False,overlapping_hierarchy,3380.880829,3380.880829,1,40.47447549,6.176150557,5.103370063,4.934790271,0.9195261375,9.195261375,136.8393782,20.88082902,17.25388601,16.68393782,0.310880829,3.10880829,0.001310363433,0.7266350638,,-5.299664874,,67.54
27106,西区,Nishi-ku,designated_city_ward,27100,False,True,False,overlapping_hierarchy,20319.00192,20319.00192,1,107.3850862,24.06907105,10.03192836,8.426064121,3.211728477,12.84691391,2181.957774,489.059501,203.8387716,171.2092131,6.525911708,26.10364683,0.0005086705202,0.7969942197,,11.97372458,,48.75
27107,港区,Minato-ku,designated_city_ward,27100,False,True,False,overlapping_hierarchy,10298.72774,10298.72774,1,46.21485398,8.869891782,6.547413154,4.879675841,1.35889707,9.88288778,475.9541985,91.34860051,67.43002545,50.25445293,1.399491094,10.17811705,0.0005566723365,0.756734189,,9.919373933,,63.04
27108,大正区,Taisho-ku,designated_city_ward,27100,False,True,False,overlapping_hierarchy,6583.563097,6583.563097,1,48.17743988,9.277902163,6.716814587,5.138282622,0.966448142,10.14770549,317.1792153,61.08165429,44.22057264,33.82820785,0.6362672322,6.680805938,0.0007733637252,0.7083197655,,8.466634351,,68.68
27109,天王寺区,Tennoji-ku,designated_city_ward,27100,False,True,False,overlapping_hierarchy,16972.72727,16972.72727,1,70.28777329,13.98695038,10.73671909,8.1316648,2.069435653,19.72050446,1192.975207,237.3966942,182.231405,138.0165289,3.512396694,33.47107438,0.0004979924679,0.8126614585,,16.31140382,,63.44
27111,浪速区,Naniwa-ku,designated_city_ward,27100,False,True,False,overlapping_hierarchy,17199.08884,17199.08884,1,69.18838737,17.35007417,10.70141979,8.184996821,2.781309599,9.668361941,1189.977221,298.405467,184.0546697,140.7744875,4.783599089,16.62870159,0.0005822807489,0.8077577712,,14.29800587,,38.22
27113,西淀川区,Nishiyodogawa-ku,designated_city_ward,27100,False,True,False,overlapping_hierarchy,6746.235046,6746.235046,1,41.88224985,6.770007511,4.631561379,3.150296253,1.356087791,6.780438955,282.5475018,45.67206193,31.24560169,21.25263899,0.9148486981,4.57424349,0.0009684983179,0.6875318585,,1.860020735,,66.25
27114,東淀川区,Higashiyodogawa-ku,designated_city_ward,27100,False,True,False,overlapping_hierarchy,13347.40015,13347.40015,1,30.74751581,4.674796748,3.720641373,3.240740741,1.35501355,8.69467028,410.3993971,62.39638282,49.66088922,43.25546345,1.808590806,11.60512434,0.001134363956,0.7524468812,,2.414981029,,52.32
27115,東成区,Higashinari-ku,designated_city_ward,27100,False,True,False,overlapping_hierarchy,18701.76211,18701.76211,1,54.68400349,11.64817563,8.044190045,5.464867029,0.9422184533,11.65995336,1022.687225,217.8414097,150.4405286,102.2026432,1.762114537,21.8061674,0.0008132442637,0.7337205925,,7.974500012,,60.38
27116,生野区,Ikuno-ku,designated_city_ward,27100,False,True,False,overlapping_hierarchy,15210.15532,15210.15532,1,51.73239912,10.11711662,7.721370838,4.783636664,0.864039463,10.76121877,786.8578256,153.8829152,117.4432497,72.75985663,1.314217443,16.36798088,0.001068667576,0.6810140973,,-1.410737366,,69.64
27117,旭区,Asahi-ku,designated_city_ward,27100,False,True,False,overlapping_hierarchy,14188.29114,14188.29114,1,35.0061336,7.215345154,6.211664994,3.568640571,1.784320285,11.15200178,496.6772152,102.3734177,88.13291139,50.63291139,2.53164557,15.82278481,0.00116614676,0.7552841025,,10.10892477,,66.14
27118,城東区,Joto-ku,designated_city_ward,27100,False,True,False,overlapping_hierarchy,20172.1957,20172.1957,1,30.12251321,5.051969026,3.815597215,2.79218897,1.183130919,10.11576936,607.6372315,101.9093079,76.96897375,56.32458234,2.386634845,20.40572792,0.0006320113762,0.7502118674,,6.292707862,,64.76
27119,阿倍野区,Abeno-ku,designated_city_ward,27100,False,True,False,overlapping_hierarchy,18561.03679,18561.03679,1,48.17334114,10.00945989,9.252669039,6.054326771,2.432542006,15.85657012,894.1471572,185.7859532,171.7391304,112.3745819,4.515050167,29.43143813,0.0009491096448,0.8000090391,,3.978085014,,74.98
27120,住吉区,Sumiyoshi-ku,designated_city_ward,27100,False,True,False,overlapping_hierarchy,16282.55319,16282.55319,1,31.47867447,5.194177295,4.691093456,3.273311729,1.045369015,10.64969684,512.5531915,84.57446809,76.38297872,53.29787234,1.70212766,17.34042553,0.002070679183,0.7865474876,,4.66964403,,61.58
27121,東住吉区,Higashisumiyoshi-ku,designated_city_ward,27100,False,True,False,overlapping_hierarchy,13112.71795,13112.71795,1,42.15128785,8.768156184,6.312133845,3.895220143,0.9386072633,10.24646262,552.7179487,114.974359,82.76923077,51.07692308,1.230769231,13.43589744,0.001734500424,0.7518655964,,7.817482051,,72.03
27122,西成区,Nishinari-ku,designated_city_ward,27100,False,True,False,overlapping_hierarchy,14397.69335,14397.69335,1,39.67543422,7.897390468,6.832467887,4.363355354,1.413614046,11.68587611,571.2347354,113.7042062,98.37177748,62.82225237,2.035278155,16.82496608,0.0009087849209,0.723392797,,5.125961712,,53.8
27123,淀川区,Yodogawa-ku,designated_city_ward,27100,False,True,False,overlapping_hierarchy,14512.97468,14512.97468,1,65.0225682,13.37737947,6.432480757,6.54695711,1.962451756,10.46640937,943.6708861,194.1455696,93.35443038,95.01582278,2.848101266,15.18987342,0.001064423589,0.7465763205,,6.291081849,,53.97
27124,鶴見区,Tsurumi-ku,designated_city_ward,27100,False,True,False,overlapping_hierarchy,13793.26805,13793.26805,1,32.3717067,5.980956776,5.173438873,2.493544294,1.419811697,7.099058487,446.5116279,82.49694002,71.35862913,34.39412485,1.958384333,9.791921665,0.001109395053,0.7159731135,,-0.2239822248,,70.95
27125,住之江区,Suminoe-ku,designated_city_ward,27100,False,True,False,overlapping_hierarchy,5806.189555,5806.189555,1,40.00932774,7.886934506,6.121327204,3.114797788,1.582383903,9.244453328,232.3017408,45.79303675,35.54158607,18.08510638,0.918762089,5.367504836,0.0009376771774,0.7570543853,,4.128671233,,63.21
27126,平野区,Hirano-ku,designated_city_ward,27100,False,True,False,overlapping_hierarchy,12575.39267,12575.39267,0.9978662725,38.01677838,6.343936051,5.152171198,2.982014239,1.196969066,10.3043424,478.0759162,79.77748691,64.79057592,37.5,1.505235602,12.95811518,0.002188616371,0.6827918273,,-2.366132333,,66.48
27127,北区,Kita-ku,designated_city_ward,27100,False,True,False,overlapping_hierarchy,13479.30368,13479.30368,1,197.5519458,33.2984158,23.75588337,33.39886351,5.309378946,33.2194926,2662.862669,448.8394584,320.212766,450.1934236,7.156673114,44.77756286,0.0006695508859,0.805315204,,10.45579632,,51.99
27128,中央区,Chuo-ku,designated_city_ward,27100,False,True,False,overlapping_hierarchy,11694.0248,11694.0248,1,308.9485761,66.71422787,35.29491159,37.03025278,6.362917687,41.93741203,3612.852311,780.1578354,412.7395716,433.0326945,7.440811725,49.04171364,0.0009363087144,0.8086363332,,9.9266656,,50.83
27140,堺市,Sakai-shi,designated_city,,True,False,True,,5513.989188,5663.291747,0.9540186477,33.06256287,5.805163885,5.005077703,3.162821774,1.343563785,9.005508612,187.2429394,32.87633672,28.34521525,17.91198245,0.7608993693,5.100082259,0.004712918178,0.7309142658,0.07341653874,-0.8620763972,3883298.942,82.91
27141,堺区,Sakai-ku,designated_city_ward,27140,False,True,False,overlapping_hierarchy,6284.108199,6284.108199,1,50.57101734,9.328634266,7.263824807,6.133896504,1.883213839,12.30814759,317.7937447,58.62214708,45.64666103,38.54606932,1.183431953,7.734573119,0.0015614509,0.7128804085,,0.2173307706,,75.24
27142,中区,Naka-ku,designated_city_ward,27140,False,True,False,overlapping_hierarchy,6780.536913,6780.536913,0.9480269887,31.45930252,5.188227919,4.619090039,2.738460523,1.072288759,6.516216305,213.310962,35.17897092,31.31991051,18.56823266,0.7270693512,4.418344519,0.007441396509,0.703680798,,-2.431173232,,88.4
27143,東区,Higashi-ku,designated_city_ward,27140,False,True,False,overlapping_hierarchy,8107.054337,8107.054337,0.9730959632,25.21077573,4.045012523,3.75104359,2.398786496,1.175875733,7.995954987,204.3851287,32.79313632,30.4099142,19.44709247,0.9532888465,6.482364156,0.00578229383,0.7411721776,,4.256110891,,89.34
27144,西区,Nishi-ku,designated_city_ward,27140,False,True,False,overlapping_hierarchy,4730.083857,4730.083857,0.9878116343,33.81717452,6.079409049,5.547553093,2.932594645,1.108033241,9.529085873,159.9580713,28.75611461,26.24039133,13.87141859,0.5241090147,4.507337526,0.002893857443,0.7247734868,,0.6005516178,,88.67
27145,南区,Minami-ku,designated_city_ward,27140,False,True,False,overlapping_hierarchy,3428.175291,3798.737997,0.878156055,20.44574763,3.834931823,3.704934135,1.726080425,1.516639704,8.44984978,77.66803841,14.56790123,14.07407407,6.556927298,0.5761316872,3.209876543,0.007703418392,0.7571015888,,-6.34754912,,87.3
27146,北区,Kita-ku,designated_city_ward,27140,False,True,False,overlapping_hierarchy,10240.83333,10240.83333,0.9881444945,28.85006604,5.239207046,4.575699343,2.879373048,1.189306259,9.577045137,295.4487179,53.65384615,46.85897436,29.48717949,1.217948718,9.807692308,0.002799833446,0.7658908496,,-0.05113748953,,71.63
27147,美原区,Mihara-ku,designated_city_ward,27140,False,True,False,overlapping_hierarchy,2848.787879,2850.947688,0.7610892458,48.39910648,6.515264334,4.813317732,1.83491118,1.329645782,3.988937347,137.9833207,18.57467779,13.72251706,5.231235785,0.3790750569,1.137225171,0.01138544199,0.64526033,,-1.209222336,,101.68
27202,岸和田市,Kishiwada-shi,basic_municipality,,True,True,True,,2621.809681,3577.073171,0.9158598118,36.97720526,6.613936997,5.858657911,3.886540297,1.258798477,7.552790861,132.2701689,23.65853659,20.95684803,13.90243902,0.4502814259,2.701688555,0.01414845589,0.710381108,0.1100110011,-0.9807284186,3494252.726,96.76
27203,豊中市,Toyonaka-shi,basic_municipality,,True,True,True,,11034.84474,11040.91284,1,32.8221577,5.100134974,4.686745128,3.227429163,1.145538129,10.45926118,362.3865823,56.31014572,51.74594446,35.63376409,1.264778664,11.5479791,0.002699665149,0.7766229854,0.02748007694,-0.3768890641,4781842.273,75.74
27204,池田市,Ikeda-shi,basic_municipality,,True,True,True,,4742.231256,6317.268351,0.9154991285,34.56420904,6.086120027,5.457506691,4.495537798,0.7619555589,10.00066671,218.3513839,38.44765343,34.4765343,28.39951865,0.4813477738,6.317689531,0.008557589974,0.7686409939,0.04516711834,0.9548306637,4494059.642,80.99
27205,吹田市,Suita-shi,basic_municipality,,True,True,True,,10683.48573,10797.17166,1,30.35270135,6.450240814,4.3675937,2.614331621,1.582085604,9.155347838,327.7233268,69.64435732,47.15765892,28.22738729,1.708204985,9.885186222,0.001785191863,0.7872218474,0,5.263897052,4808755.851,71.6
27206,泉大津市,Izumiotsu-shi,basic_municipality,,True,True,True,,5192.742498,5192.742498,1,40.75955491,7.068752352,5.913024781,4.367575122,1.343869268,8.869537171,211.653873,36.70621075,30.70481507,22.67969295,0.6978367062,4.605722261,0.002623524268,0.7347117247,0,-2.350127814,3625909.062,82.94
27207,高槻市,Takatsuki-shi,basic_municipality,,True,True,True,,3349.776807,6320.752688,0.9522594401,26.15268587,4.74627018,4.649870427,2.724710659,1.587760634,8.193978985,165.3046595,30,29.390681,17.22222222,1.003584229,5.17921147,0.005094187995,0.7496628846,0.05698546871,1.490209468,3972366.702,85.14
27208,貝塚市,Kaizuka-shi,basic_municipality,,True,True,True,,1922.217164,3225.477464,0.8564830714,37.17300428,6.454057767,5.707992374,3.090842343,1.302653861,6.750115463,119.9006875,20.81741788,18.41100076,9.969442322,0.4201680672,2.17723453,0.01499761943,0.7087763847,0.09105394947,-10.69761729,3456493.261,95.3
27209,守口市,Moriguchi-shi,basic_municipality,,True,True,True,,11258.53659,11258.53659,1,41.09828367,7.23290658,6.331413876,4.137082798,1.327779952,9.783641751,462.7065303,81.43194335,71.28245476,46.57749803,1.494885917,11.01494886,0.001968472175,0.7050518741,0,4.662120449,3539925.434,74.16
27210,枚方市,Hirakata-shi,basic_municipality,,True,True,True,,6100.875307,6852.173163,0.9735708766,24.76534714,4.689281606,4.462746263,2.411342876,1.233359091,7.249130985,169.6964471,32.13176958,30.57951018,16.52293894,0.8451190066,4.967230079,0.005022436037,0.744447003,0.07678132678,0.4791908811,3870991.661,85.58
27211,茨木市,Ibaraki-shi,basic_municipality,,True,True,True,,3761.668192,5848.170732,0.9661279672,31.08817294,5.564244257,4.639766448,2.860320439,1.598721023,8.16737914,181.8089431,32.54065041,27.13414634,16.72764228,0.9349593496,4.776422764,0.005522145011,0.7650468375,0.06536802196,2.552072773,4262457.104,76.88
27212,八尾市,Yao-shi,basic_municipality,,True,True,True,,6343.288591,7171.869919,0.9811632318,41.30107844,6.253731456,5.467763998,3.41971418,1.511475881,8.161969755,296.2059621,44.85094851,39.21409214,24.52574526,1.08401084,5.853658537,0.007531395831,0.673285166,0.09587727709,0.007717299871,3761079.278,85.18
27213,泉佐野市,Izumisano-shi,basic_municipality,,True,True,True,,1771.916475,2738.81291,0.8267968961,46.29934785,9.777191879,9.38770211,4.693851055,2.097252599,8.788487082,126.8052516,26.77789934,25.71115974,12.85557987,0.5743982495,2.407002188,0.01818964589,0.7306640835,0.1061758981,-7.90390463,3548058.399,94.67
27214,富田林市,Tondabayashi-shi,basic_municipality,,True,True,True,,2736.63142,2959.40648,0.7754993146,31.16864001,5.289837073,5.059844157,2.180332846,1.287960331,8.095750651,92.2406752,15.65477811,14.97413558,6.452491152,0.3811598149,2.395861693,0.01441803752,0.7204740411,0.1510574018,-9.733718015,3709640.424,93.63
27215,寝屋川市,Neyagawa-shi,basic_municipality,,True,True,True,,9300.931174,9612.259414,0.9899230846,29.34711165,5.275689605,5.040634127,3.390892906,1.349392556,7.791653789,282.0920502,50.71129707,48.45188285,32.59414226,1.29707113,7.489539749,0.003546804214,0.7198652424,0.04048582996,1.354856537,3521448.19,81.12
27216,河内長野市,Kawachinagano-shi,basic_municipality,,True,True,True,,927.5928122,2954.44509,0.6630511741,26.43275774,5.142980765,5.083979074,2.006057507,1.573378437,7.67021988,78.09413132,15.19465427,15.02033701,5.926786752,0.4648460198,2.266124346,0.0112514518,0.7544521874,0.04560795403,-2.869924013,3590506.897,109.7
27217,松原市,Matsubara-shi,basic_municipality,,True,True,True,,7061.284514,7061.284514,0.9928171301,37.07890956,6.732346716,5.661291557,3.298169856,1.190061288,7.735398373,261.8247299,47.53901561,39.9759904,23.28931573,0.8403361345,5.462184874,0.004701350344,0.6931074476,0.1200480192,3.887871047,3504254.919,86.87
27218,大東市,Daito-shi,basic_municipality,,True,True,True,,6533.497537,7726.019417,0.9883719956,35.25262426,5.462146154,4.917607044,2.848358424,1.50795446,6.869570317,272.3624595,42.20064725,37.99352751,22.00647249,1.165048544,5.307443366,0.002289528318,0.6732959506,0.05473453749,0.1815242854,3506686.301,78.97
27219,和泉市,Izumi-shi,basic_municipality,,True,True,True,,2171.040245,3569.94969,0.8446678772,31.12279466,6.011003008,5.582807122,2.661318735,1.571858316,6.992059405,111.1068111,21.45897833,19.93034056,9.500773994,0.5611455108,2.496130031,0.009105132217,0.7382082126,0.0941397976,1.978288151,3725616.389,94.98
27220,箕面市,Minoh-shi,basic_municipality,,True,True,True,,2857.36952,6018.82146,0.9265788935,30.38694216,6.21036327,5.640471111,2.593739954,1.972703627,8.840634772,182.8935796,37.37906772,33.94898857,15.6112577,1.187335092,5.321020229,0.006695101912,0.8044960319,0.04175365344,4.751768475,4964750.614,89.74
27221,柏原市,Kashiwara-shi,basic_municipality,,True,True,True,,2715.159889,3822.957198,0.910781534,31.98836787,5.656125045,5.089058524,2.471828426,1.454016721,6.979280262,122.2901612,21.62312396,19.45525292,9.449694275,0.5558643691,2.668148972,0.01021433899,0.6645481371,0.0789577576,-0.2857142857,3525169.359,86.9
27222,羽曳野市,Habikino-shi,basic_municipality,,True,True,True,,4111.00189,4534.445371,0.9036289729,31.21321366,5.481165391,4.938566804,2.271556798,1.747351383,6.253678634,141.5346122,24.85404504,22.39366138,10.30025021,0.7923269391,2.835696414,0.01029028775,0.7094793453,0.1512287335,0.5958698769,3531957.375,99.09
27223,門真市,Kadoma-shi,basic_municipality,,True,True,True,,9736.910569,9736.910569,1,42.81754116,6.638054841,5.961724725,5.176847801,1.335960723,9.602217695,416.9105691,64.63414634,58.04878049,50.40650407,1.300813008,9.349593496,0.002846507554,0.6633755997,0,-1.050103719,3413115.085,71.69
27224,摂津市,Settsu-shi,basic_municipality,,True,True,True,,5881.37189,5881.37189,0.9978160446,44.99405415,6.563300402,4.699506037,3.018660812,1.143432126,6.403219905,264.6267653,38.60121049,27.6395427,17.75386685,0.6724949563,3.765971755,0.002712593085,0.7013588556,0,1.320300195,3731919.823,74.65
27225,高石市,Takaishi-shi,basic_municipality,,True,True,True,,4923.451327,4923.451327,1,33.86357509,5.805697852,5.284443246,3.163476229,0.7189718702,8.627662443,166.7256637,28.5840708,26.01769912,15.57522124,0.3539823009,4.247787611,0.003838451268,0.7238401202,0,-3.484133791,3916293.532,89.78
27226,藤井寺市,Fujiidera-shi,basic_municipality,,True,True,True,,7164.004499,7164.004499,1,40.52568773,7.159904535,6.720261274,5.071599045,0.7850772516,11.14809697,290.3262092,51.2935883,48.143982,36.33295838,0.5624296963,7.986501687,0.004718487246,0.7122432327,0.1124859393,-1.107473035,3713020.539,88.25
27227,東大阪市,Higashiosaka-shi,basic_municipality,,True,True,True,,7995.14406,9553.965184,0.9976110459,49.41490869,8.513179738,6.041219581,3.860792809,1.33619468,8.098149573,472.1083172,81.33462282,57.71760155,36.88588008,1.276595745,7.736943907,0.002733776986,0.6725924537,0.03237293623,2.897215826,3592078.785,76.37
27228,泉南市,Sennan-shi,basic_municipality,,True,True,True,,1227.072274,2260.32343,0.7956141227,32.3283751,6.988120196,6.588799042,2.529033976,0.9983028851,6.322584939,73.07258368,15.79541181,14.89281685,5.71643475,0.2256487401,1.429108687,0.02631906679,0.7030594877,0.08166598612,-17.30157365,3177946.906,99.32
27229,四條畷市,Shijonawate-shi,basic_municipality,,True,True,True,,2952.220439,4861.409692,0.9499610345,33.49221596,6.723816083,6.651322109,3.443463762,1.087409609,6.705692589,162.8193833,32.68722467,32.33480176,16.74008811,0.5286343612,3.259911894,0.00496195832,0.7034816408,0.05350454789,-6.158254107,3671410.256,89.81
27230,交野市,Katano-shi,basic_municipality,,True,True,True,,2936.712329,4707.214555,0.9485426412,25.72201565,4.571321952,4.384737382,1.905828102,1.466021617,6.797009316,121.0790464,21.51819322,20.63989962,8.971141782,0.6900878294,3.199498118,0.008024224073,0.7318092354,0.0782778865,3.057351246,3840372.817,96.86
27231,大阪狭山市,Osakasayama-shi,basic_municipality,,True,True,True,,4902.265101,5024.505589,0.8507230256,30.1360486,5.082570377,5.236587662,2.874989304,1.026781894,8.898776418,151.4187446,25.53740327,26.31126397,14.44539983,0.5159071367,4.471195185,0.008948838834,0.7623537629,0.08389261745,1.645135594,4101172.665,94.71
27232,阪南市,Hannan-shi,basic_municipality,,True,True,True,,1417.030688,2942.250287,0.6657236508,28.46607094,5.267881531,5.384945565,2.243727319,0.9755336169,8.584695829,83.7543054,15.49942595,15.84385763,6.601607348,0.2870264064,2.525832377,0.01389090557,0.722762693,0.05529444291,-5.011980831,3461848.574,106.94
27301,島本町,Shimamoto-cho,basic_municipality,,True,True,True,,1839.797739,4575,0.9739709639,18.85084231,3.168752223,3.201086429,1.325702461,0.9700261907,7.760209526,86.24260355,14.49704142,14.64497041,6.065088757,0.4437869822,3.550295858,0.00508510488,0.762765732,0,20.65308401,4124066.092,85.68
27321,豊能町,Toyono-cho,basic_municipality,,True,True,True,,532.2947001,1506.924979,0.55522731,20.73417583,3.501285628,3.282455277,0.8206138191,1.094151759,8.206138191,31.24484749,5.276174773,4.94641385,1.236603462,0.1648804617,1.236603462,0.02269370216,0.7727944139,0.08736167734,-9.042911705,3397989.819,128.7
27322,能勢町,Nose-cho,basic_municipality,,True,True,True,,91.93924051,425.2459016,,42.18526269,6.828945919,6.278224474,1.982597202,1.10144289,7.710100231,17.93911007,2.903981265,2.669789227,0.8430913349,0.04683840749,0.3278688525,0.1063781321,0.6403189066,0.1012658228,-6.040268456,2950450.45,
27341,忠岡町,Tadaoka-cho,basic_municipality,,True,True,True,,4173.047859,4173.047859,1,36.69946279,6.57934448,5.372125309,2.354077383,1.207219171,8.450534194,153.1486146,27.4559194,22.41813602,9.823677582,0.5037783375,3.526448363,0.006225568264,0.7267988997,0,-7.415578844,3386246.503,93.41
27361,熊取町,Kumatori-cho,basic_municipality,,True,True,True,,2538.457077,3503.843074,0.8216986952,26.36930741,4.547220255,4.318716724,2.102232479,0.2285035304,7.540616503,92.39391513,15.9327462,15.13210568,7.365892714,0.08006405124,2.642113691,0.01324503311,0.741938986,0.1160092807,-1.574840165,3612745.374,103.81
27362,田尻町,Tajiri-cho,basic_municipality,,True,True,True,,1500.711744,1500.711744,0.8327009723,41.14299265,8.77400996,9.011145364,3.794166469,3.557031065,9.485416173,61.74377224,13.16725979,13.52313167,5.693950178,0.5338078292,1.423487544,0.01296758105,0.7872817955,0.1779359431,2.828854314,3464498.645,
27366,岬町,Misaki-cho,basic_municipality,,True,True,True,,299.7356649,1058.979885,,26.52465911,5.766230242,5.427040228,1.89946408,0.6783800285,7.462180313,28.08908046,6.106321839,5.747126437,2.011494253,0.07183908046,0.7902298851,0.02280360615,0.7334276118,0.02033346889,-79.67820916,3270980.254,
27381,太子町,Taishi-cho,basic_municipality,,True,True,True,,918.0663373,1447.05228,0.7288800061,27.28880006,4.304712122,3.766623107,0.9993081713,1.537397187,6.149588746,39.48832036,6.229143493,5.450500556,1.446051168,0.2224694105,0.8898776418,0.03305227656,0.6686340641,0.2117148906,-2.99850075,3573731.011,
27382,河南町,Kanan-cho,basic_municipality,,True,True,True,,621.4172605,1188.266465,0.4108428362,31.21615595,5.032808817,4.39574441,1.401541696,2.548257629,5.733579665,37.09311128,5.980317941,5.22331567,1.665404996,0.3028009084,0.6813020439,0.04573952693,0.6420632659,0.1583531275,-5.289914812,3490613.476,122.75
27383,千早赤阪村,Chihayaakasaka-mura,basic_municipality,,True,True,True,,131.6085791,680.8599168,,39.51925036,4.888979426,3.870442045,2.037074761,0,10.1853738,26.90707351,3.328710125,2.635228849,1.386962552,0,0.693481276,0.0753793441,0.659813999,0.05361930295,-3.627053552,2998915.989,
28100,神戸市,Kobe-shi,designated_city,,True,False,True,,2738.00693,4542.116862,0.9393522744,40.80117916,7.828727891,6.893739116,5.224397306,1.606397264,10.64811901,185.3237239,35.55899696,31.31216868,23.7298231,0.72964441,4.836500089,0.00735170759,0.7668013029,0.07899035959,-1.347801838,4170213.192,77.5
28101,東灘区,Higashinada-ku,designated_city_ward,28100,False,True,False,overlapping_hierarchy,6275.697914,7791.390004,0.992629775,33.15196524,5.651754526,5.183506429,3.123214804,1.826167577,11.05065508,258.2998906,44.03502371,40.38672018,24.3341846,1.42283838,8.609996352,0.001510640644,0.7888741868,,1.520753533,,74.5
28102,灘区,Nada-ku,designated_city_ward,28100,False,True,False,overlapping_hierarchy,4186.98714,10092.02952,0.9919851989,36.10316863,6.596122767,6.193920159,4.702114123,1.38942719,12.87048345,364.3542435,66.56826568,62.50922509,47.45387454,1.402214022,12.98892989,0.001616342252,0.7986966091,,3.134463961,,64.52
28105,兵庫区,Hyogo-ku,designated_city_ward,28100,False,True,False,overlapping_hierarchy,7439.945467,10031.61765,0.9846807887,55.44051895,12.38730484,9.464560581,7.567983581,1.099464927,10.53653888,556.1580882,124.2647059,94.94485294,75.91911765,1.102941176,10.56985294,0.002002249719,0.7611248594,,4.626815572,,58.44
28106,長田区,Nagata-ku,designated_city_ward,28100,False,True,False,overlapping_hierarchy,8344.278169,9403.869048,0.9952210653,51.99860746,10.16974185,8.007089281,5.918283381,0.949457227,10.4440295,488.9880952,95.63492063,75.29761905,55.6547619,0.8928571429,9.821428571,0.003041135357,0.7281918583,,-5.092465681,,66.65
28107,須磨区,Suma-ku,designated_city_ward,28100,False,True,False,overlapping_hierarchy,5486.311787,7254.067642,0.9703060125,24.89935042,4.845040606,4.467014031,2.589482041,1.323093013,8.379589085,180.6215722,35.14625229,32.40402194,18.78427788,0.9597806216,6.078610603,0.003406832592,0.7785401091,,-2.317205412,,77.96
28108,垂水区,Tarumi-ku,designated_city_ward,28100,False,True,False,overlapping_hierarchy,7659.267165,8841.971253,0.9494570417,21.10523822,4.268422959,4.598192307,2.224781934,1.579177156,8.267456875,186.6119097,37.7412731,40.65708419,19.67145791,1.396303901,7.310061602,0.003964630411,0.763994683,,-2.282011016,,83.35
28109,北区,Kita-ku,designated_city_ward,28100,False,True,False,overlapping_hierarchy,875.9915103,2093.822739,0.8369534234,24.26220474,5.078577808,5.230602588,2.004826787,1.5202478,7.648746746,50.80075599,10.6336417,10.95195464,4.197751915,0.3183129414,1.601511986,0.01383422779,0.7777416382,,-3.397176547,,100.22
28110,中央区,Chuo-ku,designated_city_ward,28100,False,True,False,overlapping_hierarchy,5092.095271,6416.61592,0.9957089982,130.3908676,24.3292344,20.09924213,24.53937825,3.457205222,23.04803482,836.6681166,156.1113528,128.969117,157.4597651,2.218355807,14.78903871,0.001193053023,0.8073219368,,-1.989187346,,55.66
28111,西区,Nishi-ku,designated_city_ward,28100,False,True,False,overlapping_hierarchy,1730.867328,2294.46739,0.8444638873,26.76272726,4.893731921,4.198813615,1.419140394,1.172151358,7.786434023,61.40620498,11.22850831,9.634040918,3.256171357,0.2689463068,1.786571895,0.02300960896,0.7064828027,,-4.092728169,,99.9
28201,姫路市,Himeji-shi,basic_municipality,,True,True,True,,992.3956151,2315.257714,0.7400616405,41.87975381,8.861534981,7.398750224,4.309182933,1.602277119,7.804032083,96.96242308,20.51673722,17.13001353,9.976869026,0.3709684459,1.806834548,0.009793178461,0.6511550512,0.08231068542,-1.225197398,3795941.524,103.49
28202,尼崎市,Amagasaki-shi,basic_municipality,,True,True,True,,9063.163084,9063.163084,1,36.32561854,6.079291895,5.544035701,4.312511287,1.479569967,10.70512388,329.2250049,55.09761388,50.2464997,39.0849931,1.340958391,9.702228357,0.002925772663,0.7148853399,0.01971997634,3.497206606,3675198.842,66.21
28203,明石市,Akashi-shi,basic_municipality,,True,True,True,,6143.282072,6325.020833,0.9525792076,28.02362311,5.49405305,5.118560216,3.478249413,1.284580749,8.300367917,177.25,34.75,32.375,22,0.8125,5.25,0.009369514683,0.7024052374,0.08093889114,4.465637053,3794611.887,82.16
28204,西宮市,Nishinomiya-shi,basic_municipality,,True,True,True,,4857.813125,7694.295674,0.9365077731,28.42333094,5.29668216,5.158704825,3.222903414,1.544522403,11.22352946,218.6975123,40.75423863,39.69260022,24.7979718,1.188401204,8.635715418,0.003491288564,0.7880672744,0.0100040016,-1.064851981,5022609.325,79.37
28205,洲本市,Sumoto-shi,basic_municipality,,True,True,True,,226.099353,520.9196564,0.2387719468,54.17596275,11.61606363,10.88854399,4.922882918,1.455039286,12.12532738,28.2213239,6.051035877,5.672056594,2.564426478,0.07579585649,0.6316321374,0.1008398866,0.652490237,0.1315933765,-7.113596782,3290028.962,114.1
28206,芦屋市,Ashiya-shi,basic_municipality,,True,True,True,,5085.110991,8319.043401,0.9740635847,32.77187453,5.376802027,5.855923,3.04507996,1.490598582,15.2253998,272.6306466,44.72984942,48.71567759,25.33215235,1.24003543,12.66607617,0.002447420795,0.808697757,0,-3.818864553,8873008.107,95.31
28207,伊丹市,Itami-shi,basic_municipality,,True,True,True,,7925.52,7925.52,0.9991622001,28.50538514,5.304383813,5.026799503,3.073615359,1.261746863,9.235987039,225.92,42.04,39.84,24.36,1,7.32,0.006858710562,0.7178660142,0.04,-1.517844661,3856231.644,79.91
28208,相生市,Aioi-shi,basic_municipality,,True,True,True,,313.6615044,1261.343416,0.5498501146,40.94515958,7.58243696,6.736025392,3.738317757,1.763357433,7.406101217,51.64590747,9.56405694,8.496441281,4.715302491,0.2224199288,0.9341637011,0.0242429257,0.6548899553,0.05530973451,-4.250129352,3363768.511,117.39
28209,豊岡市,Toyooka-shi,basic_municipality,,True,True,True,,111.0873772,539.2790034,0.2187149144,60.91187136,13.64064577,12.02751358,6.529959091,0.9033540244,9.291641394,32.84849328,7.356113856,6.486185538,3.521469831,0.0487159858,0.5010787111,0.05587589937,0.6657141399,0.07024586051,-6.504649028,3047809.623,138.92
28210,加古川市,Kakogawa-shi,basic_municipality,,True,True,True,,1883.867707,2545.647931,0.781733224,30.77300501,6.037304794,5.228497612,3.442222035,1.456619569,7.091437377,78.33723653,15.36885246,13.30991413,8.762685402,0.3708040593,1.805230289,0.008039414627,0.6421127754,0.1660889659,-0.575420971,3762693.78,101.69
28212,赤穂市,Ako-shi,basic_municipality,,True,True,True,,361.7816318,994.8406677,0.6335744792,37.84973416,8.454632616,7.95345594,4.467009501,0.8716116099,8.498213196,37.6544548,8.411012356,7.912421418,4.443962714,0.08671146759,0.845436809,0.02228672636,0.6380989865,0.06306661411,-4.798659997,3435275.777,121.04
28213,西脇市,Nishiwaki-shi,basic_municipality,,True,True,True,,292.0039263,1001.372346,0.3849197114,53.60328912,11.58430947,9.515682776,4.654410054,1.810048354,9.82597678,53.67685137,11.60020715,9.528741585,4.660797514,0.1812532367,0.9839461419,0.01991701245,0.5807053942,0.08305647841,-4.033113989,3188499.385,140.12
28214,宝塚市,Takarazuka-shi,basic_municipality,,True,True,True,,2224.282908,4994.089105,0.9476840729,23.88355003,4.217601752,4.403087903,2.164005088,1.192410967,9.539287733,119.276577,21.06307896,21.98941332,10.80723423,0.5955006617,4.764005293,0.00858124776,0.7790381412,0.03929273084,-0.1186057238,4636878.806,92.47
28215,三木市,Miki-shi,basic_municipality,,True,True,True,,426.5707325,728.6046062,0.6688049513,41.09225171,9.203920631,6.972667145,3.798443435,2.12500332,7.968762451,29.94000387,6.706018967,5.080317399,2.767563383,0.1548287207,0.5806077027,0.04254951137,0.6361094295,0.1699620418,-4.309696132,3306068.685,121.51
28216,高砂市,Takasago-shi,basic_municipality,,True,True,True,,2551.541594,2921.145521,0.8929344976,33.95955405,6.144410752,5.460431819,3.932878867,1.0259684,7.409771779,99.2007992,17.94871795,15.95071595,11.48851149,0.2997002997,2.164502165,0.006083127593,0.6217770877,0.0581733566,-5.571545815,3518385.217,104.04
28217,川西市,Kawanishi-shi,basic_municipality,,True,True,True,,2850.318114,4669.558553,0.9618765633,24.69127697,4.766250222,4.818770885,2.475036272,1.838223226,8.534607835,115.2973636,22.25628449,22.5015328,11.55732679,0.8583690987,3.985285101,0.007680907686,0.7758035472,0.01871257485,-1.562970035,3894507.358,101.01
28218,小野市,Ono-shi,basic_municipality,,True,True,True,,511.7495158,824.8699272,0.3577225516,41.62987259,8.325974517,6.601909087,3.511206425,1.261511291,8.830579034,34.33922997,6.867845994,5.445716268,2.896288588,0.1040582726,0.7284079084,0.0276933613,0.5833154989,0.247471487,-0.9610250934,3234460.673,128.3
28219,三田市,Sanda-shi,basic_municipality,,True,True,True,,519.3895017,1466.675618,0.750114429,24.26811183,5.062340944,4.760248265,2.050568483,1.739321482,7.506545341,35.59344791,7.42481203,6.981740064,3.007518797,0.2551020408,1.100966702,0.02272772944,0.7170990495,0.09509319133,-3.070941568,3949282.138,104.54
28220,加西市,Kasai-shi,basic_municipality,,True,True,True,,282.8189164,500.8210181,0.2131147541,43.65339578,8.454332553,7.822014052,2.131147541,0.9367681499,7.025761124,21.86253812,4.234107436,3.917429041,1.067323481,0.04691531785,0.3518648839,0.03722409278,0.5090722035,0.2384421778,-1.157882041,3337653.779,156.9
28221,丹波篠山市,Tambasasayama-shi,basic_municipality,,True,True,True,,104.9047909,413.1309971,,48.14319255,10.98179799,10.32541466,4.165509581,1.767185883,8.078564035,19.88944514,4.536921151,4.265748853,1.720901126,0.07300792657,0.3337505215,0.1085620033,0.5898935373,0.1138801345,-5.320373449,3213641.351,144.16
28222,養父市,Yabu-shi,basic_municipality,,True,True,True,,52.3255539,328.9090369,,52.91698676,10.84549686,9.851326314,3.298838628,1.355687107,8.134122644,17.40487515,3.567181926,3.24019025,1.085017836,0.04458977408,0.2675386445,0.08046630651,0.6507440053,0.03546853941,-7.950487979,2964010.891,157.75
28223,丹波市,Tamba-shi,basic_municipality,,True,True,True,,124.634537,504.3567443,,49.50301768,10.23246734,8.784630151,2.684192546,1.301426689,8.459273479,24.96718083,5.160813915,4.430587463,1.353790614,0.06563833279,0.4266491631,0.07386054258,0.5673424938,0.1115143651,-3.697966119,3038970.645,146.07
28224,南あわじ市,Minamiawaji-shi,basic_municipality,,True,True,True,,192.7295751,468.8940827,,55.25975939,14.54561932,11.6908716,4.508688855,1.132836396,9.289258445,25.91097418,6.820354828,5.481780516,2.114097525,0.05311802826,0.4355678317,0.2197413321,0.5345241606,0.1615649972,-5.785237355,3186806.872,131.76
28225,朝来市,Asago-shi,basic_municipality,,True,True,True,,71.92229445,449.1633096,,55.64179516,11.31463659,10.90068647,4.656938839,1.37983373,10.00379454,24.99225287,5.082119616,4.89618841,2.091726061,0.06197706848,0.4493337465,0.05504006748,0.6461408688,0.04217734332,-6.377459105,3052413.209,146.7
28226,淡路市,Awaji-shi,basic_municipality,,True,True,True,,227.7844116,375.3756708,,49.01470203,11.914123,11.12779088,5.051588153,1.1914123,10.00786332,18.39892665,4.472271914,4.177101968,1.896243292,0.04472271914,0.3756708408,0.1511873616,0.6281948078,0.1736864959,-5.729619959,3426097.342,110.57
28227,宍粟市,Shiso-shi,basic_municipality,,True,True,True,,52.87302214,482.9934804,,61.00117752,11.22950113,10.10942302,3.302794451,1.14879807,8.615985525,29.46317104,5.423775836,4.882785407,1.595228187,0.05548619781,0.4161464836,0.0436860452,0.5565051164,0.03340723418,-9.718806483,3134558.926,153.86
28228,加東市,Kato-shi,basic_municipality,,True,True,True,,257.9815931,507.6817387,0.1440521589,41.50572026,8.069873293,7.085742404,3.96112683,1.476196334,8.36511256,21.07169623,4.096927305,3.597302023,2.010991756,0.07494379216,0.4246814889,0.04341609875,0.5528284802,0.1777213583,-10.73249943,3278650.279,138.09
28229,たつの市,Tatsuno-shi,basic_municipality,,True,True,True,,352.4256651,895.5892986,0.1844690242,42.34619732,8.867538619,7.643037838,2.475913666,1.614726304,5.786102589,37.92480116,7.941672692,6.845022897,2.217401784,0.1446131598,0.5181971559,0.03091274397,0.5847014925,0.1327832314,-4.455452394,3388890.714,130.7
28301,猪名川町,Inagawa-cho,basic_municipality,,True,True,True,,328.5730101,1423.501199,0.710074124,20.4851752,3.874663073,3.874663073,1.718328841,1.010781671,8.086253369,29.16067146,5.51558753,5.51558753,2.446043165,0.1438848921,1.151079137,0.02562745691,0.7542334442,0.04428207683,-7.191732998,3696096.195,125.97
28365,多可町,Taka-cho,basic_municipality,,True,True,True,,104.0066958,537.4162946,,52.43756814,8.826125331,8.358859872,2.284408909,0.519183843,7.268573802,28.18080357,4.743303571,4.4921875,1.227678571,0.02790178571,0.390625,0.03588661037,0.5269400885,0.07559803445,-7.417360924,2983742.911,171.18
28381,稲美町,Inami-cho,basic_municipality,,True,True,True,,866.7812142,894.9733885,0.2804942514,37.82873001,6.343332893,5.120919783,2.378749835,2.312673451,6.938020352,33.85570668,5.677114134,4.583086931,2.1289178,0.2069781195,0.6209343584,0.0377806563,0.5983736327,0.4581901489,2.722114722,3426764.105,130.91
28382,播磨町,Harima-cho,basic_municipality,,True,True,True,,3680.613363,3680.613363,0.9871443876,28.77633615,4.523271039,3.660278538,3.12462802,1.487918105,7.142006904,105.9145674,16.64841183,13.4720701,11.50054765,0.547645126,2.628696605,0.005704315147,0.6466680089,0.1095290252,-2.133364085,3547573.739,99.96
28442,市川町,Ichikawa-cho,basic_municipality,,True,True,True,,135.853393,562.1121121,,42.11557297,6.499866441,6.499866441,2.047903125,1.780785326,5.342355979,23.67367367,3.653653654,3.653653654,1.151151151,0.1001001001,0.3003003003,0.03498016589,0.5686981608,0.108866578,-7.879924953,3156470.321,
28443,福崎町,Fukusaki-cho,basic_municipality,,True,True,True,,423.170998,914.4407739,,47.9434381,10.5279455,9.392578831,3.302884863,2.06430304,10.3215152,43.84143464,9.627182633,8.588957055,3.020292591,0.1887682869,0.9438414346,0.02177193361,0.5904289718,0.1528718061,-3.661228665,3427174.976,131.96
28446,神河町,Kamikawa-cho,basic_municipality,,True,True,True,,52.49468427,502.8896258,,49.64204974,9.513941221,9.513941221,4.521477016,0.9419743783,8.477769405,24.96447181,4.78446234,4.78446234,2.273803884,0.04737091426,0.4263382283,0.03910833007,0.6302307391,0.03461405331,-15.97003155,3119817.877,
28464,太子町,Taishi-cho,basic_municipality,,True,True,True,,1480.628041,2118.797468,0.5184454999,36.6221585,7.288586194,6.750903605,3.524808077,2.090987842,6.870388625,77.59493671,15.44303797,14.30379747,7.46835443,0.4430379747,1.455696203,0.01311154599,0.6273972603,0.1769128704,-0.02992757527,3438566.08,116.55
28481,上郡町,Kamigori-cho,basic_municipality,,True,True,True,,92.36656462,540.0389105,,41.2853952,8.862309965,8.28589956,2.882052021,0.7205130053,7.205130053,22.29571984,4.785992218,4.474708171,1.556420233,0.03891050584,0.3891050584,0.0450421773,0.6659239217,0.05989617995,-12.62644909,3052215.19,
28501,佐用町,Sayo-cho,basic_municipality,,True,True,True,,51.59705959,270.0544774,,54.78156717,12.1036374,11.15804072,3.845426464,0.630397781,8.195171153,14.79400749,3.268641471,3.013278856,1.038474634,0.01702417433,0.2213142663,0.07348156182,0.6390997831,0.06180067655,-13.03727847,2994435.75,151.6
28585,香美町,Kami-cho,basic_municipality,,True,True,True,,43.5610272,308.9230769,,65.6748008,13.94422311,13.38396414,3.174800797,1.24501992,6.225099602,20.28846154,4.307692308,4.134615385,0.9807692308,0.03846153846,0.1923076923,0.105796001,0.6128828145,0.04067575996,-6.92674639,2950586.68,169.82
28586,新温泉町,Shinonsen-cho,basic_municipality,,True,True,True,,55.25911788,329.9801784,,50.83345848,11.33803874,10.5120889,4.129749212,0,10.5120889,16.7740337,3.741328048,3.468780971,1.362735382,0,0.3468780971,0.1208505431,0.6239865382,0.0456412597,-6.625613844,2959636.731,
29201,奈良市,Nara-shi,basic_municipality,,True,True,True,,1280.530079,2453.50768,0.8705185686,33.96779742,6.409497222,6.245946479,3.533260017,1.409920199,10.96917914,83.34025183,15.72575066,15.32447765,8.668880587,0.3459250035,2.691296527,0.01300759759,0.7879486508,0.09388315159,0.6221431102,4202337.229,98.7
29202,大和高田市,Yamatotakada-shi,basic_municipality,,True,True,True,,3746.601942,3746.601942,0.7429385851,37.44493392,8.081756932,7.093806686,2.137859549,1.619590568,9.393625292,140.2912621,30.27912621,26.5776699,8.009708738,0.6067961165,3.519417476,0.009538780322,0.687292344,0.2427184466,-1.245591899,3301627.385,99.61
29203,大和郡山市,Yamatokoriyama-shi,basic_municipality,,True,True,True,,1950.925275,2147.073988,0.7655520202,35.48057874,8.260791259,7.060094855,2.929699226,1.560905325,9.365431951,76.17942769,17.73653003,15.15854602,6.290281,0.3351379221,2.010827533,0.02143234893,0.7081860439,0.2576715859,0.7264098404,3445429.267,99.68
29204,天理市,Tenri-shi,basic_municipality,,True,True,True,,739.2848878,1199.34297,0.4148601481,36.65732755,8.311289893,7.466073972,3.146081485,2.03477907,6.10433721,43.96470809,9.968087103,8.95438333,3.773230711,0.2440397973,0.7321193918,0.03936903058,0.724316949,0.1851423282,-4.992914346,3363812.668,111.3
29205,橿原市,Kashihara-shi,basic_municipality,,True,True,True,,3056.673407,3229.754274,0.777666595,35.44433602,7.996890558,7.566861282,3.274838326,1.65395875,9.592960752,114.4764957,25.82799145,24.43910256,10.57692308,0.5341880342,3.098290598,0.01287438875,0.7359986247,0.2275025278,-2.960626202,3658483.955,101.35
29206,桜井市,Sakurai-shi,basic_municipality,,True,True,True,,554.6153068,1394.433147,0.4531235758,41.76312959,8.968773356,8.14845872,3.572925971,1.27604499,9.114607069,58.23589222,12.50635486,11.36248094,4.982206406,0.1779359431,1.270971022,0.0237484982,0.6983179816,0.1011020119,-1.326650943,3348361.223,113.17
29207,五條市,Gojo-shi,basic_municipality,,True,True,True,,95.63386069,371.9137036,0.2073620511,47.05124073,9.990331937,9.095140903,3.007841873,1.074229241,11.45844523,17.4990012,3.71554135,3.382607538,1.118657611,0.03995205753,0.4261552803,0.152458493,0.5922733078,0.09588384357,-6.394052045,3085228.377,139.06
29208,御所市,Gose-shi,basic_municipality,,True,True,True,,397.7550347,805.8862876,0.3340388446,41.37616202,9.545152722,7.926626826,1.494023904,1.24501992,11.62018592,33.34448161,7.692307692,6.387959866,1.204013378,0.1003344482,0.9364548495,0.04255319149,0.625150542,0.1650709805,-9.246456965,3292911.119,142.5
29209,生駒市,Ikoma-shi,basic_municipality,,True,True,True,,2195.202258,3410.55247,0.8505078209,25.90100707,4.765373902,4.662524105,2.074137562,1.371330619,8.227983715,88.33674364,16.25255773,15.9017831,7.073954984,0.4676995031,2.806197018,0.009084175671,0.783853259,0.07525870179,-2.119207571,4780798.059,108.42
29210,香芝市,Kashiba-shi,basic_municipality,,True,True,True,,3219.826876,4254.520697,0.7900605533,26.05200159,4.365470536,4.327064637,2.022710688,1.66425563,7.425140502,110.83878,18.57298475,18.40958606,8.605664488,0.7080610022,3.159041394,0.006159083875,0.7295264624,0.08244023083,-1.366120219,4131684.512,109.25
29211,葛城市,Katsuragi-shi,basic_municipality,,True,True,True,,1092.289442,1797.559785,0.4474913119,31.95590791,6.108818419,5.674413553,2.172024327,1.357515204,6.51607298,57.44265495,10.98096633,10.20009761,3.904343582,0.2440214739,1.171303075,0.0289055872,0.6485274512,0.2075919336,0.5027253003,3522326.555,123.59
29212,宇陀市,Uda-shi,basic_municipality,,True,True,True,,113.620202,437.6809339,,39.50784112,9.103516945,9.032395719,2.560364141,0.7112122613,8.534547136,17.29182879,3.984435798,3.953307393,1.120622568,0.03112840467,0.373540856,0.07338348271,0.6805377721,0.06464646465,-12.28740541,3140235.246,147.48
29322,山添村,Yamazoe-mura,basic_municipality,,True,True,True,,48.49669272,127.9650932,,53.31680099,11.77929324,11.77929324,1.549907006,0,15.49907006,6.822689409,1.507338358,1.507338358,0.1983339944,0,0.1983339944,0.1595995289,0.5135453475,0.0751653638,-0.6546644845,2834476.844,
29342,平群町,Heguri-cho,basic_municipality,,True,True,True,,753.5146444,1427.020602,,24.59881171,5.219612416,4.664334499,1.443722583,1.66583375,7.218612916,35.10301109,7.448494453,6.656101426,2.06022187,0.2377179081,1.030110935,0.05829948906,0.710467706,0.1255230126,-0.1653621431,3487591.241,124.09
29343,三郷町,Sango-cho,basic_municipality,,True,True,True,,2641.52446,3915.514334,0.9589990956,19.55295232,3.230113269,3.057840562,1.248977131,0.4306817692,6.029544769,76.55986509,12.64755481,11.97301855,4.890387858,0.1686340641,2.360876897,0.007930633393,0.7508723697,0,1.476576133,3612008.991,113.19
29344,斑鳩町,Ikaruga-cho,basic_municipality,,True,True,True,,1933.216538,2551.988899,0.8723674194,28.31043607,6.452314496,6.198571791,2.537427049,0.7249791568,7.974770725,72.24791859,16.46623497,15.8186864,6.475485661,0.185013876,2.035152636,0.01820842139,0.7192326451,0.2102312544,1.890426594,3703824.948,117.46
29345,安堵町,Ando-cho,basic_municipality,,True,True,True,,1676.334107,1676.334107,,24.77508651,3.460207612,2.76816609,0.1384083045,0,2.76816609,41.53132251,5.800464037,4.64037123,0.2320185615,0,0.464037123,0.02279202279,0.638493194,0.2320185615,-1.146953405,2982801.863,
29361,川西町,Kawanishi-cho,basic_municipality,,True,True,True,,1377.234401,1377.234401,,33.54965103,4.652871311,4.040651402,1.95910371,1.224439819,8.571078731,46.20573356,6.408094435,5.564924115,2.698145025,0.1686340641,1.180438449,0.02738195027,0.6957250629,0.3372681282,-3.881793138,3361661.945,
29362,三宅町,Miyake-cho,basic_municipality,,True,True,True,,1585.960591,1585.960591,,29.19708029,5.280323032,4.037894083,0.4659108557,0,1.553036186,46.30541872,8.374384236,6.403940887,0.7389162562,0,0.2463054187,0.02186177715,0.6794781382,0.2463054187,-1.401432576,3436298.077,
29363,田原本町,Tawaramoto-cho,basic_municipality,,True,True,True,,1478.283547,1478.283547,0.6028803284,37.01446579,8.628155371,7.216858582,1.988645476,2.886743433,8.339481028,54.71787577,12.75486012,10.6685633,2.939781887,0.426742532,1.232811759,0.03341238839,0.6750139509,0.426742532,-0.03186844705,3463455.019,123.91
29385,曽爾村,Soni-mura,basic_municipality,,True,True,True,,27.11474037,199.845679,,97.2972973,20.07722008,18.53281853,5.405405405,0,7.722007722,19.44444444,4.012345679,3.703703704,1.080246914,0,0.1543209877,0.173015873,0.6158730159,0.02093802345,0.7874015748,2905797.101,
29386,御杖村,Mitsue-mura,basic_municipality,,True,True,True,,18.58507163,156.3424947,,69.64164976,13.52265044,13.52265044,2.028397566,0,20.28397566,10.88794926,2.114164905,2.114164905,0.3171247357,0,0.3171247357,0.1583850932,0.6071428571,0.0251319427,-7.423904974,2622276.029,
29401,高取町,Takatori-cho,basic_municipality,,True,True,True,,260.9150834,748.4983315,,42.79982167,9.213850498,7.281914103,1.040273443,0,13.37494427,32.03559511,6.896551724,5.450500556,0.7786429366,0,1.001112347,0.03669037814,0.6828903033,0.1163241566,-15.21918941,3205729.167,
29402,明日香村,Asuka-mura,basic_municipality,,True,True,True,,214.8962656,489.5085066,,47.88569222,7.530411276,7.916586214,3.475574435,1.930874686,11.58524812,23.44045369,3.686200378,3.875236295,1.701323251,0.09451795841,0.5671077505,0.09962327334,0.6672247802,0.1659751037,-6.932065756,3376796.715,
29424,上牧町,Kammaki-cho,basic_municipality,,True,True,True,,3536.482085,4200,0.703186884,22.52003316,4.88164318,4.651376992,2.072395689,0.4605323754,5.526388505,94.58413926,20.50290135,19.53578337,8.704061896,0.1934235977,2.321083172,0.007789568751,0.7314292165,0.1628664495,0.1890627216,3439135.514,102.28
29425,王寺町,Oji-cho,basic_municipality,,True,True,True,,3429.814551,4544.990548,0.8707316059,32.98257289,6.197229963,5.906084931,4.367175477,1.247764422,12.47764422,149.905482,28.16635161,26.84310019,19.84877127,0.5671077505,5.671077505,0.005407421219,0.7629125489,0,-2.658900988,3961142.637,101.09
29426,広陵町,Koryo-cho,basic_municipality,,True,True,True,,2074.233129,2103.920348,0.6355220349,30.31647442,5.205560485,5.028098196,2.129547471,0.8873114463,7.098491571,63.78344742,10.95208463,10.57871811,4.480398258,0.1866832607,1.493466086,0.01574550129,0.6925449871,0.3067484663,-0.62821245,4230457.845,138.36
29427,河合町,Kawai-cho,basic_municipality,,True,True,True,,2067.800729,2170.663265,0.5894934775,24.9147961,4.583382301,4.759666236,2.115407216,1.175226231,10.57703608,54.08163265,9.948979592,10.33163265,4.591836735,0.2551020408,2.295918367,0.01364821346,0.7178346879,0.1215066829,0.2407608041,3841336.419,118.98
29441,吉野町,Yoshino-cho,basic_municipality,,True,True,True,,65.1228437,375.0150512,,95.84202922,20.7095842,19.4252689,7.384812972,0,9.632364746,35.94220349,7.76640578,7.284768212,2.769416014,0,0.3612281758,0.04574696212,0.6347390994,0.02090956613,-10.79876586,3666989.821,
29442,大淀町,Oyodo-cho,basic_municipality,,True,True,True,,439.0551181,906.1755146,,42.08512673,9.385461502,8.369201339,2.570540411,1.793400287,7.173601148,38.13651138,8.504875406,7.58396533,2.32936078,0.1625135428,0.6500541712,0.04151094501,0.675654031,0.05249343832,-8.799139077,3265802.781,125.77
29443,下市町,Shimoichi-cho,basic_municipality,,True,True,True,,81.25504114,390.7680372,,55.39011316,13.10303752,8.735358348,1.191185229,0,7.941234862,21.6446858,5.120248254,3.413498836,0.465477114,0,0.310318076,0.09936842105,0.6534736842,0.06452653654,-19.52326901,3139964.264,
29444,黒滝村,Kurotaki-mura,basic_municipality,,True,True,True,,13.06079665,389.375,,81.86195827,20.86677368,16.05136437,1.605136437,0,16.05136437,31.875,8.125,6.25,0.625,0,0.625,0.127340824,0.65917603,0,-15.28013582,2901869.159,
29446,天川村,Tenkawa-mura,basic_municipality,,True,True,True,,6.694751224,242.4742268,,177.7210884,51.8707483,51.8707483,20.40816327,0,8.503401361,43.09278351,12.57731959,12.57731959,4.948453608,0,0.206185567,0.06429780034,0.8155668359,0,-5.025125628,2865566.038,
29447,野迫川村,Nosegawa-mura,basic_municipality,,True,True,True,,2.304712718,135.2272727,,100.8403361,16.80672269,16.80672269,5.602240896,0,28.01120448,13.63636364,2.272727273,2.272727273,0.7575757576,0,0.3787878788,0.1812865497,0.6140350877,0,-9.316770186,2772727.273,
29449,十津川村,Totsukawa-mura,basic_municipality,,True,True,True,,4.552485202,110.6252259,,80.03920287,12.41424371,12.08755309,5.553740608,0,16.3345312,8.854354897,1.373328515,1.337188291,0.6143838092,0,0.1807011203,0.08302446256,0.7086730912,0.001487254231,-12.33224519,3472602.74,
29450,下北山村,Shimokitayama-mura,basic_municipality,,True,True,True,,5.645100832,77.4691358,,110.2257636,15.93625498,14.60823373,5.312084993,0,13.28021248,8.53909465,1.234567901,1.131687243,0.4115226337,0,0.1028806584,0.072,0.752,0,1.256281407,2886435.331,
29451,上北山村,Kamikitayama-mura,basic_municipality,,True,True,True,,1.619137918,53.68802902,,155.4054054,31.53153153,31.53153153,2.252252252,0,22.52252252,8.343409915,1.69286578,1.69286578,0.1209189843,0,0.1209189843,0.08482142857,0.7276785714,0,-28.50356295,3177664.975,
29452,川上村,Kawakami-mura,basic_municipality,,True,True,True,,4.293248162,85.50295858,,120.2422145,22.49134948,21.62629758,4.325259516,0,8.650519031,10.28106509,1.923076923,1.849112426,0.3698224852,0,0.07396449704,0.07003891051,0.6595330739,0,-8.417508418,3109375,
29453,東吉野村,Higashiyoshino-mura,basic_municipality,,True,True,True,,11.40903912,266.7850799,,94.54061252,17.310253,15.31291611,3.328894807,0,33.28894807,25.22202487,4.618117229,4.085257549,0.8880994671,0,0.8880994671,0.09635036496,0.597080292,0,-2.002670227,2726293.103,
30201,和歌山市,Wakayama-shi,basic_municipality,,True,True,True,,1708.063203,2488.170468,0.7697215533,45.47709886,9.264735976,7.714539608,3.781582097,1.709981527,11.74561081,113.1547744,23.05224245,19.19508963,9.409220897,0.4254725535,2.922508196,0.01688803717,0.7184633714,0.1244912617,-1.991834329,3714306.445,96.82
30202,海南市,Kainan-shi,basic_municipality,,True,True,True,,478.6166634,777.8867803,0.2926461163,50.65227729,11.55698898,9.3241539,3.369927019,1.447207922,10.95743141,39.40173689,8.990028948,7.253136057,2.621421679,0.1125763911,0.8523641042,0.08757011037,0.6423014293,0.2176924599,-0.9033812269,3401369.936,122.81
30203,橋本市,Hashimoto-shi,basic_municipality,,True,True,True,,465.8598238,1048.044115,,39.29757638,8.435002795,7.72797527,3.600907626,1.479825052,10.35877536,41.18559366,8.84025504,8.099259004,3.773910047,0.1550921937,1.085645356,0.05777171251,0.6907761215,0.1072386059,-2.177166961,3258060.526,118.91
30204,有田市,Arida-shi,basic_municipality,,True,True,True,,720.5538963,877.2892562,0.2197980255,54.86472229,13.60313513,11.79440802,3.730499661,1.130454443,10.92772628,48.1322314,11.9338843,10.34710744,3.272727273,0.09917355372,0.958677686,0.141030491,0.5349171522,0.3258213413,-6.420927467,3385347.096,122.43
30205,御坊市,Gobo-shi,basic_municipality,,True,True,True,,534.7529037,831.7747078,0.2198799029,73.76176483,18.6107917,17.37575061,8.900813424,2.555257442,14.05391593,61.35317039,15.47998583,14.45270988,7.403471484,0.2125398512,1.168969182,0.1140358867,0.641861736,0.1821908449,-10.77156686,3394869.942,108.14
30206,田辺市,Tanabe-shi,basic_municipality,,True,True,True,,68.03906866,563.2860368,0.4148561614,64.20495205,15.05653356,12.9669386,7.513954487,1.574352369,11.30671247,36.16575298,8.481135118,7.304095453,4.232505643,0.08868107062,0.6368913254,0.1131428901,0.6602545643,0.03408283102,-4.902252065,3104559.806,104.21
30207,新宮市,Shingu-shi,basic_municipality,,True,True,True,,106.4569212,1126.025694,0.5294615583,81.29991535,20.20536602,17.59228589,12.43973354,1.840197269,13.24942034,91.54579362,22.75176129,19.80936593,14.00745959,0.2072109407,1.491918773,0.02134716789,0.79273686,0.007836069428,-4.298660057,3209488.115,89.49
30208,紀の川市,Kinokawa-shi,basic_municipality,,True,True,True,,257.7275317,481.0337777,,37.2007617,8.297062024,7.378944505,2.567328618,1.530195865,10.71137106,17.89482293,3.991167089,3.549521551,1.234971784,0.07360758976,0.5152531283,0.1667007847,0.5794950529,0.1971868016,-1.17107943,3170518.267,126.36
30209,岩出市,Iwade-shi,basic_municipality,,True,True,True,,1401.376266,2262.767296,,29.53656864,6.244556859,6.374265755,3.242722404,1.667685808,8.33842904,66.83438155,14.12997904,14.42348008,7.337526205,0.3773584906,1.886792453,0.03101070356,0.7052502433,0.1298364061,0.6307977737,3377620.834,98.75
30304,紀美野町,Kimino-cho,basic_municipality,,True,True,True,,64.32912576,259.9496222,,56.68604651,14.65600775,13.20251938,3.149224806,0,14.53488372,14.73551637,3.809823678,3.431989924,0.8186397985,0,0.3778337531,0.1264667536,0.5913950456,0.05454262116,-7.521722215,2980496.454,
30341,かつらぎ町,Katsuragi-cho,basic_municipality,,True,True,True,,105.2607291,303.5551331,,46.72136281,10.0832968,9.206488382,3.381975324,1.252583453,11.27325108,14.18250951,3.060836502,2.794676806,1.02661597,0.03802281369,0.3422053232,0.2125260449,0.5297217796,0.1054782781,-4.183279953,3134537.8,146.09
30343,九度山町,Kudoyama-cho,basic_municipality,,True,True,True,,87.33861835,329.5726496,,43.04979253,10.11410788,9.336099585,3.371369295,0,10.37344398,14.18803419,3.333333333,3.076923077,1.111111111,0,0.3418803419,0.2272727273,0.586038961,0.0906002265,-7.978723404,3149242.97,
30344,高野町,Koya-cho,basic_municipality,,True,True,True,,21.67408597,340.2061856,,112.7946128,33.67003367,33.33333333,12.12121212,0,16.83501684,38.37342497,11.45475372,11.34020619,4.12371134,0,0.5727376861,0.0357827476,0.8389776358,0.007297672043,-13.05182342,2981498.612,
30361,湯浅町,Yuasa-cho,basic_municipality,,True,True,True,,534.7115385,817.7941176,0.4609782413,64.5567344,18.4319367,16.90343463,6.743391476,2.697356591,11.68854523,52.79411765,15.07352941,13.82352941,5.514705882,0.2205882353,0.9558823529,0.1681096681,0.5977633478,0.2884615385,-4.659398006,3156967.841,
30362,広川町,Hirogawa-cho,basic_municipality,,True,True,True,,103.7643458,397.9460094,,42.32414098,9.143194219,7.5210146,1.769650494,0,5.89883498,16.842723,3.638497653,2.992957746,0.7042253521,0,0.234741784,0.216009777,0.5352887259,0.09181331293,-5.934718101,3025792.812,
30366,有田川町,Aridagawa-cho,basic_municipality,,True,True,True,,71.78831287,309.4584661,,54.6757463,13.81740439,12.43170481,5.305249822,0.7918283316,10.68968248,16.91987258,4.275912766,3.8470963,1.641754472,0.02450379809,0.3308012742,0.2528265397,0.5382326688,0.08242382901,-6.251502765,3382119.538,136.86
30381,美浜町,Mihama-cho,basic_municipality,,True,True,True,,537.7447142,1002.481752,,46.59967963,8.300567934,8.009319936,4.514343964,0,11.64991991,46.71532847,8.321167883,8.02919708,4.525547445,0,1.167883212,0.06815968841,0.7250892567,0.1566170713,-7.273877293,3140828.402,
30382,日高町,Hidaka-cho,basic_municipality,,True,True,True,,166.0463103,488.7261146,,36.23093966,8.210608628,6.516356054,1.824579695,0,5.213084843,17.70700637,4.012738854,3.184713376,0.8917197452,0,0.2547770701,0.1190348525,0.6573726542,0.1082016879,4.023638878,3214150.347,
30383,由良町,Yura-cho,basic_municipality,,True,True,True,,173.4238603,466.0295395,,59.47054437,13.04996271,11.37211037,4.101416853,0,9.321401939,27.71503041,6.081668115,5.299739357,1.911381407,0,0.4344048653,0.1461386139,0.5948514851,0.09699321048,-13.1082423,3014737.991,
30390,印南町,Inami-cho,basic_municipality,,True,True,True,,67.94578419,230.1729278,,50.90673575,12.04663212,11.26943005,2.849740933,0,6.476683938,11.71735242,2.772808587,2.59391771,0.6559332141,0,0.1490757305,0.293120155,0.480377907,0.07921140644,-4.452592981,2960014.409,
30391,みなべ町,Minabe-cho,basic_municipality,,True,True,True,,98.25407383,272.1787195,,53.05466238,14.46945338,12.26941953,3.215434084,0.8461668641,8.461668641,14.44035007,3.938277292,3.339474896,0.8751727315,0.02303086135,0.2303086135,0.3610951835,0.4320527523,0.1995344197,-6.686349427,3158388.403,
30392,日高川町,Hidakagawa-cho,basic_municipality,,True,True,True,,27.80240659,204.0956387,,48.37834906,7.593014427,7.484542792,3.037205771,0,10.84716347,9.873810051,1.549701129,1.527562542,0.6198804516,0,0.2213858756,0.2170341548,0.5549070471,0.0301577249,-8.257085472,3017805.02,
30401,白浜町,Shirahama-cho,basic_municipality,,True,True,True,,100.8160016,519.0061475,,50.43924588,9.426512684,8.982331458,7.057546145,1.480604086,9.377159214,26.17827869,4.892418033,4.661885246,3.662909836,0.0768442623,0.4866803279,0.05044830939,0.7394404235,0.03482933625,-8.910038981,2907816.377,99.97
30404,上富田町,Kamitonda-cho,basic_municipality,,True,True,True,,265.574342,718.001885,,40.03675505,8.532423208,7.482278813,2.953531111,1.312680494,9.188763455,28.7464656,6.126295947,5.372290292,2.120640905,0.09425070688,0.6597549482,0.06191446029,0.6905634759,0.1045842775,4.144615188,3105785.376,109.51
30406,すさみ町,Susami-cho,basic_municipality,,True,True,True,,21.1235311,293.3917197,,66.75712347,12.48303935,11.12618725,5.698778833,0,18.99592944,19.58598726,3.662420382,3.26433121,1.671974522,0,0.5573248408,0.09541511772,0.6802973978,0.01146460304,-16.99798329,2796774.194,
30421,那智勝浦町,Nachikatsuura-cho,basic_municipality,,True,True,True,,77.12072446,695.0344149,,68.6142746,21.00870057,18.10850958,9.761618448,1.414727311,7.073636557,47.6892822,14.60176991,12.58603736,6.784660767,0.09832841691,0.4916420846,0.04917768462,0.7882940987,0.01636571927,-6.385506386,2875646.596,
30422,太地町,Taiji-cho,basic_municipality,,True,True,True,,480.3786575,1116.4,,54.10247223,11.8237191,10.39054102,3.224650663,0,10.74883554,60.4,13.2,11.6,3.6,0,1.2,0.07422186752,0.7916999202,0,15.17290049,2709677.419,
30424,古座川町,Kozagawa-cho,basic_municipality,,True,True,True,,8.428780206,202.7800491,,60.08064516,10.88709677,11.29032258,4.435483871,0,24.19354839,12.18315617,2.207686018,2.289452167,0.899427637,0,0.4905968929,0.1106382979,0.729787234,0.003398701696,-5.647263249,2623803.01,
30427,北山村,Kitayama-mura,basic_municipality,,True,True,True,,8.381742739,108.0213904,,94.05940594,14.85148515,14.85148515,4.95049505,0,24.75247525,10.16042781,1.604278075,1.604278075,0.5347593583,0,0.2673796791,0.1306818182,0.6647727273,0,-5.235602094,3390410.959,
30428,串本町,Kushimoto-cho,basic_municipality,,True,True,True,,110.2601902,675.0451264,,60.89979277,14.64001604,14.64001604,6.01644495,1.336987767,10.69590213,41.1101083,9.88267148,9.88267148,4.061371841,0.09025270758,0.7220216606,0.0796122676,0.7783251232,0.01474165254,-9.767308245,2914897.838,
31201,鳥取市,Tottori-shi,basic_municipality,,True,True,True,,246.2596856,888.3991704,0.5509086568,45.29753535,9.24840156,8.038627862,4.404000743,1.273445998,8.436579736,40.24229283,8.216272273,7.141510323,3.912510606,0.1131328368,0.7495050438,0.0473489903,0.7106574148,0.08885288315,-4.290935469,3166057.375,108.54
31202,米子市,Yonago-shi,basic_municipality,,True,True,True,,1112.498112,1488.501566,0.5180800586,44.4280022,9.93775328,8.023513919,4.60910825,1.900663196,11.13245586,66.13115085,14.79236132,11.94301303,6.860664848,0.2829140143,1.657067798,0.03185247276,0.7415093794,0.219000151,-2.908591103,3310621.488,108.66
31203,倉吉市,Kurayoshi-shi,basic_municipality,,True,True,True,,170.8630449,523.3029382,0.3168118748,59.41701624,13.78939443,12.32655695,7.421748951,1.290738948,11.18640422,31.09309918,7.21603062,6.450523472,3.883823033,0.0675447484,0.5853878194,0.0931515312,0.6577971935,0.1396750717,-3.412500286,2968324.106,120.74
31204,境港市,Sakaiminato-shi,basic_municipality,,True,True,True,,1124.699416,1222.554145,0.4827428222,42.88332315,11.75931582,9.926695174,4.276114844,1.832620648,8.246792914,52.42718447,14.3764003,12.13592233,5.227781927,0.2240477969,1.008215086,0.03471919217,0.6956928255,0.1374098248,1.385937356,2991768.693,118.78
31302,岩美町,Iwami-cho,basic_municipality,,True,True,True,,88.28482668,471.5720524,,32.0400037,7.315492175,6.482081674,1.666821002,0,4.630058339,15.10917031,3.449781659,3.056768559,0.7860262009,0,0.2183406114,0.1032512315,0.6392118227,0.07357750164,-0.928591327,2826107.67,
31325,若桜町,Wakasa-cho,basic_municipality,,True,True,True,,14.37895371,208.7463557,,53.77094972,14.66480447,15.01396648,2.793296089,0,10.47486034,11.2244898,3.06122449,3.134110787,0.583090379,0,0.2186588921,0.1232777375,0.6040609137,0.01506175319,-9.359790341,2628000,
31328,智頭町,Chizu-cho,basic_municipality,,True,True,True,,28.60258122,374.3156669,,45.74451533,10.11358332,10.73595768,2.800684612,0,6.223743582,17.12288876,3.785672685,4.018637158,1.048340128,0,0.2329644729,0.09856396867,0.5620104439,0.02225189141,-6.200032632,2714751.047,
31329,八頭町,Yazu-cho,basic_municipality,,True,True,True,,77.09835035,385.2308436,,32.25199222,6.58844199,6.58844199,1.254941331,0.6274706657,8.78458932,12.42446217,2.538071066,2.538071066,0.4834421078,0.02417210539,0.3384094755,0.1412083382,0.5855611824,0.08224082047,-4.519628099,2728229.665,163.43
31364,三朝町,Misasa-cho,basic_municipality,,True,True,True,,25.95066804,225.5303312,,31.84818482,6.105610561,5.610561056,2.97029703,0,4.95049505,7.182731671,1.377000372,1.265351693,0.6698920729,0,0.1116486788,0.1165016502,0.6650165017,0.03425830764,-6.04699378,2636959.371,
31370,湯梨浜町,Yurihama-cho,basic_municipality,,True,True,True,,206.0182215,469.3072201,,32.88695111,7.972594207,7.536592962,1.868576767,0,6.228589225,15.4340836,3.741596025,3.536977492,0.8769365683,0,0.2923121894,0.1227223362,0.6593459636,0.1668163737,1.29477773,2848878.394,137.99
31371,琴浦町,Kotoura-cho,basic_municipality,,True,True,True,,116.917911,312.0114395,,40.08554843,9.960281088,8.982584785,3.177512985,0,8.554842652,12.50714967,3.10772164,2.802669209,0.9914204004,0,0.266920877,0.1892300535,0.5590835078,0.1928984782,-13.24125697,2745463.006,147.99
31372,北栄町,Hokuei-cho,basic_municipality,,True,True,True,,249.8770636,334.3830787,,36.54765252,7.731234186,6.958110768,1.265111049,0,2.811357886,12.22091657,2.58519389,2.326674501,0.4230317274,0,0.09400705053,0.2142302717,0.551228978,0.3688092729,-2.335952432,2783053.691,
31384,日吉津村,Hiezu-son,basic_municipality,,True,True,True,,833.5714286,847.6997579,,75.12139389,27.42073693,30.84832905,6.569551557,5.712653528,11.42530706,63.68038741,23.24455206,26.15012107,5.569007264,0.4842615012,0.9685230024,0.0694980695,0.6861555433,0.2380952381,2.212389381,3310883.945,
31386,大山町,Daisen-cho,basic_municipality,,True,True,True,,80.96718116,193.9676931,,31.3597918,6.571242681,5.985686402,1.821730644,0,7.156798959,6.082786471,1.274608783,1.161029783,0.3533568905,0,0.1388187784,0.2376093294,0.5637755102,0.2107148501,-2.164209387,2780841.287,164.81
31389,南部町,Nambu-cho,basic_municipality,,True,True,True,,90.52880821,365.9340659,,23.92715296,3.971713649,4.068584714,1.356194905,0.9687106461,4.843553231,8.755760369,1.453385324,1.488833747,0.4962779156,0.03544842255,0.1772421127,0.1097196262,0.6108411215,0.1052354644,-1.287256164,2775978.734,
31390,伯耆町,Hoki-cho,basic_municipality,,True,True,True,,76.70682731,251.4930637,,27.76738968,5.983545251,5.890052356,1.121914734,0.9349289454,5.609573672,6.983305902,1.504820127,1.481307312,0.2821537738,0.02351281448,0.1410768869,0.1596269885,0.6390565003,0.1147446931,-2.267126663,2919136.113,
31401,日南町,Nichinan-cho,basic_municipality,,True,True,True,,12.30642891,116.523188,,56.72068637,11.91611058,10.96282173,2.621544328,0,2.383222116,6.609275201,1.388503194,1.277422938,0.3054707026,0,0.02777006387,0.3152022315,0.5044165504,0.04399343031,-9.314359638,2776470.588,
31402,日野町,Hino-cho,basic_municipality,,True,True,True,,21.69726825,209.5890411,,54.00756794,14.44788442,12.72789818,4.471964224,0,6.87994496,11.31939438,3.028118241,2.667627974,0.9372746936,0,0.1441961067,0.1558803062,0.6068197634,0.02985520227,-16.31878558,2669482.577,
31403,江府町,Kofu-cho,basic_municipality,,True,True,True,,21.45840026,119.4456862,,39.29640719,5.988023952,6.362275449,1.122754491,0,11.22754491,4.693786321,0.7152436299,0.7599463567,0.1341081806,0,0.1341081806,0.2049295775,0.5633802817,0.05621586894,0,2799771.167,
32201,松江市,Matsue-shi,basic_municipality,,True,True,True,,355.356987,1271.725689,0.5227192362,46.28811095,9.513004872,8.015087223,4.056655666,1.718921892,10.95198806,58.86577978,12.09793267,10.19299232,5.15895322,0.2185997127,1.392792455,0.03265787719,0.7609295645,0.07853540201,-2.326143902,3308506.637,103.14
32202,浜田市,Hamada-shi,basic_municipality,,True,True,True,,79.04094516,468.118676,0.1735419109,53.81740914,11.46688159,9.616793669,3.993259086,0.9158851114,11.35697538,25.19293432,5.36786143,4.50180072,1.869319156,0.04287429257,0.5316412279,0.058476948,0.711776403,0.03474836393,-9.634387352,3062520.675,108.81
32203,出雲市,Izumo-shi,basic_municipality,,True,True,True,,276.7410943,755.9284214,0.2225032557,44.32354218,10.37187093,9.249023296,3.559542758,1.273332369,9.492114021,33.50542527,7.84039202,6.99159958,2.690759538,0.09625481274,0.7175358768,0.05132164797,0.6356309531,0.1233341876,2.19350421,3185377.167,132.98
32204,益田市,Masuda-shi,basic_municipality,,True,True,True,,61.37972422,451.8373494,0.2307623936,52.24096171,11.13259116,9.754905229,4.75523854,1.33324445,11.77699264,23.60441767,5.030120482,4.407630522,2.148594378,0.06024096386,0.5321285141,0.07475317348,0.6998589563,0.02864196184,-4.164146466,3079886.275,119.56
32205,大田市,Oda-shi,basic_municipality,,True,True,True,,75.44907429,331.209035,,53.24849297,12.08670767,10.56445229,3.683858004,1.217804299,11.26468976,17.63638197,4.003226782,3.499042049,1.220127055,0.04033477866,0.3730967026,0.08863636364,0.6411616162,0.05512932421,-8.387609214,2878310.165,131.58
32206,安来市,Yasugi-shi,basic_municipality,,True,True,True,,88.04789395,377.6826659,0.1903836814,41.57897577,8.984944148,8.283416977,2.698181426,0.8094544277,8.36436242,15.70365841,3.393457658,3.128503006,1.019056354,0.03057169061,0.3159074697,0.0981179292,0.5798967728,0.09265198489,-7.006151743,2954607.978,140.8
32207,江津市,Gotsu-shi,basic_municipality,,True,True,True,,85.59126156,407.2911123,,52.31064071,11.36809094,10.62764058,4.224922688,0.8711180801,11.76009408,21.30565904,4.630122406,4.328543552,1.720773461,0.03547986518,0.4789781799,0.04200516987,0.694239291,0.02236802863,-10.04622205,2917489.187,116.63
32209,雲南市,Unnan-shi,basic_municipality,,True,True,True,,65.09092881,320.4895416,,47.9628961,10.60904824,10.58127586,1.888521676,0.8331713278,8.609437054,15.37160659,3.400089008,3.391188251,0.6052514464,0.02670226969,0.2759234535,0.09259355374,0.6003529351,0.06327054485,-5.896705978,3068685.629,159.49
32343,奥出雲町,Okuizumo-cho,basic_municipality,,True,True,True,,32.19749463,194.0868141,,52.91585788,12.99687737,13.2500633,3.460207612,0,9.283483838,10.27027027,2.522522523,2.571662572,0.6715806716,0,0.1801801802,0.1797272877,0.5306390669,0.0679329366,-5.597183353,2736062.103,
32386,飯南町,Iinan-cho,basic_municipality,,True,True,True,,18.84469697,142.5856698,,64.88966572,13.3275071,13.10902338,2.840288399,0,15.29386061,9.252336449,1.900311526,1.869158879,0.4049844237,0,0.2180685358,0.2076236821,0.5936739659,0.04940711462,-10.10332951,2750618.812,
32441,川本町,Kawamoto-machi,basic_municipality,,True,True,True,,30.51771117,193.679189,,75.73891626,16.93349754,15.39408867,5.233990148,0,6.157635468,14.66905188,3.27966607,2.981514609,1.013714967,0,0.1192605844,0.1306892068,0.6879063719,0.02818754111,-5.030181087,2906166.22,
32448,美郷町,Misato-cho,basic_municipality,,True,True,True,,15.39304397,137.642225,,62.68656716,10.33295063,11.25143513,1.148105626,0,18.36969001,8.628318584,1.422250316,1.548672566,0.1580278129,0,0.2528445006,0.1335012594,0.6508816121,0.02120740845,-3.470500744,2770847.458,
32449,邑南町,Onan-cho,basic_municipality,,True,True,True,,24.23859381,178.6744023,,57.26655515,11.90593329,13.28347929,3.640657286,0.9839614287,17.71130572,10.23206751,2.127285513,2.373417722,0.6504922644,0.01758087201,0.3164556962,0.2011342155,0.6170132325,0.04531469866,-5.281504172,2888737.758,
32501,津和野町,Tsuwano-cho,basic_municipality,,True,True,True,,22.39194867,258.0705706,,57.45454545,14.4,13.67272727,5.090909091,0,13.09090909,14.82732733,3.716216216,3.528528529,1.313813814,0,0.3378378378,0.1265221265,0.6822096822,0.02279907501,-10.35619018,2727777.778,
32505,吉賀町,Yoshika-cho,basic_municipality,,True,True,True,,18.05943536,232.835249,,52.82211618,13.65805496,12.83528057,2.797432944,0,9.873292743,12.29885057,3.180076628,2.988505747,0.6513409962,0,0.2298850575,0.126910299,0.5870431894,0.02377414562,-7.000538503,2838425.926,
32525,海士町,Ama-cho,basic_municipality,,True,True,True,,67.7930622,291.7631918,,70.5778562,11.91001323,11.91001323,5.734450816,0,8.822232025,20.59202059,3.474903475,3.474903475,1.673101673,0,0.2574002574,0.1421098518,0.700087184,0.05980861244,7.243096424,3002107.482,
32526,西ノ島町,Nishinoshima-cho,basic_municipality,,True,True,True,,49.8123995,477.3972603,,72.45337159,16.8579627,16.8579627,6.097560976,0,14.3472023,34.5890411,8.047945205,8.047945205,2.910958904,0,0.6849315068,0.1573116691,0.7008862629,0,-1.20240481,3191138.141,
32527,知夫村,Chibu-mura,basic_municipality,,True,True,True,,46.27737226,241.0646388,,64.66876972,22.08201893,22.08201893,1.577287066,0,15.77287066,15.58935361,5.323193916,5.323193916,0.3802281369,0,0.3802281369,0.1704918033,0.7114754098,0,-12.19512195,2875486.381,
32528,隠岐の島町,Okinoshima-cho,basic_municipality,,True,True,True,,55.36641662,416.5271318,,67.22251172,14.44204571,12.65540088,6.029926301,0.7444353458,9.677659495,28,6.015503876,5.271317829,2.511627907,0.03100775194,0.4031007752,0.09957258192,0.7362672155,0.0247300305,-6.060141148,3382733.558,
33100,岡山市,Okayama-shi,designated_city,,True,False,True,,917.3884423,1642.880461,0.6973648079,45.0992216,9.208062471,7.361758322,4.127276315,1.8904609,9.659289269,74.09262996,15.12774591,12.0944889,6.780621614,0.3105801274,1.58690576,0.02263841728,0.7422903293,0.1658332806,-2.905029539,3712962.496,90.56
33101,北区,Kita-ku,designated_city_ward,33100,False,True,False,overlapping_hierarchy,697.8544486,1695.541779,0.718182772,59.69992656,12.07860792,9.547791417,6.994718987,2.098415696,12.94023013,101.2237197,20.47978437,16.18867925,11.85983827,0.3557951482,2.194070081,0.01994544955,0.7889447236,,-3.518038872,,78.04
33102,中区,Naka-ku,designated_city_ward,33100,False,True,False,overlapping_hierarchy,2912.412178,3538.819066,0.8509770023,28.47244559,5.394285408,4.717486866,1.608234159,1.407204889,7.639112255,100.7588333,19.08940005,16.69433246,5.691249704,0.4979843491,2.703343609,0.01178670257,0.7590307382,,-1.686780033,,94.81
33103,東区,Higashi-ku,designated_city_ward,33100,False,True,False,overlapping_hierarchy,580.0037376,862.350653,0.443624608,32.27434807,6.830777162,6.465609829,2.18026378,1.503630193,7.303346651,27.83180513,5.890525146,5.575622858,1.880151894,0.1296656479,0.6298045753,0.04760144191,0.6397310287,,-3.597280105,,119.08
33104,南区,Minami-ku,designated_city_ward,33100,False,True,False,overlapping_hierarchy,1316.50455,1591.239215,0.6625294945,39.63581762,8.538503706,6.113401816,2.073551493,2.145053269,6.613914246,63.07006732,13.58680193,9.727884707,3.29951645,0.3413292879,1.052431971,0.02298514669,0.7003544973,,-2.504985651,,99.82
33202,倉敷市,Kurashiki-shi,basic_municipality,,True,True,True,,1332.861516,1847.739926,0.6435738487,36.84006473,7.579141663,6.795310498,2.909867844,1.538163307,7.311543389,68.07085848,14.00428266,12.55596652,5.376678996,0.2842125754,1.350983064,0.01731314501,0.6516797617,0.1039121521,-1.433487449,3619103.746,100.57
33203,津山市,Tsuyama-shi,basic_municipality,,True,True,True,,197.3752296,655.7115675,0.2521788727,47.58998169,10.68673264,9.566026597,4.122597236,1.801134715,9.505988773,31.20530149,7.007414212,6.272554294,2.703234696,0.1181024867,0.6233186799,0.0536553202,0.6345916097,0.1086248099,-4.472271914,3238989.449,121.98
33204,玉野市,Tamano-shi,basic_municipality,,True,True,True,,545.7713844,1270.359551,0.281580018,37.2715855,7.606446021,6.969627284,2.087350303,0.707576374,8.667810582,47.34831461,9.662921348,8.853932584,2.651685393,0.08988764045,1.101123596,0.02591089865,0.6245129153,0.08688936088,-3.39922409,3107044.108,117.61
33205,笠岡市,Kasaoka-shi,basic_municipality,,True,True,True,,338.2853787,544.7754137,0.2017010936,40.35757681,8.071515362,7.116819997,3.254643291,0.6509286582,8.896024996,21.9858156,4.397163121,3.877068558,1.773049645,0.03546099291,0.4846335697,0.04833939394,0.6161454545,0.1321197886,-2.929820577,3038534.703,114.45
33207,井原市,Ibara-shi,basic_municipality,,True,True,True,,157.6086064,454.8945248,0.1523030429,41.08482701,8.727594831,8.310754481,2.084201751,1.042100875,8.076281784,18.68926286,3.970135103,3.78051671,0.9480919649,0.04740459825,0.3673856364,0.06124846478,0.5285416778,0.09033423668,-5.917643851,3152752.413,125.98
33208,総社市,Soja-shi,basic_municipality,,True,True,True,,325.7668712,878.0208598,0.3787773432,32.49311893,6.431986093,6.489931914,2.21642764,1.014051862,6.808633927,28.52963622,5.64741796,5.698295599,1.946069702,0.08903586874,0.5978122615,0.04069371322,0.6246515949,0.1132609722,1.077199282,3234495.608,113.34
33209,高梁市,Takahashi-shi,basic_municipality,,True,True,True,,53.14905209,244.2614687,0.1961681343,51.18326912,12.07347276,11.38552559,3.40533847,1.031920748,11.00715465,12.50210049,2.949084188,2.781045202,0.831792976,0.02520584776,0.2688623761,0.1051115911,0.5613390929,0.05118923564,-12.79784781,2970736.63,112.5
33210,新見市,Niimi-shi,basic_municipality,,True,True,True,,35.39563085,272.9826949,,50.89212579,10.57729976,10.50607215,3.169628548,0.3561380391,10.32800313,13.89266965,2.887419794,2.86797589,0.865253743,0.009721952168,0.2819366129,0.1435235804,0.5855383045,0.0378171917,-10.6789005,3054182.684,128.92
33211,備前市,Bizen-shi,basic_municipality,,True,True,True,,125.203378,676.1506276,,52.41336634,11.9740099,11.38613861,3.094059406,0.9282178218,10.21039604,35.43933054,8.09623431,7.69874477,2.092050209,0.06276150628,0.690376569,0.04166945355,0.5889238178,0.02711706826,-7.236500519,2988283.724,122.21
33212,瀬戸内市,Setouchi-shi,basic_municipality,,True,True,True,,287.326638,523.4969503,,34.28761651,7.073901465,6.435863293,2.052818464,1.109631602,7.767421216,17.94946268,3.703165844,3.369154807,1.074644206,0.05808887598,0.4066221319,0.08901415067,0.5936233926,0.1992666985,-3.484513274,3071604.618,119.29
33213,赤磐市,Akaiwa-shi,basic_municipality,,True,True,True,,203.7686282,555.9160803,0.3250744239,30.1680692,6.14144066,5.836712688,1.969011509,1.640842924,7.96980849,16.77091478,3.414125619,3.244722439,1.09460516,0.09121709669,0.4430544696,0.0789704165,0.6083592838,0.1098586167,-2.188750294,3054075.637,127.31
33214,真庭市,Maniwa-shi,basic_municipality,,True,True,True,,51.56723353,245.0952272,,53.92627267,12.82621416,12.77940316,3.674663546,1.404330018,9.59625512,13.21707205,3.143643873,3.132170721,0.9006424966,0.03441945847,0.2351996329,0.1284688886,0.5805330773,0.06638262948,-6.277894943,3005660.033,138.16
33215,美作市,Mimasaka-shi,basic_municipality,,True,True,True,,60.42302406,262.0365694,,46.99487259,8.982613054,9.252476965,3.469678862,1.156559621,9.637996839,12.31437519,2.353773108,2.424487322,0.9091827457,0.03030609152,0.2525507627,0.1095606411,0.5572123435,0.06988282979,-7.59463152,2818922.306,131.42
33216,浅口市,Asakuchi-shi,basic_municipality,,True,True,True,,493.1086368,885.7297297,,28.25582815,7.170755523,6.652020017,1.190040278,1.525692664,5.187355059,25.02702703,6.351351351,5.891891892,1.054054054,0.1351351351,0.4594594595,0.03936639487,0.603595776,0.1203731568,-1.813989239,3065613.879,133.15
33346,和気町,Wake-cho,basic_municipality,,True,True,True,,94.46640316,389.5624821,,37.80371431,7.707553402,7.34052705,1.614915951,0.734052705,8.80863246,14.72690878,3.002573635,2.859593938,0.6291106663,0.02859593938,0.3431512725,0.07003703107,0.56689744,0.06934331877,-3.884702043,3029800,
33423,早島町,Hayashima-cho,basic_municipality,,True,True,True,,1623.097113,1845.970149,0.406694696,38.72897801,7.842820181,4.285252264,1.374514877,1.617076326,8.08538163,71.49253731,14.47761194,7.910447761,2.537313433,0.2985074627,1.492537313,0.01788877081,0.7337938363,0.1312335958,1.333542516,3738257.44,
33445,里庄町,Satosho-cho,basic_municipality,,True,True,True,,895.3393295,1306.682578,,30.68493151,6.575342466,6.210045662,2.00913242,0,4.566210046,40.09546539,8.591885442,8.114558473,2.625298329,0,0.5966587112,0.02569635151,0.6198509219,0.1635322976,-3.032252136,3129352.184,
33461,矢掛町,Yakage-cho,basic_municipality,,True,True,True,,148.0247186,412.4846248,,41.00193827,10.88415089,11.10779782,1.863724467,1.490979574,5.963918294,16.91266913,4.489544895,4.581795818,0.7687576876,0.06150061501,0.24600246,0.0815158546,0.5582366589,0.1213860075,1.221280818,2893838.159,
33586,新庄村,Shinjo-son,basic_municipality,,True,True,True,,12.11443898,131.9805195,,59.04059041,15.9901599,13.5301353,3.6900369,0,12.300123,7.792207792,2.11038961,1.785714286,0.487012987,0,0.1623376623,0.2625570776,0.5753424658,0.02980181791,-21.43757881,2811808.118,
33606,鏡野町,Kagamino-cho,basic_municipality,,True,True,True,,28.74094548,229.6211689,,40.8721605,7.212734207,6.881114243,1.90681479,1.658099818,9.119548997,9.385113269,1.656196459,1.580049496,0.4378450409,0.03807348182,0.20940415,0.140237691,0.6084889643,0.04288982082,-5.825081135,3181095.776,
33622,勝央町,Shoo-cho,basic_municipality,,True,True,True,,201.4431082,354.4270833,,41.14621602,7.623071271,6.888317414,3.122703894,0,6.429096253,14.58333333,2.701822917,2.44140625,1.106770833,0,0.2278645833,0.1043185642,0.5281361002,0.2220166512,-2.980348328,3091848.192,
33623,奈義町,Nagi-cho,basic_municipality,,True,True,True,,80.23590334,275.8654797,,42.84689853,8.425959125,9.860164934,2.330584439,0,8.963786303,11.81998022,2.324431256,2.72007913,0.6429277943,0,0.2472799209,0.1507304117,0.5942895086,0.1294591484,-30.643699,2931063.83,
33643,西粟倉村,Nishiawakura-son,basic_municipality,,True,True,True,,24.11592203,334.4497608,,58.65522175,7.868383405,9.298998569,1.430615165,0,7.153075823,19.61722488,2.631578947,3.110047847,0.4784688995,0,0.2392344498,0.1165980796,0.5555555556,0.01725030188,6.761833208,2937106.918,
33663,久米南町,Kumenan-cho,basic_municipality,,True,True,True,,57.59694851,191.7054592,,35.98233996,8.167770419,8.388520971,2.207505519,0,8.830022075,6.898011003,1.565806179,1.608125264,0.4231908591,0,0.1692763436,0.253147482,0.5310251799,0.1398601399,-6.060606061,2793082.149,
33666,美咲町,Misaki-cho,basic_municipality,,True,True,True,,56.22173407,216.7912307,,39.99080671,6.205470007,6.818355934,1.302382594,0,8.427181491,8.669656203,1.34529148,1.478159774,0.2823451254,0,0.1826939047,0.1643770725,0.5589767883,0.08183658526,-6.141330356,2971203.072,
33681,吉備中央町,Kibichuo-cho,basic_municipality,,True,True,True,,40.50152541,148.3106267,,43.90960867,8.726805071,8.634943965,1.653499908,0,11.02333272,6.51226158,1.294277929,1.280653951,0.2452316076,0,0.1634877384,0.1937803344,0.4941578285,0.0967333879,-1.471309465,2872235.233,
34100,広島市,Hiroshima-shi,designated_city,,True,False,True,,1324.326947,4070.352542,0.8653670943,43.64007948,8.871925473,6.458441946,4.592947431,1.748901107,10.04368922,177.6305085,36.11186441,26.28813559,18.69491525,0.7118644068,4.088135593,0.008435622276,0.752290746,0.02757281982,-2.13456175,3906324.852,80.01
34101,中区,Naka-ku,designated_city_ward,34100,False,True,False,overlapping_hierarchy,9314.556136,9375.755585,1,104.7659759,20.08423325,14.24677118,18.64764294,2.803103035,22.49490186,982.260184,188.304862,133.5742444,174.8357424,2.628120894,21.09067017,0.003122925593,0.8154758313,,7.16255051,,55.85
34102,東区,Higashi-ku,designated_city_ward,34100,False,True,False,overlapping_hierarchy,3027.727042,6565.071507,0.8757634915,31.57021608,5.781170142,3.58600119,2.019220296,1.172991043,8.965002974,207.2607261,37.95379538,23.54235424,13.25632563,0.7700770077,5.885588559,0.004867822626,0.7791536384,,-2.886693028,,80.74
34103,南区,Minami-ku,designated_city_ward,34100,False,True,False,overlapping_hierarchy,5510.393046,6263.101375,0.9923459415,48.63344878,10.17797744,7.276842358,4.65690477,2.194712115,13.78553548,304.5962199,63.74570447,45.57560137,29.16666667,1.374570447,8.634020619,0.003627954036,0.7633880176,,-2.26784861,,72.1
34104,西区,Nishi-ku,designated_city_ward,34100,False,True,False,overlapping_hierarchy,5342.094917,6470.47619,0.9399207284,46.36969595,11.33878632,6.570923924,3.448420876,1.682156525,7.622271752,300.0340136,73.36734694,42.5170068,22.31292517,1.088435374,4.931972789,0.005130388272,0.7726583052,,-2.460802925,,72.38
34105,安佐南区,Asaminami-ku,designated_city_ward,34100,False,True,False,overlapping_hierarchy,2110.740836,5156.993737,0.8506841551,28.25277305,5.627074731,4.663589993,2.032224111,1.943162497,6.962998947,145.6993737,29.01878914,24.05010438,10.48016701,1.002087683,3.590814196,0.01063004818,0.7531999059,,-5.846627991,,84.51
34106,安佐北区,Asakita-ku,designated_city_ward,34100,False,True,False,overlapping_hierarchy,393.3405032,1618.669928,0.6071061096,32.15593723,5.705898013,5.202224797,2.158599501,1.223206384,7.842911519,52.04984859,9.235965525,8.420684836,3.494060098,0.1979967389,1.269508502,0.02184577044,0.67330715,,-1.952539398,,102.51
34107,安芸区,Aki-ku,designated_city_ward,34100,False,True,False,overlapping_hierarchy,819.5471939,2874.832215,0.8076728532,24.00684798,4.785806,3.890899187,1.387754043,0.9078764769,6.355135338,69.01565996,13.75838926,11.18568233,3.98956003,0.2609992543,1.82699478,0.008221386351,0.6794196668,,-9.765053349,,95.11
34108,佐伯区,Saeki-ku,designated_city_ward,34100,False,True,False,overlapping_hierarchy,619.0968372,2887.709497,0.799581551,32.04287669,6.477361478,5.789500082,2.643967241,1.433044575,7.308527332,92.53051935,18.70473826,16.71839437,7.635009311,0.4138216429,2.110490379,0.009888332692,0.7412244898,,0.3151478688,,97.01
34202,呉市,Kure-shi,basic_municipality,,True,True,True,,608.2022504,1456.342043,0.6649921712,40.55137191,9.166231733,8.024530271,3.933045034,1.25820161,10.11221294,59.0566678,13.34916865,11.68646081,5.727858839,0.1832371904,1.472684086,0.02413851672,0.6755087972,0.05668452229,-8.556861888,3484833.572,92.04
34203,竹原市,Takehara-shi,basic_municipality,,True,True,True,,202.9349573,675.0984806,0.2535739591,49.72283583,11.92014338,10.79481515,4.709706998,1.66715292,9.586129288,33.56781092,8.047270681,7.287563309,3.179516038,0.1125492403,0.6471581317,0.04863051984,0.6444941308,0.04229045082,-4.255885091,3095991.448,109.12
34204,三原市,Mihara-shi,basic_municipality,,True,True,True,,192.091366,585.2103121,0.493358948,45.55441467,9.384695218,8.170205249,4.10718426,1.10408179,7.286939817,26.65891323,5.492020417,4.781288363,2.403566583,0.06461200491,0.4264392324,0.05284159328,0.6201921942,0.09119636911,-3.835773758,3234195.055,107.14
34205,尾道市,Onomichi-shi,basic_municipality,,True,True,True,,460.4394833,934.658686,0.3668598003,52.31379126,12.02256614,9.727834108,5.039262026,1.372265,9.30090722,48.8955394,11.23699587,9.092204646,4.709990024,0.1282599401,0.8693173721,0.04807427897,0.61687776,0.101797248,-5.680559511,3343589.161,107.8
34207,福山市,Fukuyama-shi,basic_municipality,,True,True,True,,890.3075021,1805.515296,0.5741240535,44.15637949,9.068622134,7.34167878,3.744603302,1.735621461,7.376391209,79.72501861,16.37353598,13.25551334,6.76093854,0.3133691096,1.331818716,0.01441972282,0.6431507495,0.06760411033,-6.450152518,3448231.676,106.33
34208,府中市,Fuchu-shi,basic_municipality,,True,True,True,,192.3627075,824.321366,0.4947018988,56.64586376,12.05683176,10.80865755,3.956977825,1.593413889,8.763776391,46.6943958,9.938704028,8.909807356,3.261821366,0.1313485114,0.7224168126,0.03163982763,0.5711045589,0.04597701149,-16.06608745,3069956.44,121.33
34209,三次市,Miyoshi-shi,basic_municipality,,True,True,True,,65.12760544,269.2789969,0.1734969713,54.49774077,12.47015647,11.34547464,4.814427497,1.381188216,10.26025532,14.67509697,3.357951225,3.055098029,1.296424207,0.03719249774,0.2762871261,0.1054151625,0.6344163658,0.07324783469,-3.527889112,3046971.628,113.35
34210,庄原市,Shobara-shi,basic_municipality,,True,True,True,,26.98216592,177.933552,,54.5297773,12.13094282,12.01201201,3.538191657,1.18930812,10.70377308,9.702676965,2.158501746,2.137339964,0.6295630092,0.02116178182,0.1904560364,0.1875331721,0.5931473728,0.05535543807,-7.115840759,2906517.393,123.44
34211,大竹市,Otake-shi,basic_municipality,,True,True,True,,334.5919146,1308.751865,0.8309966184,39.51517915,8.852919944,8.586952392,2.697670884,1.519814583,9.878794787,51.7155644,11.58627548,11.23818996,3.5305818,0.1989060169,1.29288911,0.02498517828,0.6198018125,0.01271294177,-3.392103499,3339336.158,102.03
34212,東広島市,Higashihiroshima-shi,basic_municipality,,True,True,True,,309.5457766,831.2883176,0.3431396484,35.67504883,6.876627604,6.17980957,2.639770508,1.932779948,6.713867188,29.65625132,5.716460192,5.137203501,2.194410384,0.1606697391,0.5581159359,0.03612321627,0.6290908314,0.1102101866,-1.948551943,3672716.634,94.52
34213,廿日市市,Hatsukaichi-shi,basic_municipality,,True,True,True,,233.2488917,1717.145435,0.7110087324,36.96145323,8.040429874,7.269669712,3.328282519,1.488968495,8.583465443,63.46819071,13.80658746,12.48308016,5.715145135,0.2556775455,1.473905851,0.02144830595,0.7155191217,0.01634354124,1.091372097,3438748.361,105.72
34214,安芸高田市,Akitakata-shi,basic_municipality,,True,True,True,,49.1863644,238.8081264,,46.88445251,9.225650333,9.150030248,2.684513007,0.7562008469,10.96491228,11.19638826,2.203160271,2.18510158,0.6410835214,0.01805869074,0.2618510158,0.1074236468,0.5548079831,0.07810901787,-4.185707154,2912734.98,140.16
34215,江田島市,Etajima-shi,basic_municipality,,True,True,True,,217.7323272,492.6982701,,46.96762426,11.03511172,10.67031464,3.921568627,0.9119927041,8.207934337,23.14086722,5.436980454,5.257245563,1.932150079,0.04493372276,0.4044035048,0.1231663174,0.6864164603,0.04964257347,-1.739971,3072580.645,114.9
34302,府中町,Fuchu-cho,basic_municipality,,True,True,True,,4914.024976,8626.475548,0.994878311,30.63239175,7.447952302,7.193822696,3.245039586,1.368390187,7.428403871,264.2495784,64.24957841,62.05733558,27.99325464,1.180438449,6.408094435,0.002818466913,0.7104918423,0,-10.60029957,3834937.264,78.98
34304,海田町,Kaita-cho,basic_municipality,,True,True,True,,2149.093546,4121.835883,0.9357538129,37.55567553,6.782291807,5.500067485,3.542988258,2.361992172,10.7976785,154.798331,27.95549374,22.67037552,14.60361613,0.9735744089,4.450625869,0.0051338976,0.6845428056,0,-1.622849724,3575807.222,76.8
34307,熊野町,Kumano-cho,basic_municipality,,True,True,True,,676.3625592,1842.937853,,31.00639397,6.262590873,6.218796531,1.926951038,1.313830253,6.131207848,57.14285714,11.54156578,11.46085553,3.551251009,0.2421307506,1.129943503,0.01548338369,0.6311367069,0.05924170616,5.580404686,3237486.262,109.31
34309,坂町,Saka-cho,basic_municipality,,True,True,True,,801.9120459,1600.763359,0.7362104594,35.76537911,9.298998569,7.073597202,2.622794468,2.384358608,7.947862025,57.2519084,14.88549618,11.32315522,4.198473282,0.3816793893,1.272264631,0.01712735289,0.7149397999,0,-14.24227876,3450969.426,
34368,安芸太田町,Akiota-cho,basic_municipality,,True,True,True,,16.78902571,142.2552664,,75.43554007,17.94425087,18.1184669,5.052264808,0,10.45296167,10.73110285,2.552664188,2.577447336,0.7187112763,0,0.1486988848,0.08954100828,0.6625282167,0.01754950423,-9.875163033,2902152.642,
34369,北広島町,Kitahiroshima-cho,basic_municipality,,True,True,True,,27.48839369,161.2619156,,61.98277318,10.80898497,10.97787536,3.659291786,0.5629679671,7.318583573,9.995460735,1.743077621,1.770313209,0.5901044031,0.009078529278,0.1180208806,0.1588014199,0.5216120276,0.05571030641,-1.592638471,3661877.667,143.91
34431,大崎上島町,Osakikamijima-cho,basic_municipality,,True,True,True,,166.0403619,258.4115523,,73.34450964,19.5585359,17.18357083,2.933780386,1.397038279,15.36742107,18.95306859,5.054151625,4.440433213,0.7581227437,0.03610108303,0.3971119134,0.1545050761,0.6135786802,0.1159823707,5.310517775,3045859.873,
34462,世羅町,Sera-cho,basic_municipality,,True,True,True,,54.37908967,176.508344,,56.79338843,12.03305785,12.49586777,4.099173554,1.32231405,5.289256198,10.02450694,2.123935115,2.205624927,0.7235383359,0.02333994632,0.09335978527,0.2468362361,0.5400325774,0.1150499748,-14.11942971,2920497.106,132.2
34545,神石高原町,Jinsekikogen-cho,basic_municipality,,True,True,True,,21.59798942,115.8219851,,59.27272727,13.21212121,12.72727273,2.666666667,0,4.848484848,6.865084936,1.530254106,1.474097992,0.308858627,0,0.056156114,0.2429326592,0.5166628361,0.04712288601,-9.10023071,2774643.1,
35201,下関市,Shimonoseki-shi,basic_municipality,,True,True,True,,356.1269513,1050.370645,0.65723718,43.78340018,10.22932668,8.955071731,4.120744479,1.33306672,10.66453376,45.98879829,10.74458447,9.406144469,4.328309035,0.140021415,1.12017132,0.03914100009,0.7025115825,0.1019296825,-5.196736532,3279982.054,95.45
35202,宇部市,Ube-shi,basic_municipality,,True,True,True,,567.1376243,1187.682642,0.5469889894,38.32810482,8.882327613,7.565971581,3.616903488,1.291751246,9.472842468,45.52162478,10.54938632,8.985973115,4.295733489,0.1534190532,1.125073057,0.01960628039,0.6891687256,0.08023722309,-4.263669952,3625809.864,95.94
35203,山口市,Yamaguchi-shi,basic_municipality,,True,True,True,,189.562464,777.8553096,0.5103317076,41.88878463,9.573842838,7.795180599,3.340791685,1.959106235,8.712867204,32.58341354,7.447064485,6.063522618,2.598652551,0.1523901187,0.6777350016,0.04315070724,0.775692311,0.08502487222,-1.161402716,3431734.142,97.4
35204,萩市,Hagi-shi,basic_municipality,,True,True,True,,63.90571523,339.3354118,0.3924617936,60.39080357,14.09492224,12.81763994,5.579706897,0.6722538431,10.75606149,20.49273819,4.782906243,4.349479127,1.893392137,0.02281195346,0.3649912554,0.1212302592,0.684101478,0.06014520772,-7.517352355,2936012.439,114.56
35206,防府市,Hofu-shi,basic_municipality,,True,True,True,,601.8851983,1240.385243,0.6513568289,36.43653655,8.554207354,7.211854815,2.886496635,1.403767361,7.545249564,45.19534226,10.61051257,8.945478289,3.580367831,0.1741212319,0.9359016215,0.02440957947,0.641599528,0.1056133495,2.695679842,3315528.528,102.96
35207,下松市,Kudamatsu-shi,basic_municipality,,True,True,True,,625.5540631,1569.859551,0.6623186072,36.75273319,9.376062412,8.266680981,2.272442607,1.789324888,8.588759461,57.69662921,14.71910112,12.97752809,3.56741573,0.2808988764,1.348314607,0.01520381328,0.637204142,0.03357958361,0.7062520967,3698889.844,98.02
35208,岩国市,Iwakuni-shi,basic_municipality,,True,True,True,,147.7960786,797.7080373,0.4816727977,39.96127783,8.487899322,7.721200387,2.718296225,1.858664085,9.525653437,31.87743251,6.770865509,6.159263607,2.168406746,0.1482671279,0.7598690307,0.02921117853,0.6700965729,0.02975952018,-6.478389313,3353055.304,104.79
35210,光市,Hikari-shi,basic_municipality,,True,True,True,,540.5188321,1151.665125,0.5032531427,34.2182417,7.691071931,7.229205992,2.731033375,1.204867665,7.630828547,39.4079556,8.857539315,8.325624422,3.145235893,0.138760407,0.8788159112,0.02478620753,0.6317281749,0.08683382177,-4.16536499,3549024.297,106.07
35211,長門市,Nagato-shi,basic_municipality,,True,True,True,,91.01060704,366.9073677,,47.97195486,11.99298871,10.48617731,4.581936714,0.9225375934,7.687813278,17.60126368,4.40031592,3.847455715,1.681146339,0.033848584,0.2820715333,0.1162036743,0.6600978959,0.08396070639,-3.542225312,3029632.068,120.9
35212,柳井市,Yanai-shi,basic_municipality,,True,True,True,,219.9143163,525.7596449,0.3264067015,59.48245073,13.76668074,12.33806292,6.656060262,1.948115199,12.01337706,31.27347217,7.237965176,6.486855582,3.49948788,0.1024240355,0.6316148856,0.05702976103,0.700337194,0.1213852196,0.03420791571,3227131.978,111.23
35213,美祢市,Mine-shi,basic_municipality,,True,True,True,,49.18542654,207.2479273,,46.37157483,10.7970921,10.15184755,2.83907601,0.8603260636,7.742934572,9.610412766,2.237674958,2.103949363,0.5883926183,0.01783007934,0.1604707141,0.1124558304,0.6131625442,0.07616790792,-6.357248697,2898345.422,132.17
35215,周南市,Shunan-shi,basic_municipality,,True,True,True,,209.571988,943.088316,0.6250908827,45.97208085,9.684455431,7.830449324,4.362367311,1.236004072,9.160971354,43.35573231,9.133296764,7.384805266,4.114097641,0.1165660998,0.8639605047,0.02505918542,0.635031324,0.03961663289,-2.619996586,3647952.444,99.35
35216,山陽小野田市,Sanyoonoda-shi,basic_municipality,,True,True,True,,453.2722218,847.8706957,0.2668832676,36.40221463,8.205417233,8.023074628,2.867751881,1.160362033,9.945960282,30.86437105,6.957132818,6.802529866,2.431482783,0.09838369642,0.8432888264,0.02929715688,0.6394862173,0.09767826283,-0.9002734793,3223887.606,103.28
35305,周防大島町,Suooshima-cho,basic_municipality,,True,True,True,,107.1542361,219.2946058,,48.58764698,13.17745641,12.90714961,2.97337478,0,9.460737938,10.65500889,2.88974511,2.830468287,0.6520450504,0,0.2074688797,0.2079907925,0.6239723775,0.1158580739,3.619708946,3453912.236,
35321,和木町,Waki-cho,basic_municipality,,True,True,True,,570.3213611,1352.914798,,29.33377527,3.646005966,3.148823334,1.657275439,0,9.943652635,39.68609865,4.932735426,4.260089686,2.242152466,0,1.34529148,0.007443245255,0.6200223297,0,-74.62686567,3341028.757,
35341,上関町,Kaminoseki-cho,basic_municipality,,True,True,True,,67.51225137,187.6602564,,87.95900939,20.92228864,20.06831768,2.561912895,0,34.1588386,16.50641026,3.926282051,3.766025641,0.4807692308,0,0.641025641,0.1442215855,0.6628462273,0.02882675123,-9.589041096,3110077.519,
35343,田布施町,Tabuse-cho,basic_municipality,,True,True,True,,287.2471242,590.419894,,33.00421183,6.904646827,6.214182145,2.00234758,1.380929365,4.142788096,19.48634325,4.076640848,3.668976763,1.182225846,0.08153281696,0.2445984509,0.04303947759,0.6277827248,0.1586671956,-9.833962802,3257665.678,
35344,平生町,Hirao-cho,basic_municipality,,True,True,True,,344.9334105,641.9181034,,37.93855968,9.148900453,7.722007722,2.43411113,1.678697331,6.714789323,24.35344828,5.872844828,4.956896552,1.5625,0.1077586207,0.4310344828,0.04367323065,0.6708910119,0.1158077591,-4.000744325,3008068.131,
35502,阿武町,Abu-cho,basic_municipality,,True,True,True,,26.34756361,168.6913308,,46.4811784,8.83797054,8.510638298,2.291325696,3.273322422,9.819967267,7.840971839,1.490889012,1.4356709,0.3865267808,0.05521811154,0.1656543346,0.2527978934,0.5562870309,0.05174644243,-3.735144312,2589232.303,
36201,徳島市,Tokushima-shi,basic_municipality,,True,True,True,,1317.831036,1788.992061,0.7061503778,54.19369153,10.87994421,8.835497304,6.073909133,0.8716634111,10.9354137,96.95208392,19.46413382,15.80663453,10.86617522,0.1559398923,1.95633683,0.03402604941,0.7466734678,0.156641604,-1.93603725,3797272.625,92.49
36202,鳴門市,Naruto-shi,basic_municipality,,True,True,True,,402.6389503,844.4959802,0.3493647248,45.34802827,9.538281279,9.043974955,3.936142946,1.098458497,8.787667973,38.29622758,8.055040198,7.637600495,3.324056895,0.09276437848,0.7421150278,0.09657345726,0.6466552316,0.1326846528,-5.597295267,3699235.882,111.86
36203,小松島市,Komatsushima-shi,basic_municipality,,True,True,True,,796.7599736,931.6752577,0.4064842734,43.01640433,10.18008797,9.405516059,3.540900163,1.383164126,7.192453457,40.07731959,9.484536082,8.762886598,3.298969072,0.1288659794,0.6701030928,0.07863878143,0.6621131528,0.3306149438,-11.5593573,3167165.601,112.59
36204,阿南市,Anan-shi,basic_municipality,,True,True,True,,248.7735004,535.7859016,0.0738160357,40.37714121,8.867136894,8.291348784,2.835756442,0.863682165,8.348927595,21.63350301,4.750886935,4.442387783,1.519358322,0.04627487274,0.4473237699,0.08755264241,0.6056173015,0.1611459266,-5.210019722,3478529.751,128.08
36205,吉野川市,Yoshinogawa-shi,basic_municipality,,True,True,True,,268.9884834,629.211295,0.1582069535,44.46507789,9.749303621,9.0787166,3.971938512,1.805426597,12.38006809,27.97792924,6.134371957,5.712431029,2.499188575,0.1135994807,0.7789678676,0.06045325451,0.6617979482,0.1110031913,-5.564726556,2956025.399,127.56
36206,阿波市,Awa-shi,basic_municipality,,True,True,True,,181.6388467,382.8498952,,35.86552588,7.02906692,6.424106243,2.333419756,0.5761530262,8.066142367,13.73111283,2.691077534,2.459468402,0.8933495092,0.02205801257,0.308812176,0.1793907028,0.5532224785,0.1831405997,-10.00351,2970664.98,144.11
36207,美馬市,Mima-shi,basic_municipality,,True,True,True,,76.41499156,365.2043739,,43.20085546,10.62199251,9.62395295,3.243628587,1.425770807,10.33683835,15.77714137,3.879198125,3.514709711,1.184587347,0.0520697735,0.3775058578,0.0807814992,0.5902711324,0.0517513755,-4.94974109,2964741.757,136.75
36208,三好市,Miyoshi-shi,basic_municipality,,True,True,True,,32.72019073,269.8331047,,59.22474052,13.514086,13.514086,4.024571065,0.847278119,11.01461555,15.98079561,3.646547782,3.646547782,1.085962506,0.02286236854,0.297210791,0.05910861922,0.6619785232,0.01940617116,-7.874015748,2895916.452,118.06
36301,勝浦町,Katsuura-cho,basic_municipality,,True,True,True,,69.26822283,214.1212926,,54.7860244,13.43808146,11.78416374,2.067397147,0,2.067397147,11.73085436,2.877379371,2.523240372,0.4426737494,0,0.04426737494,0.2640449438,0.5078651685,0.08592295575,-5.90809628,2938541.068,
36302,上勝町,Kamikatsu-cho,basic_municipality,,True,True,True,,12.58779531,108.490566,,71.01449275,13.04347826,12.31884058,3.623188406,0,28.98550725,7.704402516,1.41509434,1.336477987,0.393081761,0,0.3144654088,0.3678678679,0.484984985,0.009121590805,-14.21091997,2708715.596,
36321,佐那河内村,Sanagouchi-son,basic_municipality,,True,True,True,,48.67549669,156.0272934,,44.21768707,9.718172983,8.260447036,2.429543246,0,9.718172983,6.899166035,1.516300227,1.288855193,0.3790750569,0,0.1516300227,0.3977272727,0.4188311688,0.07095553453,0,2797350.993,
36341,石井町,Ishii-cho,basic_municipality,,True,True,True,,860.762565,965.8887592,,48.20198929,9.261869287,9.060524302,3.181250755,1.610759876,8.859179318,46.55775963,8.945935434,8.751458576,3.072734345,0.1555814858,0.8556981719,0.08636965152,0.6895456551,0.4159445407,-1.221150324,3269983.12,121.58
36342,神山町,Kamiyama-cho,basic_municipality,,True,True,True,,26.81477207,189.0561432,,58.10200129,13.34194104,12.91155584,3.012696363,0,10.75962987,10.98454028,2.522375915,2.44100895,0.5695687551,0,0.2034174125,0.3024369017,0.5200174064,0.02885170225,5.991868179,2705642.42,
36368,那賀町,Naka-cho,basic_municipality,,True,True,True,,10.60030504,195.7226355,,55.7893308,13.70978689,12.48812271,4.072213927,0,13.57404642,10.91923486,2.683315622,2.444208289,0.7970244421,0,0.265674814,0.1802562609,0.5238788585,0.01007223229,-9.773371105,3022283.034,
36383,牟岐町,Mugi-cho,basic_municipality,,True,True,True,,66.10738255,486.7360208,,65.45551697,17.3657494,16.2970879,4.274646006,0,18.70157628,31.85955787,8.452535761,7.932379714,2.080624187,0,0.9102730819,0.1401468788,0.6652386781,0.03532320735,-14.01869159,2813856.427,
36387,美波町,Minami-cho,basic_municipality,,True,True,True,,44.20918005,388.6321049,,54.00192864,12.85760206,12.85760206,3.696560591,0,12.85760206,20.9868832,4.996876952,4.996876952,1.436602124,0,0.4996876952,0.1491966335,0.6419280796,0.02842120222,-10.15583961,2822881.762,
36388,海陽町,Kaiyo-cho,basic_municipality,,True,True,True,,25.50737022,289.6049896,,58.26752812,15.79325197,14.35750179,5.862646566,1.196458483,7.178750897,16.87456687,4.573804574,4.158004158,1.697851698,0.03465003465,0.2079002079,0.1539040924,0.6005523475,0.02441480758,-4.756677644,2789547.038,
36401,松茂町,Matsushige-cho,basic_municipality,,True,True,True,,1016.945607,1019.79021,,39.56661867,8.503051498,7.063018583,3.497222794,1.371459919,6.857299595,40.34965035,8.671328671,7.202797203,3.566433566,0.1398601399,0.6993006993,0.07452986726,0.6522400442,0.2092050209,-6.269155754,3372929.84,
36402,北島町,Kitajima-cho,basic_municipality,,True,True,True,,2602.402746,2602.402746,0.5860189053,40.88810728,9.012969883,8.79314135,3.033633766,2.198285337,9.672455485,106.4073227,23.45537757,22.88329519,7.894736842,0.5720823799,2.517162471,0.02444049068,0.6802135031,0.2288329519,0.63339245,3545108.126,108.94
36403,藍住町,Aizumi-cho,basic_municipality,,True,True,True,,2166.318377,2166.318377,0.151705158,36.48640981,8.511604154,8.426488112,3.489757703,1.986040969,8.795324292,79.04118009,18.4388445,18.25445605,7.559926245,0.430239705,1.905347265,0.04318574998,0.6811687063,0.307314075,-0.7361268403,3355791.117,106.38
36404,板野町,Itano-cho,basic_municipality,,True,True,True,,360.0773054,664.3912379,,36.19076829,6.747431376,6.517405306,2.300260696,1.533507131,8.434289219,24.04482934,4.482934284,4.330106979,1.528273051,0.1018848701,0.5603667855,0.1022280472,0.6462975098,0.1932633904,1.482984702,3088351.823,
36405,上板町,Kamiita-cho,basic_municipality,,True,True,True,,329.2076345,507.5345519,,33.4680253,7.730147576,6.50035137,1.054111033,1.756851722,7.027406887,16.98617922,3.923316986,3.29915292,0.5349977708,0.08916629514,0.3566651806,0.1160402945,0.601898489,0.2602660497,-1.97486535,3039016.316,
36468,つるぎ町,Tsurugi-cho,basic_municipality,,True,True,True,,39.59659208,261.1712932,,46.92158134,12.31367466,11.14711601,2.462734932,1.29617628,7.77705768,12.25457007,3.215978334,2.911306703,0.6431956669,0.03385240352,0.2031144211,0.07923582837,0.6244910742,0.03079449805,-6.087662338,2870300.752,
36489,東みよし町,Higashimiyoshi-cho,basic_municipality,,True,True,True,,111.2181581,532.942097,,45.29437674,10.64454559,9.5433857,4.331228894,0.7341065923,6.60695933,24.13928013,5.672926448,5.086071987,2.30829421,0.03912363067,0.3521126761,0.0804682869,0.6495257854,0.06531678641,-2.347595608,2916877.028,
37201,高松市,Takamatsu-shi,basic_municipality,,True,True,True,,1111.721787,1789.524218,0.5114995114,51.3298331,11.09471708,8.052771763,4.926993313,2.107804626,9.892310345,91.85597943,19.85426489,14.41063009,8.816973853,0.3771967424,1.770252893,0.02313634007,0.7567340591,0.1491186025,-1.494038213,3656246.542,95.86
37202,丸亀市,Marugame-shi,basic_municipality,,True,True,True,,979.2810516,1339.772449,0.3431738698,37.90417576,8.565193173,7.359856821,4.109101203,1.826267201,8.126889045,50.78297039,11.47540984,9.860533399,5.505260582,0.2446782481,1.088818204,0.03740343686,0.6448052972,0.2324957525,0.9115276662,3304653.955,112.35
37203,坂出市,Sakaide-shi,basic_municipality,,True,True,True,,547.345659,764.2512077,0.4329764539,52.46523388,10.3903287,8.533501896,3.101295828,1.580278129,9.876738306,40.09661836,7.940821256,6.52173913,2.370169082,0.1207729469,0.7548309179,0.04897278789,0.6595783024,0.1513677154,-6.616238023,3330105.435,116.05
37204,善通寺市,Zentsuji-shi,basic_municipality,,True,True,True,,792.1612822,1024.983798,0.2723593943,43.72293004,9.29467927,8.188169833,4.868641523,1.89687332,10.74894882,44.81529488,9.526895658,8.392741413,4.990278678,0.194426442,1.101749838,0.05075001652,0.6977466464,0.3005259204,-4.951323141,3072101,114.25
37205,観音寺市,Kanonji-shi,basic_municipality,,True,True,True,,487.4649919,777.2395129,0.1445384589,48.15627285,11.82144225,10.01079425,3.690936314,1.392806156,8.182736168,37.42895805,9.188092016,7.780784844,2.868741543,0.1082543978,0.6359945873,0.09302155377,0.5441504739,0.2376304846,-3.956636681,3156404.728,124.34
37206,さぬき市,Sanuki-shi,basic_municipality,,True,True,True,,296.305869,617.242285,0.1193966343,39.27408889,8.531370338,7.85056273,3.021083761,1.063761888,9.148352233,24.24162837,5.265922521,4.845699278,1.864740643,0.06565988181,0.5646749836,0.0702539017,0.6511530398,0.1449914896,-5.208803103,3004948.125,111.03
37207,東かがわ市,Higashikagawa-shi,basic_municipality,,True,True,True,,184.9993458,574.659622,,45.22790763,9.370911277,8.486863043,3.642278723,0.3536192935,7.072385869,25.99065231,5.385084332,4.877057509,2.093070514,0.02032107295,0.4064214591,0.08550242131,0.5529661017,0.09812900693,-2.266661792,3598003.881,133.85
37208,三豊市,Mitoyo-shi,basic_municipality,,True,True,True,,277.7593175,428.3429125,,43.66522786,9.861454645,8.956140776,3.02310167,1.293305527,6.628190827,18.70369088,4.224084205,3.836299425,1.294924174,0.05539782564,0.2839138564,0.1011363636,0.5515708556,0.202065559,-4.96031746,3121280.223,135.62
37322,土庄町,Tonosho-cho,basic_municipality,,True,True,True,,172.7077171,463.2527948,,65.0786237,15.41335824,14.01214386,5.994083761,1.556904873,7.784524366,30.14785431,7.140281284,6.491164803,2.776776055,0.07212405337,0.3606202669,0.06511552755,0.6739376313,0.08066684593,-10.0129199,2930278.104,
37324,小豆島町,Shodoshima-cho,basic_municipality,,True,True,True,,145.0988597,525.5778704,,62.58111031,12.8334535,11.39149243,5.335255948,1.441961067,5.767844268,32.89124668,6.744979159,5.987116332,2.804092459,0.07578628268,0.3031451307,0.05898039216,0.6285490196,0.03138403599,-5.054759899,2923961.424,
37341,三木町,Miki-cho,basic_municipality,,True,True,True,,354.6846134,696.1408961,,35.94017412,7.068978347,5.841208423,2.529950145,0.7441029839,6.696926855,25.01942502,4.921004921,4.066304066,1.761201761,0.0518000518,0.4662004662,0.06369820656,0.6801948052,0.1847453154,0.2604457343,3176552.809,122.48
37364,直島町,Naoshima-cho,basic_municipality,,True,True,True,,218.2137834,691.091314,,68.64324847,8.378988076,9.02352562,9.02352562,0,12.89075089,47.43875278,5.79064588,6.236080178,6.236080178,0,0.8908685969,0.05071119357,0.5361781076,0,-10.35911602,3761024.182,
37386,宇多津町,Utazu-cho,basic_municipality,,True,True,True,,2308.518519,2593.481276,0.6643670785,41.49954543,9.786619605,8.610086101,4.331782448,3.743515696,6.417455479,107.628294,25.3814147,22.33009709,11.23439667,0.9708737864,1.664355062,0.01054166199,0.6641247056,0.1234567901,-8.740781207,3596974.985,79.66
37387,綾川町,Ayagawa-cho,basic_municipality,,True,True,True,,206.7699317,387.7819549,,40.54113603,10.13528401,9.650553034,2.952452298,0.8813290442,8.37262592,15.72112098,3.930280246,3.742310321,1.144907724,0.03417634997,0.3246753247,0.09119352167,0.6507775835,0.1822323462,-2.27014756,3002726.722,137.74
37403,琴平町,Kotohira-cho,basic_municipality,,True,True,True,,999.7638725,1327.272727,,69.91025035,22.55550307,21.96504487,6.022673595,1.180916391,11.80916391,92.78996865,29.93730408,29.15360502,7.993730408,0.1567398119,1.567398119,0.04843787842,0.6790990555,0.3541912633,-5.651105651,3015943.313,
37404,多度津町,Tadotsu-cho,basic_municipality,,True,True,True,,920.2542025,1186.938128,0.3069725997,37.38026286,7.173089775,6.014702606,3.341501448,0.4455335264,7.574069949,44.36805923,8.514013749,7.139079852,3.966155473,0.05288207298,0.8989952406,0.03749534797,0.569408262,0.20500205,-14.07417595,3100104.712,121.03
37406,まんのう町,Manno-cho,basic_municipality,,True,True,True,,89.48830033,284.9819849,,41.43440032,8.56272628,7.815642779,2.873398081,1.149359232,8.620194242,11.80805765,2.440222732,2.227317393,0.8188666885,0.03275466754,0.2456600066,0.1170599977,0.5821298579,0.1079969144,0.4089740594,2976360.011,154.22
38201,松山市,Matsuyama-shi,basic_municipality,,True,True,True,,1190.618377,2121.656844,0.8363589415,40.47989796,8.110455563,6.672639634,3.95350475,1.897525783,9.546315279,85.88445256,17.20760355,14.15705155,8.38798041,0.4025898564,2.025400515,0.02741096345,0.7694562215,0.1234424129,-1.288592334,3528237.776,88.01
38202,今治市,Imabari-shi,basic_municipality,,True,True,True,,361.8043463,772.9297253,0.3928609104,50.37185506,10.95126325,9.441426236,5.030592331,1.186771454,7.450287462,38.93390409,8.464556898,7.297558987,3.888294348,0.09172909341,0.5758548642,0.05185513124,0.6165205221,0.1049593283,-5.314755386,3379248.844,113.15
38203,宇和島市,Uwajima-shi,basic_municipality,,True,True,True,,151.2528036,518.7472527,0.4221638492,57.98697906,14.77213349,11.91938878,5.338304453,1.129799884,10.59187391,30.08058608,7.663003663,6.183150183,2.769230769,0.05860805861,0.5494505495,0.1788742558,0.6646521138,0.09825910499,-7.554381093,3320678.329,109.16
38204,八幡浜市,Yawatahama-shi,basic_municipality,,True,True,True,,241.138334,513.434992,0.3434207647,56.83558946,14.91230813,12.22371588,4.408040767,0.9378810142,13.1303342,29.18138042,7.656500803,6.276083467,2.263242376,0.0481540931,0.6741573034,0.212229527,0.5896470288,0.2186204297,-6.829008295,3157872.591,112.43
38205,新居浜市,Niihama-shi,basic_municipality,,True,True,True,,494.4683755,1824.358773,0.7270265142,42.92811675,8.858182822,7.831772154,4.597284756,1.552553951,6.986492781,78.31628639,16.16050354,14.28796223,8.387096774,0.2832415421,1.274586939,0.01220703125,0.6352726863,0.03838444151,-4.027536283,3463271.403,99.89
38206,西条市,Saijo-shi,basic_municipality,,True,True,True,,205.4564348,658.3176278,0.244381674,42.66587779,8.798465517,7.796471071,3.759864874,1.622276722,7.920527526,28.08769946,5.792184948,5.132554341,2.475185325,0.1067973363,0.5214222892,0.06926011608,0.595762815,0.1097953102,-3.510196977,3217559.67,110.75
38207,大洲市,Ozu-shi,basic_municipality,,True,True,True,,93.89752846,346.8838164,0.125150955,52.24892175,13.35797905,12.00246457,4.904497843,1.23228589,12.81577326,18.12430538,4.633666752,4.163460716,1.701290929,0.04274600325,0.4445584338,0.1107072386,0.648042372,0.0647968157,-8.24795082,2928294.574,106.49
38210,伊予市,Iyo-shi,basic_municipality,,True,True,True,,180.6788377,441.5357547,0.4228787749,40.61708365,9.905217317,8.595906982,2.419377793,1.423163408,8.254347764,17.93389468,4.373507603,3.795400276,1.0682418,0.06283775292,0.3644589669,0.1188231934,0.6042844901,0.1285677552,0.5117561766,3038217.952,116.78
38213,四国中央市,Shikokuchuo-shi,basic_municipality,,True,True,True,,196.4533283,911.4880493,0.3941803417,46.46301085,9.534282331,7.927109264,3.431858279,1.450080963,6.404524253,42.35047913,8.690384404,7.22546536,3.128097808,0.1321731468,0.5837647318,0.0350962523,0.5524011878,0.04035704112,-8.448094856,3283254.53,98.8
38214,西予市,Seiyo-shi,basic_municipality,,True,True,True,,68.80273749,302.5132501,,53.57748389,13.50740364,12.26404431,3.645303493,0.2825816661,11.30326664,16.20789879,4.086168576,3.710035904,1.102752607,0.008548469824,0.341938793,0.1865591398,0.6054958184,0.08360228643,-5.723436434,2965583.333,110.16
38215,東温市,Toon-shi,basic_municipality,,True,True,True,,160.4495977,675.0896057,0.3310031561,34.86417131,7.757425597,7.108515471,2.625136419,1.179836593,8.848774445,23.53643967,5.236957387,4.798884906,1.77220231,0.07964954202,0.5973715651,0.0663683818,0.7355828983,0.06625650734,-15.56479262,3429448.323,100.84
38356,上島町,Kamijima-cho,basic_municipality,,True,True,True,,214.2527979,417.5112251,,49.93086496,11.06160701,9.67890613,2.45813489,0,9.218005838,20.8466966,4.618345093,4.041051956,1.02629891,0,0.3848620911,0.09064539521,0.5645395214,0.06583278473,-3.451109285,3232937.685,
38386,久万高原町,Kumakogen-cho,basic_municipality,,True,True,True,,12.68481557,118.5968284,,57.26634252,14.1815235,13.10102647,3.376553214,0,14.85683414,6.791606599,1.68188371,1.553740189,0.4004485023,0,0.176197341,0.2680412371,0.5841924399,0.01884562011,-8.999854841,3002651.348,
38401,松前町,Masaki-cho,basic_municipality,,True,True,True,,1451.739343,1451.739343,0.4469456632,38.84576443,9.75362808,9.281133986,2.564967938,1.687478907,9.112386095,56.39392455,14.15972562,13.47378736,3.72366487,0.244977952,1.322880941,0.04871758132,0.6831207909,0.3919647232,1.755257493,3174652.749,118.77
38402,砥部町,Tobe-cho,basic_municipality,,True,True,True,,201.5946451,681.0774859,0.2876464844,37.890625,8.740234375,8.0078125,1.953125,0.9765625,7.8125,25.80645161,5.952776854,5.453940805,1.330229465,0.06651147323,0.5320917858,0.08883711507,0.6682536467,0.07874790826,-0.9410599307,2963385.278,105.14
38422,内子町,Uchiko-cho,basic_municipality,,True,True,True,,51.17055739,222.5740848,,50.18927033,13.96684506,12.98786059,3.654875343,0.6526563112,9.137188357,11.17083091,3.108657757,2.890761185,0.8134805346,0.01452643812,0.2033701336,0.1977744057,0.5642387456,0.05677453829,-7.410932826,2945046.587,127.55
38442,伊方町,Ikata-cho,basic_municipality,,True,True,True,,89.49163381,181.2823834,,48.82696201,11.55174467,11.07538407,1.786352269,0,11.90901512,8.851468048,2.094127807,2.007772021,0.3238341969,0,0.2158894646,0.3087914749,0.5250666021,0.1598635831,-11.97836167,2899576.76,
38484,松野町,Matsuno-cho,basic_municipality,,True,True,True,,37.31843575,222.9368932,,39.1943386,8.437670114,8.709853021,1.360914535,0,16.33097441,8.737864078,1.881067961,1.941747573,0.3033980583,0,0.3640776699,0.1542991755,0.6607773852,0.05078720163,-56.54420207,2637606.838,
38488,鬼北町,Kihoku-cho,basic_municipality,,True,True,True,,40.02811311,268.9444444,,48.54368932,13.22040901,12.49741789,2.89196447,0,12.39413344,13.05555556,3.555555556,3.361111111,0.7777777778,0,0.3333333333,0.1388826565,0.6434821629,0.04547709608,0.5489679403,2834945.586,
38506,愛南町,Ainan-cho,basic_municipality,,True,True,True,,82.01598393,347.4122652,,54.38498036,13.16259375,11.63205959,5.407887353,0.5101780521,9.693382991,18.89400922,4.572846508,4.04112017,1.878766395,0.01772421127,0.3367600142,0.2003567845,0.6295016167,0.05439558141,-5.599526194,3120943.05,113.29
39201,高知市,Kochi-shi,basic_municipality,,True,True,True,,1056.779935,2394.551588,0.8146656663,47.95969928,10.56515947,8.641994212,5.842992543,1.959913641,7.747783613,114.841974,25.29881939,20.69370096,13.99134707,0.4693114321,1.855246755,0.0278818587,0.7817565074,0.07766990291,-5.476766978,3386690.814,86.94
39202,室戸市,Muroto-shi,basic_municipality,,True,True,True,,47.30481025,367.2818267,,54.07937319,15.24442173,13.71146312,6.557656277,0.8516436723,5.961505706,19.86237097,5.598999062,5.035971223,2.408507976,0.03127932437,0.2189552706,0.213336103,0.6152887412,0.02820078962,-13.74966735,2706172.84,104.4
39203,安芸市,Aki-shi,basic_municipality,,True,True,True,,51.21389835,450.8187621,,51.09893493,13.79055593,12.92864619,5.663978329,1.231299637,9.234747276,23.03635859,6.217041354,5.82847627,2.553427699,0.05550929781,0.4163197336,0.2751202227,0.5703619337,0.02837684449,-5.207328833,2780993.729,95.65
39204,南国市,Nankoku-shi,basic_municipality,,True,True,True,,372.4181963,719.4572926,0.2777515858,42.66672381,10.56488942,8.464769415,3.47162695,1.285787759,6.428938797,30.6968856,7.600986741,6.090040086,2.497687327,0.09250693802,0.4625346901,0.1043999813,0.6942036456,0.1915403033,4.567302464,3112203.732,103.11
39205,土佐市,Tosa-shi,basic_municipality,,True,True,True,,281.2240437,604.463237,0.2408285403,37.15218405,10.53163376,9.365770247,3.497590549,1.554484688,6.217938753,22.45712943,6.365985436,5.661263801,2.114164905,0.09396288466,0.3758515386,0.1695455753,0.6299937993,0.1530054645,-6.433751852,2873618.312,118.97
39206,須崎市,Susaki-shi,basic_municipality,,True,True,True,,152.2928994,619.4344164,,48.56726566,13.79310345,12.14181642,5.14813016,0.4856726566,4.856726566,30.08423586,8.543922984,7.521058965,3.188929001,0.03008423586,0.3008423586,0.1920289855,0.6179667519,0.05177514793,-14.12677878,3012349.03,105.65
39208,宿毛市,Sukumo-shi,basic_municipality,,True,True,True,,66.50941748,431.6851894,,61.0518573,14.97399254,13.29270215,7.93358903,0.525403247,6.830242211,26.35518258,6.464050805,5.738262645,3.424812883,0.02268088002,0.2948514402,0.1376679985,0.6580699843,0.03843869029,-11.09057301,3055121.466,111.06
39209,土佐清水市,Tosashimizu-shi,basic_municipality,,True,True,True,,46.56967783,321.099015,,60.05812076,13.48078786,13.80368098,7.668711656,1.614465612,5.650629642,19.28460342,4.328667703,4.432348367,2.462415759,0.05184033178,0.1814411612,0.1474926254,0.6666666667,0.01879628585,-7.160728151,2821256.039,100.57
39210,四万十市,Shimanto-shi,basic_municipality,,True,True,True,,51.704833,325.3134328,0.3132073163,62.73322322,15.81329908,14.06985991,9.359515507,1.223466079,7.952529516,20.4079602,5.144278607,4.577114428,3.044776119,0.03980099502,0.2587064677,0.09313556399,0.7272162815,0.03321103239,-4.041496945,2982907.966,102.06
39211,香南市,Konan-shi,basic_municipality,,True,True,True,,254.6813222,602.901535,,34.49560655,8.88005713,7.544943646,4.129537057,0.6209830161,7.762287701,20.79745414,5.353800075,4.548858106,2.489704231,0.03743916136,0.467989517,0.1571382114,0.6548943089,0.142337498,-1.442381464,2957341.554,107.6
39212,香美市,Kami-shi,basic_municipality,,True,True,True,,49.29349645,446.1965668,0.4178704786,37.64191152,8.901293705,7.807490665,3.469995851,1.508693848,7.920642704,16.79569169,3.971726691,3.48367553,1.548300236,0.06731740155,0.3534163581,0.1604668738,0.6449743891,0.03160673781,0.7702598614,2968955.287,100.51
39301,東洋町,Toyo-cho,basic_municipality,,True,True,True,,29.64063767,211.5718419,,56.51777575,13.21786691,14.12944394,2.734731085,0,9.115770283,11.95756991,2.796528447,2.989392478,0.5785920926,0,0.1928640309,0.247108307,0.5583596215,0.0270197244,4.37105391,2870109.546,
39302,奈半利町,Nahari-cho,basic_municipality,,True,True,True,,106.9439549,423.1520223,,62.62359921,17.4686882,15.82069875,11.86552406,6.591957811,13.18391562,26.49930265,7.391910739,6.694560669,5.020920502,0.2789400279,0.5578800558,0.1686567164,0.6567164179,0.03524850194,-1.049685094,2723290.598,
39303,田野町,Tano-cho,basic_municipality,,True,True,True,,382.5421133,707.6487252,,57.64611689,18.01441153,13.61088871,3.602882306,0,4.003202562,40.79320113,12.74787535,9.631728045,2.549575071,0,0.283286119,0.1768982229,0.6397415186,0.1531393568,-5.787515502,2994742.376,
39304,安田町,Yasuda-cho,basic_municipality,,True,True,True,,45.26355997,239.635996,,40.50632911,8.438818565,8.016877637,3.797468354,0,4.219409283,9.70677452,2.022244692,1.921132457,0.9100101112,0,0.1011122346,0.3634894992,0.5121163166,0.05729564553,-9.255178493,2663414.634,
39305,北川村,Kitagawa-mura,basic_municipality,,True,True,True,,5.825242718,85.26785714,,37.52181501,8.72600349,8.72600349,2.617801047,0,0,3.199404762,0.744047619,0.744047619,0.2232142857,0,0,0.3165584416,0.4561688312,0.01016621766,-10.19541206,2778723.404,
39306,馬路村,Umaji-mura,basic_municipality,,True,True,True,,4.502054629,78.58649789,,63.08724832,13.42281879,13.42281879,2.684563758,0,26.84563758,4.957805907,1.054852321,1.054852321,0.2109704641,0,0.2109704641,0.3052837573,0.4833659491,0.006043026348,-23.62204724,2971576.227,
39307,芸西村,Geisei-mura,basic_municipality,,True,True,True,,93.28282828,358.6407767,,38.98213319,11.09907959,9.474824039,2.436383324,0,8.121277748,13.98058252,3.980582524,3.398058252,0.8737864078,0,0.2912621359,0.4075587334,0.4693564862,0.07575757576,11.20448179,2681003.584,
39341,本山町,Motoyama-cho,basic_municipality,,True,True,True,,24.29593205,237.1636364,,52.74455688,15.94602883,15.63937443,4.293161607,0,6.13308801,12.50909091,3.781818182,3.709090909,1.018181818,0,0.1454545455,0.1930261519,0.6264009963,0.02235136343,-1.92,2831442.464,
39344,大豊町,Otoyo-cho,basic_municipality,,True,True,True,,10.32184346,85.48895899,,63.65313653,16.60516605,15.37515375,4.612546125,0,21.52521525,5.441640379,1.41955836,1.314405889,0.3943217666,0,0.1840168244,0.3531510107,0.4441141498,0.00952199581,-18.57480581,2480532.787,
39363,土佐町,Tosa-cho,basic_municipality,,True,True,True,,17.69198133,133.2268371,,57.28750333,12.78976819,11.99040767,4.529709566,2.664535039,10.65814015,7.632232872,1.703940362,1.597444089,0.6034788782,0.03549875754,0.1419950302,0.208719346,0.5874659401,0.02357045208,9.174311927,2661144.578,
39364,大川村,Okawa-mura,basic_municipality,,True,True,True,,3.841713026,70.65637066,,49.18032787,8.196721311,8.196721311,2.732240437,0,27.32240437,3.474903475,0.5791505792,0.5791505792,0.1930501931,0,0.1930501931,0.2139037433,0.6363636364,0,16.90140845,3184397.163,
39386,いの町,Ino-cho,basic_municipality,,True,True,True,,45.3829331,460.5472958,,40.89080191,10.48002246,9.871806868,3.930008421,2.339290727,9.357162908,18.83214824,4.826546003,4.546433958,1.809954751,0.1077354019,0.4309416074,0.07554972766,0.6835787775,0.01273966495,-2.544529262,3003830.084,109.76
39387,仁淀川町,Niyodogawa-cho,basic_municipality,,True,True,True,,14.4954955,128.6513859,,59.25005179,13.88025689,13.88025689,3.729024239,0,10.35840066,7.622601279,1.785714286,1.785714286,0.4797441365,0,0.1332622601,0.1237424547,0.5598591549,0.01201201201,-16.59564925,2796503.497,
39401,中土佐町,Nakatosa-cho,basic_municipality,,True,True,True,,31.06464469,284.9952517,,46.81772742,13.99533489,13.16227924,5.164945018,0,11.66277907,13.34283001,3.988603989,3.751187085,1.471984805,0,0.3323836657,0.2097680956,0.5664089951,0.02587857771,-4.32975407,2889283.9,
39402,佐川町,Sakawa-cho,basic_municipality,,True,True,True,,122.2519841,426.1065007,,38.30236144,10.54937921,9.819037572,3.976304471,2.434472125,8.114907084,16.3208852,4.495159059,4.18395574,1.694329184,0.1037344398,0.3457814661,0.116583983,0.6468816442,0.07936507937,-0.3388394748,2792562.339,
39403,越知町,Ochi-cho,basic_municipality,,True,True,True,,46.33318446,280.5300162,,51.86042028,13.49527665,11.76016965,4.819741662,0,3.855793329,14.54840454,3.785830178,3.299080584,1.352082207,0,0.1081665765,0.142622277,0.6288532676,0.03573023671,-0.4157139888,2798400.914,
39405,檮原町,Yusuhara-cho,basic_municipality,,True,True,True,,13.98604356,149.4351559,,62.59449652,16.02661022,15.1194436,6.350166314,0,12.09555488,9.353818346,2.394938997,2.259376412,0.9489380931,0,0.180750113,0.1778461538,0.5827692308,0.01268767181,-6.485084306,2815887.85,
39410,日高村,Hidaka-mura,basic_municipality,,True,True,True,,107.2909699,301.3149656,,46.34247714,9.351620948,9.143807149,5.40315877,0,8.312551953,13.9636819,2.817783344,2.755165936,1.628052599,0,0.2504696306,0.1026785714,0.6330357143,0.06688963211,-2.12585034,2576965.67,
39411,津野町,Tsuno-cho,basic_municipality,,True,True,True,,26.74248168,245.0671607,,44.22604423,10.58401058,10.20601021,4.347004347,0,9.45000945,10.83835109,2.593793423,2.501157943,1.065308013,0,0.2315886985,0.1780404117,0.5653831491,0.02021733637,-9.837962963,2727463.312,
39412,四万十町,Shimanto-cho,basic_municipality,,True,True,True,,24.29937099,184.7200852,,54.91125777,16.27474851,14.86512462,6.087012238,0.6407381303,8.329595694,10.14321221,3.006272932,2.745887087,1.124393419,0.0118357202,0.1538643626,0.2473730852,0.5381693885,0.03892383384,-8.364001338,2772820.227,105.15
39424,大月町,Otsuki-cho,basic_municipality,,True,True,True,,43.16168597,198.3892617,,56.60802887,13.53179973,11.50202977,4.285069914,0,4.51059991,11.23042506,2.684563758,2.281879195,0.8501118568,0,0.08948545861,0.2787656904,0.5669456067,0.03893701937,-6.20975161,2800000,
39427,三原村,Mihara-mura,basic_municipality,,True,True,True,,16.83261099,124.8479583,,60.54279749,11.13430759,11.13430759,2.783576896,0,13.91788448,7.558644657,1.390095569,1.390095569,0.3475238923,0,0.1737619461,0.2133891213,0.539748954,0.04685486705,-14.7601476,2628865.979,
39428,黒潮町,Kuroshio-cho,basic_municipality,,True,True,True,,54.45187308,258.2284852,,47.16429546,11.01149873,10.2319236,5.554472812,0,7.795751316,12.17916457,2.843482637,2.642174132,1.4343231,0,0.2013085053,0.2180262883,0.5841852702,0.04244932612,-5.276509386,2749338.819,
40100,北九州市,Kitakyushu-shi,designated_city,,True,False,True,,1906.657868,3145.720411,0.907656739,42.59186883,9.115799406,7.614248335,4.37792656,1.277915805,9.957093977,133.9821112,28.67575626,23.95229641,13.77173294,0.401996583,3.132223376,0.006877328067,0.7260693483,0.04263959391,-1.979034061,3615927.239,79.77
40101,門司区,Moji-ku,designated_city_ward,40100,False,True,False,overlapping_hierarchy,1273.988596,2442.529932,0.8320474841,41.66577865,8.684810639,7.842970099,4.315764796,0.9590588436,10.65620937,101.7699115,21.21290994,19.15668922,10.5413847,0.2342529932,2.602811036,0.005657530802,0.7582851396,,-5.261596933,,84.89
40103,若松区,Wakamatsu-ku,designated_city_ward,40100,False,True,False,overlapping_hierarchy,1117.117492,1444.538117,0.8407112612,42.60365316,8.14572908,7.189599295,3.104317485,0.9933815951,10.18216135,61.5426009,11.76681614,10.38565022,4.484304933,0.1434977578,1.470852018,0.01903642773,0.6690951821,,-1.075132811,,96.46
40105,戸畑区,Tobata-ku,designated_city_ward,40100,False,True,False,overlapping_hierarchy,3461.40879,3582.180685,0.9942428775,44.45681288,9.548822486,7.635579365,4.087383031,0.6957247713,10.08800918,159.2523364,34.20560748,27.35202492,14.64174455,0.2492211838,3.613707165,0.002783410871,0.7192333691,,-5.837968827,,73.96
40106,小倉北区,Kokurakita-ku,designated_city_ward,40100,False,True,False,overlapping_hierarchy,4675.172062,5893.541131,0.9897386686,63.16552803,14.46509675,11.16096986,8.50022082,1.962847656,12.48589203,372.2686375,85.25064267,65.77763496,50.09640103,1.156812339,7.358611825,0.003338590957,0.7712539432,,-0.03379215571,,64.78
40107,小倉南区,Kokuraminami-ku,designated_city_ward,40100,False,True,False,overlapping_hierarchy,1218.751093,2717.82603,0.8793223874,30.46481811,6.635474673,5.506439329,1.937539468,1.004650095,7.893679316,82.79807567,18.03406579,14.96554414,5.265895202,0.2730464179,2.145364712,0.01018636543,0.720946332,,-1.542559964,,84.5
40108,八幡東区,Yahatahigashi-ku,designated_city_ward,40100,False,True,False,overlapping_hierarchy,1786.872587,3351.888257,0.9450549451,45.43770836,10.04753673,8.998024447,4.0437091,1.234720336,11.57550315,152.3021211,33.67822038,30.16037248,13.55406105,0.4138644594,3.879979307,0.002995416652,0.7146053629,,-5.042961535,,74.65
40109,八幡西区,Yahatanishi-ku,designated_city_ward,40100,False,True,False,overlapping_hierarchy,3006.531938,4102.64281,0.8914669131,36.81386612,7.397982659,6.461731744,3.981066926,1.360364578,9.042423369,151.0341431,30.35128037,26.51017728,16.3328956,0.5581089954,3.709783322,0.005119614523,0.7089066235,,-1.187842372,,84.18
40130,福岡市,Fukuoka-shi,designated_city,,True,False,True,,4694.418727,6926.379999,0.9700810969,46.43225717,9.906399933,7.008841522,5.302060541,1.699338622,10.17122387,321.6074574,68.61549036,48.54589974,36.72408609,1.177026505,7.044976159,0.005421506713,0.830023698,0.0524063237,5.289962317,4042091.022,64.08
40131,東区,Higashi-ku,designated_city_ward,40130,False,True,False,overlapping_hierarchy,4643.003167,5331.50934,0.984316425,28.89585523,6.545675544,4.564298627,2.384473943,1.364328394,6.573582261,154.0585221,34.8983303,24.33460076,12.7128451,0.7273929575,3.504711523,0.004094014873,0.8205093994,,9.257662009,,69.13
40132,博多区,Hakata-ku,designated_city_ward,40130,False,True,False,overlapping_hierarchy,7970.714738,8529.069374,0.9724680003,89.10702524,22.8381885,10.5779379,10.60571193,2.936111794,11.54606125,760,194.7884941,90.21996616,90.45685279,2.504230118,9.847715736,0.002129194295,0.8193226555,,1.95227501,,50.6
40133,中央区,Chuo-ku,designated_city_ward,40130,False,True,False,overlapping_hierarchy,13352.89149,13370.26675,1,91.96548922,16.86123182,14.26757047,13.63497015,2.725047567,20.68116457,1229.603123,225.4391672,190.7612232,182.303188,3.643461288,27.65126871,0.001561408106,0.8808416317,,7.542504171,,53.03
40134,南区,Minami-ku,designated_city_ward,40130,False,True,False,overlapping_hierarchy,8572.724338,10187.30341,0.9986557875,32.00129526,5.919053554,4.962667038,2.752435209,1.016631336,8.471927797,326.0069045,60.29919448,50.55619486,28.0398926,1.035673188,8.630609896,0.003385469565,0.8163382761,,4.590328869,,68.19
40135,西区,Nishi-ku,designated_city_ward,40130,False,True,False,overlapping_hierarchy,2526.191325,3938.836391,0.8712431614,26.79474454,5.988361974,5.668480894,2.361475028,1.599405398,8.232233664,105.5401149,23.58717806,22.32721883,9.301463776,0.6299796183,3.242542153,0.01788301438,0.8120877933,,1.835704452,,74.95
40136,城南区,Jonan-ku,designated_city_ward,40130,False,True,False,overlapping_hierarchy,8309.193246,10080.72838,0.9954615246,24.5589475,4.305154143,4.22988921,2.31063343,0.9784441233,7.752288054,247.5720789,43.39908953,42.64036419,23.29286798,0.9863429439,7.814871017,0.002818811104,0.8486940698,,8.61926854,,66.7
40137,早良区,Sawara-ku,designated_city_ward,40130,False,True,False,overlapping_hierarchy,2308.626265,6481.054173,0.9642476325,30.42091376,5.530253741,5.17783561,3.456408588,1.174727102,9.442998626,197.15959,35.84187408,33.55783309,22.4011713,0.7613469985,6.120058565,0.007022862977,0.8316884778,,3.24791525,,72.74
40202,大牟田市,Omuta-shi,basic_municipality,,True,True,True,,1366.249233,1776.800255,0.8255497345,45.05710768,10.71162193,9.723133329,5.238989585,0.9884886009,10.42406161,80.05748044,19.03241258,17.27606578,9.308638033,0.1756346799,1.852147533,0.01753958047,0.7020488713,0.1350521793,-6.084747058,3118079.082,97.39
40203,久留米市,Kurume-shi,basic_municipality,,True,True,True,,1318.994608,1564.129538,0.6226905274,42.8497013,9.317015917,7.737804798,4.467288241,1.252818842,10.25333316,67.0224835,14.5730198,12.10292904,6.987417492,0.1959570957,1.603754125,0.05189257403,0.7222750053,0.3652809184,-1.335780599,3590373.211,94.52
40204,直方市,Nogata-shi,basic_municipality,,True,True,True,,910.1683938,1388.636364,0.3995232335,44.54564862,11.01188358,9.997865225,4.056073436,1.60108162,12.27495908,61.85770751,15.29150198,13.88339921,5.632411067,0.2223320158,1.704545455,0.01674584882,0.6807469778,0.1133419689,2.334147854,3117351.784,102.61
40205,飯塚市,Iizuka-shi,basic_municipality,,True,True,True,,590.5963732,1189.532147,0.3772989142,41.49124751,9.298534393,8.404292362,4.170491596,1.503592795,10.4460131,49.35517274,11.06090558,9.997175939,4.960933823,0.1788571966,1.24258684,0.01877567342,0.7307608419,0.1121704992,0.950708197,3209353.854,93.59
40206,田川市,Tagawa-shi,basic_municipality,,True,True,True,,846.984418,1196.349042,0.2600264052,48.02718438,10.67030279,10.75687726,5.540765751,1.082180811,11.47111659,57.45727602,12.76540653,12.8689798,6.628689798,0.1294665976,1.372345935,0.01629529363,0.7351624323,0.1283226398,-1.605744999,2991813.417,93.09
40207,柳川市,Yanagawa-shi,basic_municipality,,True,True,True,,835.7096565,835.7096565,0.1451880574,42.94687864,10.51570376,9.259402869,3.396665374,0.9305932532,9.305932532,35.89112119,8.788075178,7.738172391,2.838626053,0.0777705768,0.777705768,0.09429532553,0.6321396033,0.5055087492,-2.843863755,3181114.297,119.77
40210,八女市,Yame-shi,basic_municipality,,True,True,True,,125.6280574,362.1847735,0.1237295407,49.13542767,11.40113516,9.883183738,4.025871172,0.989968321,9.56969377,17.79610374,4.129317557,3.579538664,1.458109239,0.03585514521,0.3465997371,0.1760769281,0.5724124488,0.1326589835,-12.47816741,2978274.954,128.16
40211,筑後市,Chikugo-shi,basic_municipality,,True,True,True,,1168.66922,1170.630544,0.2717349008,40.36701006,9.625821779,8.028344973,3.358797387,1.228828312,10.64984537,47.25485495,11.26828099,9.398225845,3.931910813,0.1438503956,1.246703428,0.05951235833,0.6571034252,0.4547630445,-1.078682786,3175392.918,108.43
40212,大川市,Okawa-shi,basic_municipality,,True,True,True,,981.2016657,981.2016657,0.2292955014,67.08500061,16.06644841,11.57996847,4.728992361,1.212562144,9.70049715,65.82391434,15.76442594,11.36228435,4.640095181,0.1189767995,0.9518143962,0.06568330812,0.6198940998,0.3866745985,-7.159598035,2999275.246,114.07
40213,行橋市,Yukuhashi-shi,basic_municipality,,True,True,True,,1019.497574,1249.798775,0.414750931,37.15733766,7.98028729,7.896284266,3.934141629,1.680060482,8.400302411,46.4391951,9.973753281,9.868766404,4.916885389,0.2099737533,1.049868766,0.02221644797,0.6397947252,0.2854695975,1.204085587,3338582.426,101.32
40214,豊前市,Buzen-shi,basic_municipality,,True,True,True,,219.7189442,581.2917064,,42.10569472,9.265712763,8.896724202,3.320897052,0.4099872904,11.06965684,24.47569113,5.386081983,5.171591992,1.930409914,0.02383222116,0.6434699714,0.0524565238,0.6118027179,0.1531393568,-7.546522597,3011517.329,118.79
40215,中間市,Nakama-shi,basic_municipality,,True,True,True,,2528.947368,2664.158416,0.778504534,35.87532828,7.209751747,7.184975967,2.576681037,1.486546752,8.176007135,95.57755776,19.20792079,19.14191419,6.864686469,0.396039604,2.178217822,0.008489837921,0.6641368665,0.1879699248,-3.357769006,2969388.439,97.28
40216,小郡市,Ogori-shi,basic_municipality,,True,True,True,,1304.328719,1339.652449,0.7092318059,25.42115903,5.272911051,5.154986523,2.139487871,0.8423180593,9.09703504,34.05551794,7.063868201,6.905890318,2.866170165,0.1128413451,1.218686527,0.03554874402,0.776951256,0.3955174687,-5.410946243,3481173.994,111.26
40217,筑紫野市,Chikushino-shi,basic_municipality,,True,True,True,,1177.601733,2326.824324,0.7419635857,31.06155201,7.211235977,6.582067737,3.349110937,1.839107162,7.453223761,72.27477477,16.77927928,15.31531532,7.792792793,0.4279279279,1.734234234,0.01427413545,0.7949387608,0.1025874843,1.137485311,3608611.618,92.54
40218,春日市,Kasuga-shi,basic_municipality,,True,True,True,,7846.14841,8211.760355,0.9999909929,28.61569224,5.863649874,5.251164173,2.747178513,1.531214253,7.565999838,234.9852071,48.15088757,43.12130178,22.5591716,1.25739645,6.213017751,0.002792996025,0.8138575572,0,-2.600094711,3867496.983,83.37
40219,大野城市,Onojo-shi,basic_municipality,,True,True,True,,3796.392711,6094.626866,0.9796150267,36.66552383,8.453739531,5.799088994,2.106088064,1.273448597,6.269285399,223.4626866,51.52238806,35.34328358,12.8358209,0.776119403,3.820895522,0.002899940084,0.7999760336,0.03718854593,0.009658382994,3896965.648,83.04
40220,宗像市,Munakata-shi,basic_municipality,,True,True,True,,809.5297649,1401.689043,0.6294247902,26.06725372,5.479169885,5.211390906,2.615994644,1.235902982,7.724393635,36.53818392,7.680092392,7.304749531,3.666811029,0.1732351667,1.082719792,0.02987250445,0.7247973908,0.1667500417,2.178199424,3432860.924,97.1
40221,太宰府市,Dazaifu-shi,basic_municipality,,True,True,True,,2471.756757,4101.121076,0.8890984637,27.70488218,6.150565852,5.71319228,2.022852769,1.23011317,6.013886611,113.6210762,25.22421525,23.43049327,8.295964126,0.5044843049,2.466367713,0.007443156714,0.8010060157,0.03378378378,4.960456082,3621714.21,93.91
40223,古賀市,Koga-shi,basic_municipality,,True,True,True,,1397.33777,2076.510067,0.7520838295,33.426326,7.161569081,5.5285272,2.687714762,0.8505426462,7.314666757,69.41010244,14.87107029,11.48004239,5.581066761,0.1766160367,1.518897916,0.01801834202,0.7046934005,0.09507962919,1.80792106,3469200.627,91.82
40224,福津市,Fukutsu-shi,basic_municipality,,True,True,True,,1270.526914,1710.898418,0.8065281279,28.23982218,6.802619605,6.832455656,2.923932988,0.895081527,7.60819298,48.31546708,11.63859112,11.68963757,5.002552323,0.1531393568,1.301684533,0.0241284906,0.7570359555,0.2084912813,7.875608734,3567884.703,100.51
40225,うきは市,Ukiha-shi,basic_municipality,,True,True,True,,238.2172655,481.0211449,,40.59897788,9.828097638,9.00611129,4.431578571,0.3573853686,10.36417569,19.52896682,4.727522778,4.332129964,2.131682998,0.01719099192,0.4985387657,0.1531421159,0.5597434419,0.2213519496,-3.542473158,2901163.332,134.23
40226,宮若市,Miyawaka-shi,basic_municipality,,True,True,True,,187.8562754,464.7932131,,36.96098563,6.806601262,6.464369914,2.357593733,0.3802570538,7.605141075,17.17921527,3.163662071,3.004595263,1.095793567,0.01767408978,0.3534817957,0.04977876106,0.6141933288,0.1214372455,-3.947570136,2913981.644,111.81
40227,嘉麻市,Kama-shi,basic_municipality,,True,True,True,,262.5490341,624.0851513,,33.57483156,7.132185042,7.160375497,2.001522285,0.2819045471,7.329518225,20.95355384,4.451090781,4.468684025,1.249120338,0.01759324419,0.457424349,0.05028244647,0.6743148058,0.1406261565,-7.175702194,2756452.168,107.1
40228,朝倉市,Asakura-shi,basic_municipality,,True,True,True,,203.7736614,449.2672029,0.256718318,47.18238418,11.6364649,10.56232968,4.137409743,1.19348358,10.34352436,21.19749777,5.227882038,4.745308311,1.858802502,0.05361930295,0.4647006256,0.1287124606,0.587481334,0.198613757,0.3398368783,3016922.625,137.97
40229,みやま市,Miyama-shi,basic_municipality,,True,True,True,,340.8516301,418.7412424,,41.2425755,9.118541033,8.672373888,2.063523047,0.5577089317,8.923342907,17.2699673,3.818309201,3.631480617,0.8640822046,0.0233535731,0.3736571695,0.1395796848,0.5794512551,0.3896967969,-4.082703916,3005906.406,132.48
40230,糸島市,Itoshima-shi,basic_municipality,,True,True,True,,458.4218091,842.0080048,0.5384872114,30.39129423,6.82666343,6.290643931,3.114981239,1.213629054,8.798810644,25.58971302,5.748105254,5.296772545,2.622839138,0.1021885379,0.7408668994,0.07741244511,0.7200813966,0.1947239093,7.237820974,3366880.415,111.66
40231,那珂川市,Nakagawa-shi,basic_municipality,,True,True,True,,668.6057372,2408.073042,0.8566012133,34.36302682,6.166187739,5.587484036,2.753831418,1.396871009,6.385696041,82.74867852,14.84863047,13.45506968,6.631427198,0.336376742,1.537722249,0.01480836237,0.743597561,0.05336891261,-4.248002427,3498818.879,88.18
40341,宇美町,Umi-machi,basic_municipality,,True,True,True,,1246.971202,3110.73493,0.5908258342,34.42966738,5.813490483,4.380027077,1.619282737,1.327280932,4.778211356,107.101569,18.08422791,13.62510322,5.037159372,0.4128819158,1.486374897,0.005498040592,0.7443996023,0.03310162198,-1.654102717,3181212.041,93.73
40342,篠栗町,Sasaguri-machi,basic_municipality,,True,True,True,,801.6696635,2436.299766,0.6912429107,24.41603384,4.517927521,3.684834503,1.954564388,0.3204203916,4.485885482,59.48477752,11.00702576,8.977361436,4.761904762,0.07806401249,1.092896175,0.009432643935,0.8150503074,0.05137426149,4.766322255,3364144.012,90.61
40343,志免町,Shime-machi,basic_municipality,,True,True,True,,5336.823936,5494.905213,0.8903982578,34.90954568,8.301528775,6.274662009,3.104987386,1.940617116,7.331220217,191.8246445,45.61611374,34.47867299,17.06161137,1.066350711,4.028436019,0.004631161098,0.7644251217,0.1150747986,-2.501131978,3564240.255,89.71
40344,須恵町,Sue-machi,basic_municipality,,True,True,True,,1755.242183,2851.394422,0.7007824507,35.8390387,6.077965628,3.912253738,1.571887662,0.6986167389,5.93824228,102.1912351,17.33067729,11.15537849,4.482071713,0.1992031873,1.693227092,0.007858861267,0.7295910184,0.06131207848,3.889855666,3331551.249,95.97
40345,新宮町,Shingu-machi,basic_municipality,,True,True,True,,1739.408347,2350.249822,0.8765147144,34.10574908,8.746621314,6.772557476,2.09554469,3.644425547,9.111063869,80.15703069,20.55674518,15.917202,4.925053533,0.8565310493,2.141327623,0.0163132137,0.7810114192,0.1056524036,-3.790290791,4080798.214,98.72
40348,久山町,Hisayama-machi,basic_municipality,,True,True,True,,242.2008547,762.0168067,,54.14644905,13.89501544,12.13056903,4.962505514,1.102779003,8.822232025,41.2605042,10.58823529,9.243697479,3.781512605,0.08403361345,0.6722689076,0.03212192263,0.717936694,0.05341880342,8.7141339,3576328.882,
40349,粕屋町,Kasuya-machi,basic_municipality,,True,True,True,,3410.474168,3593.586875,0.8909109774,37.55965968,10.0643287,7.553434322,2.178875285,1.452583524,5.602822162,134.9739001,36.16703952,27.14392245,7.829977629,0.5219985086,2.013422819,0.008791110714,0.7877638449,0.1415428167,-2.83233791,3599216.881,77.4
40381,芦屋町,Ashiya-machi,basic_municipality,,True,True,True,,1169.689119,1464.324324,0.5354005168,34.92063492,6.939830196,6.644518272,5.389442599,0.738279808,7.38279808,51.13513514,10.16216216,9.72972973,7.891891892,0.1081081081,1.081081081,0.02445820433,0.7246130031,0.08635578584,-3.849780013,3168379.742,
40382,水巻町,Mizumaki-machi,basic_municipality,,True,True,True,,2553.496821,2825.527638,0.8309027531,29.45151882,6.117948353,5.548836878,2.525432169,2.13416803,8.180977449,83.2160804,17.28643216,15.67839196,7.135678392,0.6030150754,2.311557789,0.01004856808,0.6779433931,0.09082652134,2.905815263,3125330.417,90.6
40383,岡垣町,Okagaki-machi,basic_municipality,,True,True,True,,637.4794408,1444.874185,0.3665623891,29.12245622,5.643886864,5.224626697,2.193053182,0.9675234624,8.06269552,42.07828518,8.154706431,7.548928239,3.168685927,0.1397949674,1.164958062,0.0301367804,0.7013377424,0.1233552632,5.085823268,3301942.132,108.06
40384,遠賀町,Onga-cho,basic_municipality,,True,True,True,,845.282167,1015.897992,,45.02483576,9.02633125,7.637664904,4.005768306,1.068204882,6.943331731,45.74064026,9.169831796,7.759088443,4.06945198,0.1085187195,0.7053716766,0.02835020846,0.6832638475,0.316027088,2.486772487,3172894.154,107.5
40401,小竹町,Kotake-machi,basic_municipality,,True,True,True,,500.7703081,672.7187206,,35.93902951,5.313942106,4.614739197,0.4195217452,1.398405817,8.390434904,24.17685795,3.574788335,3.104421449,0.2822201317,0.09407337723,0.5644402634,0.01565047277,0.6635148353,0.1400560224,1.015965167,2875625.722,
40402,鞍手町,Kurate-machi,basic_municipality,,True,True,True,,423.5955056,653.9462272,,40.38461538,6.564986737,5.835543767,2.25464191,0.6631299735,4.641909814,26.40936687,4.293148309,3.81613183,1.474414571,0.04336513443,0.303555941,0.04044337927,0.6136908328,0.2247191011,-3.452010288,3003224.073,117.29
40421,桂川町,Keisen-machi,basic_municipality,,True,True,True,,639.4240318,935.9011628,,27.02282963,4.503804939,4.037894083,2.795465134,0.7765180929,6.212144743,25.29069767,4.215116279,3.779069767,2.61627907,0.0726744186,0.5813953488,0.03170320405,0.7055649241,0.1986097319,-1.256084158,2871706.526,
40447,筑前町,Chikuzen-machi,basic_municipality,,True,True,True,,440.9985097,664.5183023,,28.58977392,6.488459329,5.880166267,1.588320773,0.33794059,6.082930621,18.99842803,4.311699978,3.907478105,1.055468224,0.02245677072,0.4042218729,0.07183310632,0.6525198939,0.3576751118,13.04982957,3049107.497,120.07
40448,東峰村,Toho-mura,basic_municipality,,True,True,True,,36.54031172,221.8457944,,84.78146393,20.5371248,20.5371248,7.372301211,0,26.32964718,18.80841121,4.556074766,4.556074766,1.635514019,0,0.5841121495,0.1491935484,0.5131048387,0.05772561093,-22.13393871,2727109.515,
40503,大刀洗町,Tachiarai-machi,basic_municipality,,True,True,True,,679.5534151,679.8510731,,32.02113266,6.507312673,4.638876361,0.9664325752,1.288576767,5.154307068,21.7696014,4.424003504,3.153745072,0.6570302234,0.08760402979,0.3504161191,0.1120633684,0.6027788599,0.5253940455,2.109050307,2984898.325,117.57
40522,大木町,Oki-machi,basic_municipality,,True,True,True,,749.4577007,749.4577007,,39.43560058,9.551374819,7.742402315,1.447178003,0.7235890014,9.406657019,29.55531453,7.15835141,5.802603037,1.084598698,0.05422993492,0.704989154,0.1171234812,0.6166996327,0.5422993492,1.318391562,3006095.375,
40544,広川町,Hirokawa-machi,basic_municipality,,True,True,True,,526.331049,816.3941128,,37.30782713,8.162652111,6.4099354,2.053182433,0.5007762031,7.010866844,30.45789043,6.663941128,5.233033524,1.676206051,0.04088307441,0.5723630417,0.09795660417,0.6169159469,0.184501845,-1.044877488,3021116.325,114.34
40601,香春町,Kawara-machi,basic_municipality,,True,True,True,,229.011236,663.9087948,,33.16651948,7.065057404,6.47630262,2.060641743,0,6.868805809,22.01954397,4.690553746,4.299674267,1.368078176,0,0.4560260586,0.02674698795,0.7101204819,0.1123595506,-4.11563943,2821541.106,
40602,添田町,Soeda-machi,basic_municipality,,True,True,True,,66.57337368,409.9208197,,40.79081923,9.430746506,9.430746506,3.522327008,0,14.77104874,16.72100605,3.865859339,3.865859339,1.443875175,0,0.605496041,0.07344632768,0.7115953726,0.0378214826,-4.57225364,2737486.496,
40604,糸田町,Itoda-machi,basic_municipality,,True,True,True,,1045.646766,1451.986183,,19.26965624,4.04424884,4.04424884,0.8326394671,0,10.70536458,27.97927461,5.872193437,5.872193437,1.208981002,0,1.554404145,0.02371660162,0.6985890123,0.2487562189,-5.321078728,2877836.611,
40605,川崎町,Kawasaki-machi,basic_municipality,,True,True,True,,419.9225235,840.7756233,,36.70268846,8.23668951,8.368476542,2.569847127,1.976805482,5.930416447,30.85872576,6.925207756,7.03601108,2.16066482,0.1662049861,0.4986149584,0.02046589018,0.6975041597,0.1106806862,-10.19994596,2660485.651,100.58
40608,大任町,Oto-machi,basic_municipality,,True,True,True,,351.1921459,508.9430894,,34.94408946,6.988817891,6.988817891,1.996805112,3.993610224,11.98083067,17.78455285,3.556910569,3.556910569,1.016260163,0.2032520325,0.6097560976,0.02765208648,0.7199597788,0.2103786816,9.529481834,2869778.87,
40609,赤村,Aka-mura,basic_municipality,,True,True,True,,86.74171357,308.908686,,41.81687094,8.651766402,9.012256669,2.523431867,0,18.02451334,12.91759465,2.672605791,2.783964365,0.7795100223,0,0.5567928731,0.1048951049,0.6596736597,0.1250781739,0.7034822371,2725714.286,
40610,福智町,Fukuchi-machi,basic_municipality,,True,True,True,,508.7494056,838.8083105,,29.90933732,6.729600897,6.40246752,1.448733526,0.4673333956,6.542667539,25.08820071,5.644845159,5.370442964,1.215209722,0.0392003136,0.5488043904,0.02726505007,0.6755941609,0.1902044698,0.2393718882,2809523.81,107.16
40621,苅田町,Kanda-machi,basic_municipality,,True,True,True,,760.0645422,1157.015659,0.6989173124,39.67200934,8.120157096,6.182995436,3.157838871,0.7960938329,7.164844496,45.90113601,9.39514891,7.153822536,3.653669021,0.09210930304,0.8289837274,0.01136363636,0.5509606373,0.1008471158,-6.151306154,3426644.28,92.86
40625,みやこ町,Miyako-machi,basic_municipality,,True,True,True,,124.3887934,344.212836,,34.52855246,6.215139442,6.215139442,1.752988048,0,7.436918991,11.88517096,2.139330773,2.139330773,0.6034009874,0,0.2559882977,0.08366059741,0.5999047959,0.1519756839,-3.162055336,2900161.267,128.68
40642,吉富町,Yoshitomi-machi,basic_municipality,,True,True,True,,1142.657343,1142.657343,,30.75275398,7.037943696,6.11995104,1.376988984,0,15.2998776,35.13986014,8.041958042,6.993006993,1.573426573,0,1.748251748,0.02415618795,0.580741231,0.3496503497,-6.603194103,3097988.077,
40646,上毛町,Koge-machi,basic_municipality,,True,True,True,,116.1274824,306.3371356,,27.72031444,5.79230451,5.930216522,0.6895600607,0,9.65384085,8.491761724,1.774397972,1.816645543,0.2112378538,0,0.2957329954,0.08998548621,0.595065312,0.1601537476,-0.280033604,2985299.39,
40647,築上町,Chikujo-machi,basic_municipality,,True,True,True,,143.70872,369.0210391,,36.2441096,6.864855431,7.213915876,2.559776601,0.5817674094,7.562976322,13.37483899,2.533276084,2.662086733,0.9446114212,0.02146844139,0.2790897381,0.07517171203,0.6391503434,0.1588495945,-54.21686747,2967359.951,117.59
41201,佐賀市,Saga-shi,basic_municipality,,True,True,True,,540.2737252,914.0814168,0.5960540246,49.23682282,10.69433907,9.348438284,5.05784373,1.500207886,10.02996129,45.00646476,9.775496611,8.545233711,4.623280962,0.137131215,0.916820123,0.05204254418,0.736100822,0.2454726506,-1.960429352,3500880.969,99.84
41202,唐津市,Karatsu-shi,basic_municipality,,True,True,True,,240.7157506,505.2212466,0.3582084466,43.99648982,10.3175347,9.346272141,5.120428037,1.022381638,8.519846984,22.22796143,5.212637741,4.721935262,2.586949036,0.05165289256,0.4304407713,0.1050189495,0.6500549003,0.1333059885,-3.477039248,3079023.646,120.38
41203,鳥栖市,Tosu-shi,basic_municipality,,True,True,True,,1034.523146,1526.98086,0.6789314788,40.35257965,10.75529678,8.288856542,3.369453879,1.213003396,10.24313979,61.61761679,16.42313233,12.65692529,5.145091583,0.185223297,1.564107841,0.0158082016,0.7188648428,0.1673173452,0.3891102792,3383961.261,95.09
41204,多久市,Taku-shi,basic_municipality,,True,True,True,,189.4676885,383.8648762,,41.26810604,8.909538125,8.253621208,4.099480732,0,6.012571741,15.84137642,3.420058749,3.168275283,1.573646664,0,0.2308015107,0.07809038547,0.6302614089,0.1449875725,-27.72097251,2818403.325,129.51
41205,伊万里市,Imari-shi,basic_municipality,,True,True,True,,206.1860921,466.7346577,0.2430599099,47.27431644,10.56451766,9.462463661,4.73123183,0.5700279314,7.790381729,22.0645619,4.930826534,4.416459737,2.208229869,0.02660517914,0.3636041149,0.07907184625,0.5981973258,0.1332027424,-4.529266027,3065645.416,110.96
41206,武雄市,Takeo-shi,basic_municipality,,True,True,True,,245.209826,522.2803575,0.153963351,49.5262345,10.95713153,9.850983011,4.675042785,0.8348290687,9.809241558,25.86657946,5.722694572,5.144974929,2.441683017,0.04360148245,0.5123174188,0.05374478457,0.6478704507,0.1484135107,-2.448267053,3082029.088,130.24
41207,鹿島市,Kashima-shi,basic_municipality,,True,True,True,,248.7691759,473.0664858,0.3435393661,52.12964291,11.93890721,10.82747741,5.664706726,1.434102969,6.453463359,24.66078697,5.647896879,5.122116689,2.679782904,0.06784260516,0.3052917232,0.1273556435,0.6069344779,0.1872993222,-5.432787607,2934339.423,121.87
41208,小城市,Ogi-shi,basic_municipality,,True,True,True,,458.7412587,610.6140595,0.1565571533,32.28522024,7.326174008,6.529850746,2.20695304,1.13760466,7.280669822,19.71380939,4.473464851,3.987218672,1.347596555,0.06946373993,0.4445679355,0.06589147287,0.672796106,0.3548690116,1.31629712,3088893.472,117.23
41209,嬉野市,Ureshino-shi,basic_municipality,,True,True,True,,204.4774939,480.7141529,,45.88362736,10.32961931,9.323738781,5.571030641,0.7737542556,7.350665429,22.05690906,4.965594198,4.48205319,2.678073275,0.03719546215,0.3533568905,0.07698051221,0.668035541,0.1503045645,-2.004417901,2908681.736,133.5
41210,神埼市,Kanzaki-shi,basic_municipality,,True,True,True,,247.9181651,465.6559592,0.2208432725,33.00883244,7.091741345,6.253626459,1.966346464,0.3223518793,7.091741345,15.37075953,3.302311618,2.912038427,0.9156409487,0.01501050736,0.3302311618,0.07861408229,0.6180851762,0.2397506593,-3.147258572,3020331.888,119.68
41327,吉野ヶ里町,Yoshinogari-cho,basic_municipality,,True,True,True,,371.0616049,683.5427136,,30.87667708,6.432641059,5.820008577,3.36947865,1.225264964,6.7389573,21.10552764,4.396984925,3.978224456,2.30318258,0.0837520938,0.4606365159,0.04714303344,0.6699987659,0.2045919527,1.23747061,3264076.346,112.31
41341,基山町,Kiyama-cho,basic_municipality,,True,True,True,,778.7810384,1365.795724,0.4589565217,31.13043478,7.072463768,5.68115942,2.31884058,0.5797101449,8.695652174,42.51781473,9.659540776,7.759303246,3.167062549,0.07917656374,1.187648456,0.02797286037,0.7051541483,0.1354401806,6.034728153,3184795.475,115.52
41345,上峰町,Kamimine-cho,basic_municipality,,True,True,True,,725.46875,846.4904284,,33.59896619,5.707516692,5.169071721,1.615334913,1.076889942,6.461339651,28.44120328,4.83135825,4.375569736,1.367365542,0.09115770283,0.546946217,0.03810623557,0.6484988453,0.390625,5.572441743,3103156.45,
41346,みやき町,Miyaki-cho,basic_municipality,,True,True,True,,491.3520801,595.6339015,,31.79020815,6.742189644,5.840617773,1.724746188,0.78397554,6.66379209,18.93532571,4.015876722,3.478869951,1.027317301,0.04669624095,0.3969180481,0.06182565508,0.6364959753,0.3659476117,8.497264579,3062889.571,124.6
41387,玄海町,Genkai-cho,basic_municipality,,True,True,True,,156.1525612,215.56495,,42.61009093,6.953111071,6.061686575,2.674273489,0,5.348546978,9.185242121,1.498847041,1.306687164,0.5764796311,0,0.1152959262,0.2106079404,0.5362903226,0.2505567929,-14.09326425,2939593.909,
41401,有田町,Arita-cho,basic_municipality,,True,True,True,,288.6864085,695.3182151,,61.96738559,18.7269858,13.78221988,4.418726986,0.5260389269,9.468700684,43.08705194,13.02121434,9.58302853,3.072421361,0.03657644477,0.6583760059,0.03845369237,0.6234190126,0.106302202,-5.879497276,2836673.607,133.68
41423,大町町,Omachi-cho,basic_municipality,,True,True,True,,547.2173913,772.1472393,,39.24996027,9.216589862,7.786429366,4.131574766,1.589067218,7.945336088,30.30674847,7.116564417,6.012269939,3.190184049,0.1226993865,0.6134969325,0.05958640028,0.6603575184,0.2608695652,-2.861471133,2855040.143,
41424,江北町,Kohoku-machi,basic_municipality,,True,True,True,,384.4855305,453.3649289,,39.72402258,10.97637466,10.45369015,2.404348735,2.090738031,6.272214092,18.00947867,4.976303318,4.739336493,1.090047393,0.09478672986,0.2843601896,0.1007375776,0.6176242236,0.4421221865,3.639388583,3123620.309,
41425,白石町,Shiroishi-cho,basic_municipality,,True,True,True,,221.4845319,248.0148465,,41.22262029,10.29431772,9.069883452,3.174459208,1.360482518,8.616389279,10.22382184,2.553143628,2.249465752,0.7873130132,0.03374198628,0.2136992464,0.2406360134,0.5362675191,0.5926074729,-6.901475488,3010404.886,147.43
41441,太良町,Tara-cho,basic_municipality,,True,True,True,,109.3001346,245.1252641,,43.5906908,10.58982884,9.235315848,2.955301071,0,3.694126339,10.6851796,2.595834591,2.263809236,0.7244189556,0,0.09055236945,0.2936664475,0.4639491563,0.1749663526,-10.16002032,2912778.177,
42201,長崎市,Nagasaki-shi,basic_municipality,,True,True,True,,1008.027399,2176.970148,0.7109269208,43.24669166,9.461817862,8.222566594,4.558587009,1.344355418,12.53916963,94.14675677,20.59809504,17.90028202,9.923907838,0.2926621614,2.729739797,0.01631686473,0.7870678957,0.05174197999,-4.593510195,3370790.319,84.97
42202,佐世保市,Sasebo-shi,basic_municipality,,True,True,True,,570.9326072,1167.769349,0.5999021474,41.10219839,9.184986617,8.222906551,4.103230369,1.521237712,9.127426271,47.99788746,10.72594584,9.602458229,4.791626656,0.1776454772,1.065872863,0.03731637453,0.7573472087,0.1032839605,-7.254600504,3196640.75,92.96
42203,島原市,Shimabara-shi,basic_municipality,,True,True,True,,522.3963356,882.6476578,0.3963265494,56.37085237,14.28307721,12.36789884,6.160874983,0.6922331441,8.999030874,49.75560081,12.60692464,10.91649695,5.437881874,0.06109979633,0.7942973523,0.1421273752,0.6601260384,0.2169720347,-5.470459519,2926741.109,112.69
42204,諫早市,Isahaya-shi,basic_municipality,,True,True,True,,391.6205857,680.1768383,0.4692197352,44.69115142,10.15300481,8.397334369,4.191196247,1.195350088,9.637510086,30.39788607,6.905838711,5.711672341,2.850754612,0.08130494436,0.6555211139,0.05479131574,0.6910599538,0.1872494807,1.895429244,3213038.831,102.79
42205,大村市,Omura-shi,basic_municipality,,True,True,True,,752.7578316,1429.168539,0.7019612776,33.71175194,8.155392727,7.159554284,3.752738556,1.886851788,9.748734237,48.17977528,11.65543071,10.23220974,5.36329588,0.2696629213,1.393258427,0.03754014989,0.7460742327,0.1025802888,11.29456136,3394819.169,97.23
42207,平戸市,Hirado-shi,basic_municipality,,True,True,True,,124.8936713,284.9587579,,55.40609569,13.62165844,12.90652137,4.427038992,1.362165844,6.470287758,15.78845221,3.881610869,3.677826298,1.261523532,0.03881610869,0.1843765163,0.175523689,0.616195698,0.1275944199,-7.417228035,2957709.251,119.52
42208,松浦市,Matsuura-shi,basic_municipality,,True,True,True,,162.9337419,309.0816623,,47.57651262,12.03516525,11.14193033,3.384890226,0.4701236425,7.52197828,14.70502761,3.719848881,3.443766347,1.046207498,0.01453065969,0.2324905551,0.125297238,0.5658496433,0.1608579088,-11.35084887,2761816.611,116.54
42209,対馬市,Tsushima-shi,basic_municipality,,True,True,True,,40.29006813,382.8855454,,63.29380394,15.1568311,12.80611887,5.473300119,0.7017051435,11.92898744,24.23428264,5.803331542,4.903277808,2.095647501,0.02686727566,0.4567436862,0.1840813714,0.6674727932,0.01130869922,-12.25001845,3287182.753,110.3
42210,壱岐市,Iki-shi,basic_municipality,,True,True,True,,178.9413284,311.4606742,,58.72214206,17.6366843,15.43209877,4.729838063,1.603334937,6.413339747,18.28963795,5.493133583,4.806491885,1.473158552,0.04993757803,0.1997503121,0.1680431192,0.6729548813,0.2438674509,-9.184361308,2796583.282,126.49
42211,五島市,Goto-shi,basic_municipality,,True,True,True,,81.85994478,237.0975526,0.2694018784,63.85391527,16.69041319,14.8294612,6.164403478,0.8723212468,11.04940246,15.13960703,3.957256119,3.516028956,1.461564978,0.02068252327,0.2619786281,0.1442041408,0.7052617697,0.1142530706,-7.054150983,3012285.21,100.41
42212,西海市,Saikai-shi,basic_municipality,,True,True,True,,108.7541391,250.4050319,,36.99333968,7.725975262,7.117031399,2.397716461,0.7611798287,9.895337774,9.263318403,1.934623082,1.782140475,0.6004002668,0.01906032593,0.2477842371,0.1494365139,0.5353869271,0.09105960265,-12.33331999,2759390.758,113.34
42213,雲仙市,Unzen-shi,basic_municipality,,True,True,True,,191.7596006,374.1442098,,46.42787619,11.85030173,10.39030563,3.576990461,0.2433326844,8.75997664,17.37072105,4.433721777,3.887472688,1.338310269,0.009104151493,0.3277494538,0.2215449046,0.5639367148,0.2239746162,-2.701109911,2751814.61,123.08
42214,南島原市,Minamishimabara-shi,basic_municipality,,True,True,True,,248.8097337,386.1873917,,53.27191117,13.15851642,11.1977321,2.929364517,0.4724781479,7.323411292,20.57294043,5.081653134,4.324422954,1.131283642,0.01824651035,0.2828209105,0.223814774,0.5916782513,0.2762593311,-8.710629921,2666274.625,133.08
42307,長与町,Nagayo-cho,basic_municipality,,True,True,True,,1419.422207,2166.843783,0.465080922,25.87052477,6.032368808,5.517410495,1.324178519,1.471309465,10.05394801,56.05738576,13.07120085,11.95536663,2.869287991,0.3188097768,2.178533475,0.02708301753,0.7816179071,0.1740341107,-4.002127713,3691595.812,103.57
42308,時津町,Togitsu-cho,basic_municipality,,True,True,True,,1401.098376,2350.88141,0.6612699819,44.8549712,11.31599577,9.918538464,3.476601111,3.408432462,10.56614063,105.4487179,26.6025641,23.31730769,8.173076923,0.8012820513,2.483974359,0.01871619698,0.7477227441,0.09551098376,-8.413132695,3337974.788,93.17
42321,東彼杵町,Higashisonogi-cho,basic_municipality,,True,True,True,,103.9305425,260.7565012,,35.22859733,8.289081725,7.900531019,3.237922549,0,9.066183137,9.186085782,2.161431949,2.060114826,0.8443093549,0,0.2364066194,0.1437827062,0.5806130077,0.1615291425,0.6804572673,2728637.826,
42322,川棚町,Kawatana-cho,basic_municipality,,True,True,True,,359.114094,832.4206596,,37.45234357,9.493907453,8.671600508,4.111534724,0.747551768,7.47551768,31.17610454,7.902924704,7.218419415,3.422526447,0.06222775358,0.6222775358,0.04257274119,0.684532925,0.1073825503,-6.41025641,2925333.333,
42323,波佐見町,Hasami-cho,basic_municipality,,True,True,True,,255.1964286,667.1802054,,62.69680218,14.20474424,10.42614233,3.428731369,0.6997410958,8.39689315,41.83006536,9.477124183,6.95611578,2.287581699,0.0466853408,0.5602240896,0.03976670201,0.6077677625,0.125,3.685068386,2698537.095,
42383,小値賀町,Ojika-cho,basic_municipality,,True,True,True,,89.7254902,207.4342702,,61.62587413,19.23076923,18.79370629,6.118881119,0,8.741258741,12.78331822,3.98912058,3.898458749,1.269265639,0,0.1813236627,0.2875,0.6214285714,0.1960784314,-6.146572104,2729357.798,
42391,佐々町,Saza-cho,basic_municipality,,True,True,True,,431.2461252,957.467309,,43.20011501,10.49453709,9.631972398,4.097182289,1.437607821,9.344450834,41.36269787,10.04817619,9.222298692,3.9229181,0.1376462491,0.8947006194,0.0464159812,0.6794947121,0.09299442033,-3.450258769,3127213.896,
42411,新上五島町,Shinkamigoto-cho,basic_municipality,,True,True,True,,81.79354175,445.1424212,,58.84705479,15.36879392,14.74033023,4.227846655,0.571330629,11.42661258,26.19532045,6.841302136,6.561546287,1.881993896,0.02543234995,0.508646999,0.1000777807,0.7429349235,0.009346231132,-10.07073492,3133959.86,107.39
43100,熊本市,Kumamoto-shi,designated_city,,True,False,True,,1892.972433,2259.111478,0.8079798069,41.06839544,8.362826768,7.297679549,3.882982683,1.204550222,8.77020836,92.77808353,18.89255794,16.48627163,8.772090748,0.2721213233,1.981287837,0.03207754164,0.7703657668,0.2792580447,1.839112522,3615938.045,84.71
43101,中央区,Chuuou-ku,designated_city_ward,43100,False,True,False,overlapping_hierarchy,7367.465619,7972.02381,0.9960693753,61.03401564,11.26387985,10.11722542,9.429232755,1.43998464,12.58653241,486.5646259,89.79591837,80.6547619,75.17006803,1.147959184,10.03401361,0.005134183535,0.8547238021,,2.350276087,,67.84
43102,東区,Higashi-ku,designated_city_ward,43100,False,True,False,overlapping_hierarchy,3776.130703,3968.257956,0.8979812583,37.21428421,7.60325869,6.389692071,2.374369473,1.21356662,7.809037378,147.6758794,30.17169179,25.3559464,9.422110553,0.4815745394,3.098827471,0.01341919215,0.7801706669,,-0.7013687158,,85.06
43103,西区,Nishi-ku,designated_city_ward,43100,False,True,False,overlapping_hierarchy,1020.676145,1377.7123,0.7372473321,32.29981245,7.414150498,6.821895873,2.105794224,1.425798173,8.445112254,44.4998489,10.21456633,9.398609852,2.901178604,0.196433968,1.163493503,0.06800056964,0.742713377,,9.173904844,,88.55
43104,南区,Minami-ku,designated_city_ward,43100,False,True,False,overlapping_hierarchy,1189.246432,1301.651577,0.5938668032,36.22285579,8.576080227,6.787485955,1.681584358,1.14653479,6.879208738,47.14953736,11.16306835,8.834941797,2.188836932,0.1492388817,0.8954332902,0.0519683501,0.7343622806,,4.333435443,,99.15
43105,北区,Kita-ku,designated_city_ward,43100,False,True,False,overlapping_hierarchy,1212.354777,1569.570098,0.6802328492,29.77122711,5.921349038,5.535174101,1.709181667,0.7866526499,6.936846095,46.72802784,9.293972387,8.687843754,2.682680436,0.1234706477,1.08878662,0.05057390454,0.6991700928,,-2.455067962,,98.07
43202,八代市,Yatsushiro-shi,basic_municipality,,True,True,True,,180.6382011,672.166694,0.4435957649,45.27615039,10.40083857,9.01135154,3.802806601,1.21884827,9.669529606,30.43312032,6.991097275,6.057130373,2.556119941,0.08192692119,0.6499535747,0.13626138,0.6407255088,0.1027462608,-6.432100514,3086244.178,107.92
43203,人吉市,Hitoyoshi-shi,basic_municipality,,True,True,True,,147.7463785,589.9487958,0.3702263083,60.91680597,13.24418156,11.99048476,7.940079722,0.642921435,12.21550727,35.93779632,7.813388963,7.073772046,4.68424047,0.03792907263,0.72065238,0.07255607865,0.7306147881,0.06649251959,-5.480465335,3032255.326,97.79
43204,荒尾市,Arao-shi,basic_municipality,,True,True,True,,886.037999,1053.512953,0.5086362921,31.7909978,7.416587976,6.846081209,2.459080894,0.7869058861,9.04941769,33.49222798,7.813471503,7.212435233,2.590673575,0.0829015544,0.9533678756,0.038934895,0.6745665004,0.2265992679,-1.896565788,3076050.915,100.44
43205,水俣市,Minamata-shi,basic_municipality,,True,True,True,,144.2648049,552.4624765,0.4564672921,48.18100777,10.95215859,9.466400645,4.83932589,0.4245022711,10.18805451,26.61819887,6.05065666,5.229831144,2.673545966,0.0234521576,0.5628517824,0.05843716797,0.7094561963,0.0551166636,-8.179675586,2904393.716,100.09
43206,玉名市,Tamana-shi,basic_municipality,,True,True,True,,421.310616,507.0347003,0.1907546818,36.86306228,9.33242083,8.150314192,3.064144839,0.4666210415,9.487961177,18.69085174,4.731861199,4.132492114,1.55362776,0.02365930599,0.4810725552,0.1679943467,0.5788577669,0.4062909567,-5.656578569,3036129.187,113.86
43208,山鹿市,Yamaga-shi,basic_municipality,,True,True,True,,163.5857052,337.4285911,0.251463539,42.79449261,9.933707292,9.260581336,4.875063743,0.6119326874,8.771035186,14.44008535,3.351916856,3.124784913,1.64498589,0.02064835846,0.2959598045,0.1542531376,0.5776392421,0.2235643498,-1.562434899,2816156.591,119.81
43210,菊池市,Kikuchi-shi,basic_municipality,,True,True,True,,167.6575763,368.4394348,0.135147363,42.59307135,8.768528094,7.949844881,3.748707342,0.8617718028,9.479489831,15.69296714,3.230671535,2.929036355,1.381171615,0.0317510716,0.3492617876,0.1606894755,0.5494963529,0.2094997291,2.682460997,2890251.989,110
43211,宇土市,Uto-shi,basic_municipality,,True,True,True,,486.1641992,787.6580898,0.2814628204,36.40440729,8.471291734,8.083716295,2.685344112,1.937877194,5.536791983,28.6742259,6.672481465,6.367204536,2.115133014,0.1526384649,0.4361098997,0.07868383405,0.6651116502,0.2422611036,-3.513820103,3037024.457,113.02
43212,上天草市,Kamiamakusa-shi,basic_municipality,,True,True,True,,193.9133181,485.242987,,57.97337459,12.74274315,11.7656638,3.419777714,0.4071163946,8.956560681,28.13117345,6.183326748,5.709205847,1.659423153,0.01975503753,0.4346108258,0.1191746709,0.6676449662,0.07894529091,-11.44455748,2983616.15,117.8
43213,宇城市,Uki-shi,basic_municipality,,True,True,True,,302.2844119,441.4924911,0.1396584374,38.97811755,9.538504699,8.6618039,2.770374527,0.7013606396,7.539626876,17.20854621,4.211178201,3.824121381,1.223099551,0.0309645456,0.3328688651,0.151251003,0.6206506674,0.2862140245,-2.235786784,2944333.2,107.64
43214,阿蘇市,Aso-shi,basic_municipality,,True,True,True,,66.25033218,183.3088235,,50.7019655,11.23144805,10.66987565,5.856397914,0.4011231448,8.022462896,9.294117647,2.058823529,1.955882353,1.073529412,0.007352941176,0.1470588235,0.1862367283,0.5798662996,0.2311985118,-5.047579644,2829427.349,128.32
43215,天草市,Amakusa-shi,basic_municipality,,True,True,True,,110.8230236,341.6726781,0.1869020757,57.33475846,15.24088516,13.34072285,4.275365187,0.395867147,9.104944381,19.58972047,5.207394049,4.558160505,1.460775473,0.01352569883,0.311091073,0.1224198882,0.7074637929,0.06873153754,-5.26974416,2920933.764,110.53
43216,合志市,Koshi-shi,basic_municipality,,True,True,True,,1161.346118,1340.538194,0.6607524445,25.48080036,4.694683675,4.548986596,1.748364955,0.6475425759,6.313540115,34.15798611,6.293402778,6.098090278,2.34375,0.08680555556,0.8463541667,0.04307528409,0.6723721591,0.3948110547,6.215469613,3479651.699,105.71
43348,美里町,Misato-machi,basic_municipality,,True,True,True,,65.22222222,234.9174587,,38.9693356,7.879045997,7.666098807,1.916524702,0,5.323679727,9.154577289,1.850925463,1.80090045,0.4502251126,0,0.1250625313,0.1353818749,0.5664662659,0.07638888889,-4.749768304,2666222.074,
43364,玉東町,Gyokuto-machi,basic_municipality,,True,True,True,,207.3571722,301.7344498,,30.92170466,7.532210109,7.135777998,1.189296333,0,3.96432111,9.330143541,2.272727273,2.153110048,0.3588516746,0,0.1196172249,0.2148119426,0.5467235363,0.2877106453,2.326483133,2842626.368,
43367,南関町,Nankan-machi,basic_municipality,,True,True,True,,130.2814858,255.8119658,,42.87782604,10.02338791,9.355162045,1.893306604,1.113709767,5.568548836,10.96866097,2.564102564,2.393162393,0.4843304843,0.02849002849,0.1424501425,0.1431119037,0.5124832813,0.2031340685,-4.73605175,2794524.96,
43368,長洲町,Nagasu-machi,basic_municipality,,True,True,True,,790.7407407,804.8167539,,31.48581837,7.155867812,6.180067655,1.626333594,0.6505334374,5.204267499,25.34031414,5.759162304,4.97382199,1.308900524,0.05235602094,0.4188481675,0.05322624558,0.5515927035,0.3600823045,-7.687253614,2850830.622,113.2
43369,和水町,Nagomi-machi,basic_municipality,,True,True,True,,94.57380036,198.0076304,,45.49347035,10.5973025,9.205737529,2.354956112,0,6.422607579,9.00805426,2.098346757,1.822806274,0.4662992794,0,0.1271725307,0.1900934173,0.5450792961,0.1923466289,2.664594205,2783577.339,
43403,大津町,Ozu-machi,basic_municipality,,True,True,True,,355.0655903,701.2156238,0.2469946287,34.64347628,7.303833802,6.110211158,2.870378265,1.136783471,6.536504959,24.29254683,5.121562375,4.284575528,2.012754085,0.07971303308,0.4583499402,0.06978193146,0.5618804871,0.2219979818,3.577029965,3610501.073,97.46
43404,菊陽町,Kikuyo-machi,basic_municipality,,True,True,True,,1156.887347,1308.089345,0.7420679789,36.34307866,9.922237349,9.345363085,3.368945705,2.307497058,7.383990585,47.53999396,12.97917296,12.22456988,4.40688198,0.3018412315,0.9658919408,0.0418460067,0.6296987088,0.3737319808,-3.450561002,3873949.58,87.64
43423,南小国町,Minamioguni-machi,basic_municipality,,True,True,True,,32.35547886,170.6096451,,69.6,13.33333333,13.6,10.13333333,2.666666667,5.333333333,11.8744313,2.274795268,2.320291174,1.728844404,0.04549590537,0.09099181074,0.1892758937,0.6750687443,0.07765314927,-3.943217666,2827221.439,
43424,小国町,Oguni-machi,basic_municipality,,True,True,True,,48.12326566,248.961088,,68.74051593,14.87101669,13.65705615,8.194233687,1.517450683,4.552352049,17.11371364,3.702304496,3.400075557,2.040045334,0.0377786173,0.1133358519,0.1599092713,0.6694074284,0.1022345553,-47.65687053,2810163.797,
43425,産山村,Ubuyama-mura,basic_municipality,,True,True,True,,22.72652524,93.88586957,,49.2040521,10.85383502,8.683068017,3.617945007,0,14.47178003,4.619565217,1.019021739,0.8152173913,0.339673913,0,0.1358695652,0.4153275649,0.4462299135,0.1480019734,-11.75606172,2721132.898,
43428,高森町,Takamori-machi,basic_municipality,,True,True,True,,33.06866217,128.2738755,,57.17740542,14.68301952,14.1647953,5.527724996,0,8.637070306,7.334367383,1.883447817,1.816973189,0.7090627077,0,0.1107910481,0.2143342391,0.5811820652,0.1313835256,-3.949854027,2696558.41,
43432,西原村,Nishihara-mura,basic_municipality,,True,True,True,,83.21678322,205.2379431,,45.44039838,8.870214753,7.780890134,5.135387488,0,6.224712107,9.3260939,1.820504631,1.596933887,1.053976365,0,0.127754711,0.1600341103,0.5554292211,0.1424501425,20.3562341,3104563.421,
43433,南阿蘇村,Minamiaso-mura,basic_municipality,,True,True,True,,71.62831343,193.5458481,,49.61366409,10.16673444,10.16673444,6.913379423,0,8.133387556,9.602518693,1.96772924,1.96772924,1.338055884,0,0.1574183392,0.2104004782,0.5722255429,0.2257500728,1.895072811,2945369.559,
43441,御船町,Mifune-machi,basic_municipality,,True,True,True,,164.6268807,374.9540018,,41.09673066,9.262099,7.973992517,1.594798503,0.6133840397,6.747224437,15.40938362,3.472861086,2.989880405,0.597976081,0.02299908004,0.2529898804,0.08867182545,0.6591399213,0.1312733515,9.669947887,2960651.289,118.88
43442,嘉島町,Kashima-machi,basic_municipality,,True,True,True,,573.3933934,573.3933934,,69.96962397,25.243532,24.19608254,5.237247303,4.189797842,12.56939353,40.12012012,14.47447447,13.87387387,3.003003003,0.2402402402,0.7207207207,0.07301030476,0.6952422714,0.4804804805,11.60522723,3301391.741,
43443,益城町,Mashiki-machi,basic_municipality,,True,True,True,,494.9756395,717.5016553,0.6556136573,31.34420178,5.475238388,4.521685635,0.9843125192,1.537988311,6.151953245,22.48951666,3.928492606,3.244316928,0.7062458618,0.1103509159,0.4414036637,0.07174623937,0.6835840419,0.3349573691,4.573841147,3090689.327,106.12
43444,甲佐町,Kosa-machi,basic_municipality,,True,True,True,,174.9007423,312.5231339,,44.70983024,9.8697197,8.685353336,1.677852349,0,4.93485985,13.97285626,3.084515731,2.714373843,0.5243676743,0,0.1542257866,0.1440961955,0.6140350877,0.2071465562,-2.010454363,2679087.875,
43447,山都町,Yamato-cho,basic_municipality,,True,True,True,,24.79115795,96.69172932,,50.06294897,11.99733393,11.18270014,5.332148411,0,8.886914019,4.840673111,1.160042965,1.081274615,0.5155746509,0,0.08592910849,0.3746645196,0.4579978529,0.08996272973,-7.216574843,2782137.699,
43468,氷川町,Hikawa-cho,basic_municipality,,True,True,True,,332.5539568,369.4305694,,40.38218857,8.11249324,7.211105102,2.614025599,0.9013881377,8.11249324,14.91841492,2.997002997,2.664002664,0.9657009657,0.0333000333,0.2997002997,0.2779599271,0.5236794171,0.4496402878,-2.513498417,2797357.926,
43482,芦北町,Ashikita-machi,basic_municipality,,True,True,True,,67.00995684,305.4938632,,36.41349404,8.736687711,8.226516166,1.913143294,0.6377144315,10.2034309,11.12409897,2.669004481,2.513150205,0.5844535359,0.01948178453,0.3117085525,0.1531046215,0.6168131557,0.05982650314,-8.200578074,2791518.034,107.71
43484,津奈木町,Tsunagi-machi,basic_municipality,,True,True,True,,124.8239437,346.6992665,,31.49976493,6.34696756,5.641748942,2.350728726,0,9.402914904,10.9209454,2.200488998,1.95599022,0.814995925,0,0.32599837,0.164209456,0.6273512964,0.08802816901,-5.356708059,2624103.3,
43501,錦町,Nishiki-machi,basic_municipality,,True,True,True,,120.9783631,278.0540541,,40.14385692,11.56687403,10.78926905,2.721617418,0,8.748055988,11.16216216,3.216216216,3,0.7567567568,0,0.2432432432,0.1881789726,0.5816608359,0.1881467545,-9.269410944,2743853.487,
43505,多良木町,Taragi-machi,basic_municipality,,True,True,True,,54.72084891,263.9906923,,48.47950639,11.12825033,9.475539885,4.186866461,0,8.814455707,12.79813845,2.937754508,2.501454334,1.105293775,0,0.2326934264,0.2105487935,0.5319239804,0.0964668998,-13.45992068,2957508.92,
43506,湯前町,Yunomae-machi,basic_municipality,,True,True,True,,74.98449452,280.7275542,,48.52495175,12.13123794,12.40694789,2.481389578,0,8.271298594,13.62229102,3.405572755,3.482972136,0.6965944272,0,0.2321981424,0.2329059829,0.5384615385,0.1240438288,-6.386066763,2674493.927,
43507,水上村,Mizukami-mura,basic_municipality,,True,True,True,,10.64620863,128.6708861,,43.77766847,8.362026562,8.362026562,3.443187408,0,19.67535662,5.632911392,1.075949367,1.075949367,0.4430379747,0,0.253164557,0.2831683168,0.5316831683,0.02094679514,-7.759958614,2736000,
43510,相良村,Sagara-mura,basic_municipality,,True,True,True,,43.05056061,161.1243072,,46.92874693,9.582309582,7.616707617,0.9828009828,0,7.371007371,7.561361837,1.543942993,1.227236738,0.1583531275,0,0.1187648456,0.2050125313,0.5107769424,0.08462026655,-6.311537491,2739193.084,
43511,五木村,Itsuki-mura,basic_municipality,,True,True,True,,3.681005852,63.81082934,,53.7056928,11.81525242,10.74113856,3.222341568,0,10.74113856,3.427004798,0.7539410555,0.6854009596,0.2056202879,0,0.06854009596,0.1825902335,0.5477707006,0.00395381939,-61.35629709,2758152.174,
43512,山江村,Yamae-mura,basic_municipality,,True,True,True,,26.7183761,198.4068627,,24.70660902,4.941321804,4.014823965,0.6176652254,0,0,4.901960784,0.9803921569,0.7965686275,0.1225490196,0,0,0.1764705882,0.5821078431,0.0330060236,-7.590132827,2653846.154,
43513,球磨村,Kuma-mura,basic_municipality,,True,True,True,,11.72078235,92.75638582,,28.36004932,5.343197698,4.932182491,0,0,4.110152076,2.630575677,0.4956157072,0.457491422,0,0,0.03812428517,0.191206544,0.5572597137,0.02890451874,-33.2326284,2678486.998,
43514,あさぎり町,Asagiri-cho,basic_municipality,,True,True,True,,91.97793933,272.5348189,,41.63259744,9.880076315,9.266830199,3.543199782,0,7.495230308,11.3463324,2.69266481,2.52553389,0.965645311,0,0.2042711235,0.2226310948,0.5425154422,0.181749812,-4.979371177,2708829.646,
43531,苓北町,Reihoku-machi,basic_municipality,,True,True,True,,105.2678307,273.5101884,,46.52797301,10.82372786,11.52656733,2.108518414,1.405678943,8.434073658,12.72587466,2.960399846,3.152633602,0.5767012687,0.03844675125,0.2306805075,0.1500465983,0.6489593041,0.08878366381,-5.785920926,2966472.303,
44201,大分市,Oita-shi,basic_municipality,,True,True,True,,946.7027608,1934.412494,0.7384706926,40.53497164,8.422796638,6.940502172,3.563814354,1.450756286,8.136850471,78.41135559,16.29316305,13.42579412,6.893887013,0.2806361085,1.574002522,0.01722208686,0.7440870985,0.07563844822,-0.5857499926,3521631.833,85.78
44202,別府市,Beppu-shi,basic_municipality,,True,True,True,,920.0654221,2629.297766,0.8758855716,46.70441637,9.157048586,8.411304099,6.529599986,0.6070013267,10.23230808,122.7998176,24.07660739,22.11582307,17.16826265,0.1595987232,2.690378477,0.01216370064,0.8242155512,0.02393489708,-0.3835347634,3177067.205,82.05
44203,中津市,Nakatsu-shi,basic_municipality,,True,True,True,,168.6126485,739.0563682,0.3110193935,46.57084585,11.16300399,10.07687388,4.959994207,0.8447678699,8.447678699,34.4184802,8.25008919,7.447377809,3.665715305,0.06243310738,0.6243310738,0.0432304038,0.6055687516,0.07732378317,1.803149993,3169677.903,103.21
44204,日田市,Hita-shi,basic_municipality,,True,True,True,,94.07534195,541.5471046,0.4446270967,60.98281118,13.59784222,12.11357071,5.745567135,1.11719361,8.299152529,33.02506482,7.363872083,6.560069144,3.111495246,0.06050129646,0.4494382022,0.09951825558,0.6493407708,0.04954731769,-4.26860664,2949257.881,112.31
44205,佐伯市,Saiki-shi,basic_municipality,,True,True,True,,74.0206391,554.5959847,0.3357765778,51.48763668,11.77244918,10.39625436,4.846599153,0.7479319681,8.376838043,28.55483657,6.528953045,5.765720923,2.68790443,0.04148000664,0.4645760743,0.07996237065,0.6452089773,0.01993046482,-4.592707525,3034805.451,111.57
44206,臼杵市,Usuki-shi,basic_municipality,,True,True,True,,124.168956,426.3412333,0.3552187621,42.67382045,9.569113336,9.154267382,3.816582776,1.106255877,8.850047016,18.19360924,4.079707582,3.902841646,1.627166608,0.0471642495,0.377313996,0.09158415842,0.6364480198,0.07898351648,-5.387591345,2934256.816,112.06
44207,津久見市,Tsukumi-shi,basic_municipality,,True,True,True,,202.5666834,537.0246831,0.4121118012,52.85714286,11.98757764,10.55900621,4.782608696,0,9.937888199,28.38559039,6.437625083,5.670446965,2.568378919,0,0.5336891261,0.07491947906,0.6370256267,0.03774534474,-8.611481976,3250353.607,108.92
44208,竹田市,Taketa-shi,basic_municipality,,True,True,True,,42.57742969,141.8643595,,58.47924454,14.06649616,12.93527444,4.22978556,0.4918355302,11.80405272,8.296120569,1.995534468,1.835054424,0.6000558191,0.006977393246,0.1674574379,0.3105844279,0.5601561013,0.1361171026,-4.863350426,2826231.994,116.99
44209,豊後高田市,Bungotakada-shi,basic_municipality,,True,True,True,,107.2148953,250.3906692,,49.5658466,10.35636758,9.94934877,4.477206946,1.808972504,7.235890014,12.4108255,2.59313781,2.491224097,1.121050844,0.04529498358,0.1811799343,0.1386695618,0.5449072246,0.1454615981,3.356630495,2876310.772,122.6
44210,杵築市,Kitsuki-shi,basic_municipality,,True,True,True,,99.96786632,242.8782096,,41.18004214,9.071752563,8.036001286,2.714382657,0,9.28604593,10.00173491,2.20333102,1.951769604,0.6592643997,0,0.225537821,0.1362644216,0.5573744933,0.1213938875,-7.035521737,2781417.568,108.33
44211,宇佐市,Usa-shi,basic_municipality,,True,True,True,,120.1935998,300.5524547,,45.85852078,9.872846829,9.039055542,3.524663167,0.5684940592,8.527410889,13.78289099,2.967308349,2.716710331,1.059346167,0.0170862285,0.2562934275,0.09486754263,0.5944635795,0.1799339483,-1.673978296,3083232.694,114.47
44212,豊後大野市,Bungoono-shi,basic_municipality,,True,True,True,,55.8659681,213.4756716,,44.72473661,10.4763318,9.645347974,2.967799377,0.890339813,8.90339813,9.547643183,2.236441967,2.059047136,0.633552965,0.01900658895,0.1900658895,0.1837334014,0.6219356486,0.101137381,-8.594287143,2950641.242,111.78
44213,由布市,Yufu-shi,basic_municipality,,True,True,True,,102.63059,364.4978312,,42.99401928,10.55779324,10.34419627,4.058342487,0.6102770658,9.154155987,15.67122678,3.848292737,3.770437104,1.479257035,0.02224446669,0.3336670003,0.0893696478,0.7585474213,0.1033446073,3.221860923,3004983.876,104.63
44214,国東市,Kunisaki-shi,basic_municipality,,True,True,True,,82.46463376,215.670476,,47.61360171,11.09332113,10.48337908,3.125953034,0,8.005489478,10.26884815,2.39250185,2.260955356,0.674175779,0,0.1726547727,0.1664538781,0.5367060326,0.116315624,-43.94990827,2757616.58,110.22
44322,姫島村,Himeshima-mura,basic_municipality,,True,True,True,,246.7811159,387.6404494,,56.8115942,15.07246377,16.8115942,4.057971014,0,5.797101449,22.02247191,5.842696629,6.516853933,1.573033708,0,0.2247191011,0.2177835052,0.6546391753,0,-4.675628288,2699463.327,
44341,日出町,Hiji-machi,basic_municipality,,True,True,True,,378.4193284,661.0157368,,35.78256321,8.440644952,7.863506835,2.561050391,0.7214226455,6.132092486,23.65283739,5.579399142,5.197901764,1.692894611,0.04768717215,0.4053409633,0.05847579486,0.6864515098,0.09555009555,-0.4312048582,3121163.575,107.19
44461,九重町,Kokonoe-machi,basic_municipality,,True,True,True,,31.47363378,145.0823849,,60.88280061,8.429926238,8.19576162,5.15162159,0,7.024938532,8.833021913,1.223033803,1.189060642,0.7474095465,0,0.1019194836,0.2687471935,0.5484957342,0.07370011424,-8.913514816,2744201.91,
44462,玖珠町,Kusu-machi,basic_municipality,,True,True,True,,50.19539428,319.4049734,,53.87181982,13.20728486,12.37314055,6.534130405,0.6951202558,9.036563325,17.20692718,4.218472469,3.952042629,2.087033748,0.02220248668,0.2886323268,0.1594827586,0.6338819227,0.06978367062,-6.80764774,2885279.001,
45201,宮崎市,Miyazaki-shi,basic_municipality,,True,True,True,,623.6135929,1349.129353,0.6910492128,43.83825145,9.453354894,7.973309347,5.581316543,1.569745278,9.642720991,59.14347183,12.75379857,10.75702568,7.529917978,0.2117789431,1.300927793,0.04699198157,0.771524609,0.1258604348,-1.936609008,3388052.111,85.69
45202,都城市,Miyakonojo-shi,basic_municipality,,True,True,True,,245.8675156,552.2172568,0.4297622012,47.81499004,11.03710159,9.294073705,4.855577689,1.431772908,8.092629482,26.40426263,6.094877965,5.132347886,2.681333792,0.07906497078,0.4468889653,0.08419047111,0.6633447026,0.1867270724,13.55075227,3038339.351,95.74
45203,延岡市,Nobeoka-shi,basic_municipality,,True,True,True,,136.3954748,893.8094519,0.6658952312,49.22546751,10.65932395,9.020727402,5.625285065,1.182492356,7.094954136,43.99818813,9.527404499,8.062811415,5.027932961,0.1056922845,0.6341537068,0.05012508278,0.653336767,0.03110527407,-4.783387165,3081970.351,96.14
45204,日南市,Nichinan-shi,basic_municipality,,True,True,True,,94.93829235,463.7300502,0.2415434235,47.92715544,10.79688483,9.538231592,5.663939585,0.3933291378,9.439899308,22.2252622,5.006839945,4.423164615,2.626538988,0.01823985408,0.4377564979,0.1163919374,0.6786323292,0.04667749585,-3.008423586,2965969.438,103.34
45205,小林市,Kobayashi-shi,basic_municipality,,True,True,True,,77.57349676,297.4187836,0.1668651248,49.96565148,11.01442638,10.02976872,5.152278452,1.144950767,7.098694756,14.86072329,3.275897296,2.983041613,1.53238439,0.03405298645,0.211128516,0.1889848812,0.605127242,0.1136868283,-6.773618538,3268476.715,100.88
45206,日向市,Hyuga-shi,basic_municipality,,True,True,True,,176.9984268,745.455682,0.6668231901,55.05710309,12.5610022,10.76657331,7.261567358,1.006221805,7.882070804,41.04263033,9.363670459,8.02600325,5.413176647,0.07500937617,0.5875734467,0.06567825966,0.634855203,0.04155659117,-5.358964164,3061020.494,97.16
45207,串間市,Kushima-shi,basic_municipality,,True,True,True,,57.03919707,251.4499253,,43.51444537,9.03578647,9.03578647,3.269527999,1.783378909,10.70027345,10.94170404,2.272047833,2.272047833,0.822122571,0.04484304933,0.269058296,0.2548607462,0.5767209669,0.09833175098,-13.89667851,2768232.819,102.61
45208,西都市,Saito-shi,basic_municipality,,True,True,True,,65.20203286,277.6591615,0.2300943726,43.06186648,9.577070954,9.367354072,4.788535477,1.398112548,9.437259699,11.95652174,2.659161491,2.600931677,1.329580745,0.03881987578,0.2620341615,0.2232836672,0.5369644258,0.0888807858,-4.380653893,2720611.106,105.76
45209,えびの市,Ebino-shi,basic_municipality,,True,True,True,,62.34050825,235.2674403,,49.49540764,10.82889216,9.468193673,4.649053181,0.566957705,10.20523869,11.64465786,2.547685741,2.22755769,1.093770842,0.0133386688,0.2400960384,0.2186988065,0.5746548093,0.1272399533,-14.00363274,2808633.583,102.85
45341,三股町,Mimata-cho,basic_municipality,,True,True,True,,232.6031631,816.5603063,,32.04251495,6.447579227,5.861435661,1.953811887,1.172287132,5.470673284,26.16464582,5.264837269,4.786215699,1.595405233,0.09572431398,0.4467134652,0.06886583914,0.6776058493,0.1181603345,-2.219280486,2974570.447,100.58
45361,高原町,Takaharu-cho,basic_municipality,,True,True,True,,101.1710973,194.967276,,39.35640699,8.797314504,8.334297951,1.96782035,0,8.102789675,7.673211465,1.715188445,1.624915369,0.3836605732,0,0.1579778831,0.2080291971,0.5617831074,0.2459304368,-8.697724294,2716808.149,
45382,国富町,Kunitomi-cho,basic_municipality,,True,True,True,,140.840542,343.6309301,,38.86291988,8.533536254,7.392107838,2.989455376,0.543537341,7.609522774,13.35450131,2.932387,2.540156892,1.027269331,0.01867762421,0.2614867389,0.1877729258,0.5808925338,0.1913802342,4.220797018,2671977.367,110.15
45383,綾町,Aya-cho,basic_municipality,,True,True,True,,72.84378611,351.8011162,,43.26507067,8.941447938,8.508797231,4.903374676,1.442169022,7.210845111,15.22070015,3.145611365,2.993404363,1.725012684,0.05073566717,0.2536783359,0.2160979878,0.5505978419,0.07353713625,-4.421518055,2756689.996,
45401,高鍋町,Takanabe-cho,basic_municipality,,True,True,True,,454.8401826,548.5132159,0.4845397048,48.33852023,12.24776629,11.14345949,7.127798414,1.00391527,11.04306797,26.51431718,6.718061674,6.112334802,3.90969163,0.0550660793,0.6057268722,0.1159237011,0.6746759406,0.3424657534,-1.86770428,2891068.344,98.24
45402,新富町,Shintomi-cho,basic_municipality,,True,True,True,,269.4209499,336.5298659,,36.2835064,8.089833374,7.184255011,3.078966433,0.6037189085,7.84834581,12.21048354,2.72247054,2.417716375,1.036164161,0.02031694433,0.2641202763,0.1821880651,0.612454792,0.357839948,-3.458737864,2888679.519,106.88
45403,西米良村,Nishimera-son,basic_municipality,,True,True,True,,3.683105595,69.83240223,,78,17,18,6,0,40,5.446927374,1.187150838,1.25698324,0.4189944134,0,0.2793296089,0.237258348,0.6133567663,0.003683105595,-23.20887992,3203562.341,
45404,木城町,Kijo-cho,basic_municipality,,True,True,True,,33.53658537,190.2448504,,44.73953013,8.375893769,7.558733401,2.451481103,0,10.2145046,8.511465216,1.593470657,1.438010105,0.4663816557,0,0.1943256899,0.2110839446,0.5782396088,0.04795834475,-9.978768577,2636904.762,
45405,川南町,Kawaminami-cho,basic_municipality,,True,True,True,,168.5974257,261.1101564,,41.26628932,7.305515335,6.713176254,2.764249046,1.974463604,5.923390812,10.77504726,1.907544252,1.752878501,0.7217735006,0.05155525004,0.1546657501,0.293594306,0.4783934926,0.3550821127,-8.141205446,2893008.475,109.54
45406,都農町,Tsuno-cho,basic_municipality,,True,True,True,,97.01302517,295.0848972,,33.71693923,6.66262871,6.056935191,4.441752473,2.018978397,6.056935191,9.949359547,1.966041108,1.787310098,1.310694072,0.05957700328,0.1787310098,0.2633299285,0.5074565884,0.1371070414,-0.9982032342,2704217.379,
45421,門川町,Kadogawa-cho,basic_municipality,,True,True,True,,144.3438538,829.9426934,0.5080844698,36.6534323,8.631106508,7.365210887,1.726221302,0.5754071005,2.877035503,30.42024833,7.163323782,6.112702961,1.432664756,0.04775549188,0.2387774594,0.07094512932,0.6015228426,0.03322259136,-2.884219201,2815217.391,100.72
45429,諸塚村,Morotsuka-son,basic_municipality,,True,True,True,,7.922798038,101.9903912,,51.81695828,11.44010767,12.11305518,2.01884253,0,13.4589502,5.284831846,1.166781057,1.235415237,0.2059025395,0,0.1372683596,0.4094674556,0.4461538462,0.01066325443,-16.35846373,3052742.616,
45430,椎葉村,Shiiba-son,basic_municipality,,True,True,True,,4.658564276,78.5131744,,55.13383939,11.18657611,10.78705553,2.796644027,0,11.98561726,4.328732748,0.878293601,0.8469259724,0.2195734003,0,0.09410288582,0.3298033283,0.482602118,0.005583576839,-19.95012469,3188861.985,
45431,美郷町,Misato-cho,basic_municipality,,True,True,True,,10.75216113,90.68019542,,50.76668048,12.63986738,11.81102362,3.729796933,0,12.43265644,4.603532507,1.146185644,1.07102593,0.3382187148,0,0.1127395716,0.3812,0.4712,0.02450761964,-9.730207873,2690426.275,
45441,高千穂町,Takachiho-cho,basic_municipality,,True,True,True,,49.01069294,289.5299677,,58.83868751,15.20357327,13.82923896,6.957567428,0.8589589418,4.294794709,17.03556329,4.401890077,4.00397911,2.014424273,0.02486943546,0.1243471773,0.2403814535,0.5991450181,0.07998652858,-6.756131421,2874521.806,
45442,日之影町,Hinokage-cho,basic_municipality,,True,True,True,,13.09107934,142.8852201,,46.2173315,11.27922971,11.27922971,3.026134801,0,5.502063274,6.603773585,1.61163522,1.61163522,0.4323899371,0,0.0786163522,0.3096676737,0.4944612286,0.0252097814,0,2769444.444,
45443,五ヶ瀬町,Gokase-cho,basic_municipality,,True,True,True,,20.21778373,169.7799511,,43.49078341,9.216589862,8.928571429,2.880184332,0,2.880184332,7.383863081,1.564792176,1.515892421,0.488997555,0,0.0488997555,0.3553355336,0.4928492849,0.04076166075,-6.406345333,2889218.595,
46201,鹿児島市,Kagoshima-shi,basic_municipality,,True,True,True,,1083.121199,2386.832998,0.8067516624,44.83855087,9.921972997,7.767294749,4.373423612,1.180183704,9.087414521,107.0221328,23.68209256,18.53923541,10.43863179,0.2816901408,2.169014085,0.01216640936,0.8163321702,0.05478351381,-1.7995376,3470732.434,79.55
46203,鹿屋市,Kanoya-shi,basic_municipality,,True,True,True,,225.5851835,470.1483514,0.2537785867,42.63274511,10.31692649,9.060694785,4.253382923,1.384822347,7.023027617,20.04371483,4.850485979,4.259870716,1.999720969,0.06510719434,0.3301864856,0.1040048995,0.6865854459,0.2075198036,-2.707196885,3071881.662,92.48
46204,枕崎市,Makurazaki-shi,basic_municipality,,True,True,True,,267.8924846,487.5395473,0.4036839215,54.3603055,13.17825588,11.83047971,5.141516498,0.998352718,6.988469026,26.50279873,6.424920905,5.767826722,2.506692626,0.04867364322,0.3407155026,0.1189511831,0.6471967598,0.2005883926,-7.725685258,2919930.626,105.1
46206,阿久根市,Akune-shi,basic_municipality,,True,True,True,,143.5061066,365.0312559,,48.0539699,12.4026985,10.58640374,4.462895693,0.5189413596,8.303061754,17.54120099,4.527372608,3.864368252,1.62909642,0.01894298163,0.303087706,0.129851083,0.6095442238,0.08191837951,-3.416542679,2783199.506,98.63
46208,出水市,Izumi-shi,basic_municipality,,True,True,True,,157.5671253,436.2644739,,44.88979498,10.25118283,8.866407662,4.481286302,0.9616494211,7.693195369,19.58382279,4.472226884,3.868098674,1.955026011,0.04195334788,0.335626783,0.1166720569,0.6192189521,0.1363719013,-1.36173524,2883686.869,98
46210,指宿市,Ibusuki-shi,basic_municipality,,True,True,True,,262.1354657,538.3797957,0.1404475661,50.42167594,12.58619364,11.25323627,4.485914229,1.28168978,9.228166415,27.14601159,6.77615236,6.058515043,2.415125587,0.06900358819,0.4968258349,0.2110515021,0.6540772532,0.2217443892,-6.987932378,2785636.244,94.87
46213,西之表市,Nishinoomote-shi,basic_municipality,,True,True,True,,71.54740478,172.4267292,,53.71226543,13.59804188,12.17024748,5.71117759,2.039706282,3.39951047,9.261430246,2.344665885,2.098475967,0.9847596717,0.03516998828,0.05861664713,0.2280524723,0.6624621594,0.145935691,-2.057467187,3159951.372,84.63
46214,垂水市,Tarumizu-shi,basic_municipality,,True,True,True,,85.23932889,390.1468097,,48.12215066,13.67682177,11.43353354,3.401114408,0,5.789130907,18.77470356,5.335968379,4.460756635,1.326933936,0,0.2258610954,0.1733683885,0.5918651407,0.06168270417,-4.393740846,2821043.363,101.22
46215,薩摩川内市,Satsumasendai-shi,basic_municipality,,True,True,True,,135.3057459,415.2570555,0.2295921128,41.36229343,9.426100884,8.592794606,3.993376838,0.7575511618,10.82215945,17.17598418,3.914254898,3.568218587,1.658277908,0.03145784649,0.4493978069,0.05531516782,0.6500292363,0.06003631465,-3.037465759,3125971.878,91.49
46216,日置市,Hioki-shi,basic_municipality,,True,True,True,,186.3681277,454.9252291,0.1097703221,39.23398299,9.055627426,8.376985558,3.244756431,0.848302335,8.48302335,17.8485287,4.119633382,3.810902074,1.476121563,0.03859141341,0.3859141341,0.06029967664,0.6853850708,0.1067151496,-2.861230329,2863610.671,101.33
46217,曽於市,So-shi,basic_municipality,,True,True,True,,85.37960732,207.4355461,,40.64845392,9.606724707,8.976283398,2.791954368,0.6004202942,6.904833383,8.431934238,1.992776186,1.862000249,0.5791505792,0.01245485116,0.1432307884,0.2040017399,0.5744112347,0.1999282309,-5.530526643,2721803.845,99.55
46218,霧島市,Kirishima-shi,basic_municipality,,True,True,True,,204.1464264,620.4524841,0.4019165956,36.65083039,8.242985341,7.642018922,3.362163479,1.218175174,7.958744467,22.74009876,5.114380732,4.741509624,2.086062683,0.07558198126,0.4938022775,0.04862915919,0.6572531937,0.0928428138,-1.040058503,3162407.499,86.1
46219,いちき串木野市,Ichikikushikino-shi,basic_municipality,,True,True,True,,244.7907391,639.7486619,0.4160421972,45.3619498,10.33102947,9.567115315,3.674063296,0.3637686431,9.457984722,29.02024668,6.609262276,6.12054922,2.350477077,0.02327205027,0.605073307,0.05765595463,0.6580812854,0.08014247551,-2.014879107,2935737.977,98.83
46220,南さつま市,Minamisatsuma-shi,basic_municipality,,True,True,True,,115.9667125,321.2876123,,41.59698361,10.3992459,9.547845653,3.223158087,0.9122145529,10.64250312,13.36459555,3.341148886,3.067604533,1.035560766,0.02930832356,0.3419304416,0.1046707935,0.6845807541,0.1269438274,-4.213031453,2795621.09,101.06
46221,志布志市,Shibushi-shi,basic_municipality,,True,True,True,,101.0404107,218.8731343,,47.52974871,10.50155137,9.205905418,3.682362167,0.6819189198,7.842067578,10.40298507,2.298507463,2.014925373,0.8059701493,0.01492537313,0.171641791,0.2201042336,0.5821375027,0.2170393082,-8.43411285,2884942.518,98.54
46222,奄美市,Amami-shi,basic_municipality,,True,True,True,,134.2392891,602.825517,0.3059193042,57.64677458,14.15800918,12.78086494,8.021261174,1.691229766,8.69775308,34.75094669,8.534809205,7.704631518,4.835420915,0.1019516458,0.5243227498,0.03724179525,0.8212795899,0.04216261797,-7.753671811,3143523.846,78.01
46223,南九州市,Minamikyusyu-shi,basic_municipality,,True,True,True,,92.42547009,194.4967074,,52.08585248,11.72914148,10.67110036,2.902055623,0.6045949214,9.068923821,10.13052681,2.281279398,2.075493885,0.5644402634,0.01175917215,0.1763875823,0.221752451,0.5558210784,0.2486658657,-4.386940903,2709180.53,105.75
46224,伊佐市,Isa-shi,basic_municipality,,True,True,True,,62.29111473,210.1856627,,43.3484644,11.5732221,10.67353699,3.271582219,0.4089477774,8.996851102,9.111225718,2.432525357,2.243424446,0.6876396768,0.00859549596,0.1891009111,0.1698550227,0.5831689114,0.1171795394,-8.000703359,2782294.054,107.36
46225,姶良市,Aira-shi,basic_municipality,,True,True,True,,330.1535135,982.9792713,0.5631319746,35.19411118,8.461256352,7.976633311,3.025619532,1.047833604,8.382668832,34.59508176,8.317239603,7.840865199,2.974121282,0.1029998713,0.82399897,0.02453632707,0.7575301641,0.06918918919,5.414538612,3010655.129,93.24
46303,三島村,Mishima-mura,basic_municipality,,True,True,True,,12.90219815,138.225256,,59.25925926,17.28395062,19.75308642,0,0,98.7654321,8.19112628,2.389078498,2.730375427,0,0,1.365187713,0.179245283,0.7169811321,0,-43.60465116,3802919.708,
46304,十島村,Toshima-mura,basic_municipality,,True,True,True,,7.316590864,26.50429799,,62.16216216,4.054054054,6.756756757,0,0,94.59459459,1.64756447,0.1074498567,0.1790830946,0,0,0.2507163324,0.1777251185,0.6398104265,0,8.915304606,3543478.261,
46392,さつま町,Satsuma-cho,basic_municipality,,True,True,True,,66.61072721,190.0751174,,52.90717779,11.95474979,11.46075186,4.100182779,0.4939979252,9.879958504,10.05633803,2.272300469,2.178403756,0.779342723,0.009389671362,0.1877934272,0.1624951868,0.5269541779,0.09871668312,-8.290543432,2960232.35,112.45
46404,長島町,Nagashima-cho,basic_municipality,,True,True,True,,83.52698167,202.1453864,,46.67697063,9.170530654,8.758371973,2.266872746,0,9.273570325,9.435534264,1.853780462,1.770464487,0.4582378671,0,0.1874609456,0.3861710324,0.4402927581,0.146312075,-11.809767,2920000,
46452,湧水町,Yusui-cho,basic_municipality,,True,True,True,,63.1991129,204.9213483,,49.78616076,13.0496765,12.17238732,3.509156706,1.096611471,8.772891764,10.20224719,2.674157303,2.494382022,0.7191011236,0.02247191011,0.1797752809,0.1461885657,0.6050651956,0.1178182826,-0.7234145165,2711042.312,
46468,大崎町,Osaki-cho,basic_municipality,,True,True,True,,123.0624006,191.0970529,,48.36495761,9.527654421,8.962454582,2.745256358,0,4.037141704,9.242400864,1.820706681,1.712698658,0.5246103996,0,0.07714858818,0.2477370176,0.4988089566,0.3775834658,-17.29058251,2876283.735,
46482,東串良町,Higashikushira-cho,basic_municipality,,True,True,True,,223.9497307,255.6147541,,51.62738496,13.30767997,12.02501203,1.282667949,0,12.82667949,13.19672131,3.401639344,3.073770492,0.3278688525,0,0.3278688525,0.3065875741,0.5145176397,0.5026929982,3.144159723,2953038.674,
46490,錦江町,Kinko-cho,basic_municipality,,True,True,True,,42.55162694,169.5726496,,45.07488479,13.68087558,11.52073733,2.304147465,0,14.40092166,7.643467643,2.31990232,1.953601954,0.3907203907,0,0.2442002442,0.3129652605,0.530707196,0.08578957044,-13.78751014,2753661.088,
46491,南大隅町,Minamiosumi-cho,basic_municipality,,True,True,True,,30.34318086,138.631016,,51.68955408,11.41799105,10.95509952,2.623051998,0,12.34377411,7.165775401,1.582887701,1.518716578,0.3636363636,0,0.1711229947,0.3394255875,0.5257832898,0.05618240554,-14.20838972,2616265.75,
46492,肝付町,Kimotsuki-cho,basic_municipality,,True,True,True,,46.18406103,235.1959001,,46.17979897,11.59766641,10.82448865,3.022422155,0.7028888733,6.325999859,10.86129939,2.727723591,2.545875351,0.7108612994,0.01653165813,0.1487849231,0.1681681682,0.6121384542,0.0681707515,-6.40317951,2826759.301,
46501,中種子町,Nakatane-cho,basic_municipality,,True,True,True,,55.05330802,97.64279238,,55.17973206,13.26435867,12.33585356,5.305743467,0,6.632179334,5.387903121,1.29516902,1.204507188,0.5180676078,0,0.06475845098,0.3151016457,0.5711519845,0.2409814517,-9.856378485,2962822.458,
46502,南種子町,Minamitane-cho,basic_municipality,,True,True,True,,49.5,111.2814224,,61.34067952,13.2231405,13.2231405,6.978879706,0,5.509641873,6.826078071,1.471489884,1.471489884,0.7766196607,0,0.06131207848,0.2754704737,0.6109669046,0.1909090909,1.732101617,3057782.405,
46505,屋久島町,Yakushima-cho,basic_municipality,,True,True,True,,21.9413811,209.2465149,,78.93405296,14.42064429,14.25198178,9.86675662,0,9.276437848,16.51667549,3.017469561,2.982177519,2.064584436,0,0.194106229,0.1167346939,0.7247346939,0.01665309748,-7.504856083,2947909.024,
46523,大和村,Yamato-son,basic_municipality,,True,True,True,,15.45433945,154.8240636,,55.71847507,11.73020528,10.99706745,2.19941349,0,21.9941349,8.626560726,1.816118048,1.70261067,0.3405221339,0,0.3405221339,0.1232227488,0.6887835703,0.01133016089,-2.89017341,2639308.855,
46524,宇検村,Uken-son,basic_municipality,,True,True,True,,15.72717571,178.1318681,,55.52128316,9.870450339,10.48735349,4.318322023,0,18.50709439,9.89010989,1.758241758,1.868131868,0.7692307692,0,0.3296703297,0.1986486486,0.6189189189,0.009702144174,6.857855362,6637655.417,
46525,瀬戸内町,Setouchi-cho,basic_municipality,,True,True,True,,35.66033799,200.4691532,,59.67704189,14.97776738,14.39269834,8.776035572,1.170138076,11.70138076,11.96340605,3.002580342,2.885292048,1.759324419,0.02345765893,0.2345765893,0.08745874587,0.7692519252,0.01251825579,-9.401286492,3009962.212,
46527,龍郷町,Tatsugo-cho,basic_municipality,,True,True,True,,71.09508678,385.9986729,,61.54375107,13.23706378,13.06515386,4.641567818,3.438198384,13.75279354,23.75580624,5.109489051,5.04313205,1.791639018,0.1327140013,0.5308560053,0.04201680672,0.7826086957,0.02444390125,15.63019621,2910309.755,
46529,喜界町,Kikai-cho,basic_municipality,,True,True,True,,116.6666667,138.5370951,,59.13410771,14.33096998,13.27500377,8.598581988,0,4.525569467,8.192267503,1.985370951,1.83908046,1.191222571,0,0.06269592476,0.2095435685,0.6452282158,0.4047870468,-0.1585539876,2863444.392,
46530,徳之島町,Tokunoshima-cho,basic_municipality,,True,True,True,,96.7117804,203.2245143,,66.62067606,16.55661772,14.88124569,9.658027003,0.9855129595,3.942051838,13.53895454,3.364710595,3.024233927,1.962747847,0.02002803925,0.08011215702,0.1420229406,0.7232533889,0.2192146397,-15.13612353,3065716.057,
46531,天城町,Amagi-cho,basic_municipality,,True,True,True,,68.61940299,121.0399298,,49.84593076,12.14428131,12.32553924,5.256479971,0,5.437737901,6.03334796,1.469942957,1.491882405,0.6362439667,0,0.06581834138,0.2726289217,0.5831229715,0.2611940299,-1.831166453,2659076.122,
46532,伊仙町,Isen-cho,basic_municipality,,True,True,True,,97.89507256,130.5059524,,39.90877993,8.959113862,9.122006842,3.257859586,0,4.886789379,5.208333333,1.169217687,1.19047619,0.425170068,0,0.0637755102,0.3034033309,0.574583635,0.3827140807,-1.956947162,2567200.986,
46533,和泊町,Wadomari-cho,basic_municipality,,True,True,True,,154.6422382,167.1841542,,67.24303554,17.45116875,16.01024656,10.56676273,0,6.404098623,11.24197002,2.917558887,2.676659529,1.766595289,0,0.1070663812,0.314454776,0.5826993519,0.5694478831,-18.57740586,2922469.136,
46534,知名町,China-cho,basic_municipality,,True,True,True,,107.879925,122.0547654,,63.65217391,14.7826087,13.39130435,7.652173913,0,6.956521739,7.769051157,1.804287837,1.634472511,0.9339842921,0,0.08490766292,0.2733469666,0.6063394683,0.3939962477,-3.715400334,2968159.741,
46535,与論町,Yoron-cho,basic_municipality,,True,True,True,,248.5422741,259.118541,,67.44868035,16.61779081,15.6402737,8.797653959,0,3.910068426,17.47720365,4.30597771,4.052684904,2.279635258,0,0.1013171226,0.2848527847,0.5753813409,0.5344995141,7.704464638,2857583.231,
47201,那覇市,Naha-shi,basic_municipality,,True,True,True,,7668.39691,7705.604076,0.9967099567,52.79811098,9.970877607,8.897284534,8.380952381,2.04643841,8.500590319,406.8413392,76.83163513,68.55895197,64.58030082,1.576904415,6.550218341,0.006548153564,0.8551936235,0,-6.735285109,3606076.763,65.42
47205,宜野湾市,Ginowan-shi,basic_municipality,,True,True,True,,5056.818182,5365.755627,0.9876254682,36.37453184,7.370786517,6.661672909,4.594257179,1.697877653,4.893882647,195.1768489,39.54983923,35.7449089,24.65166131,0.911039657,2.625937835,0.007315856565,0.8110624619,0,-0.6471331999,3251794.23,67.74
47207,石垣市,Ishigaki-shi,basic_municipality,,True,True,True,,207.8856644,432.7882257,0.6770577492,61.12895438,12.4273149,11.73457606,9.257509919,1.679366879,6.297625795,26.45589171,5.378395566,5.078586354,4.006541292,0.07268102117,0.2725538294,0.07769835964,0.7507070499,0.2312895483,-5.960264901,3171298.784,73.3
47208,浦添市,Urasoe-shi,basic_municipality,,True,True,True,,5951.131687,6186.631016,0.9785115395,46.81476359,9.145129225,7.502809232,5.402368398,2.333823148,7.260783127,289.6256684,56.57754011,46.4171123,33.42245989,1.443850267,4.49197861,0.003826729259,0.8171846842,0,-3.991825849,3384609.074,69.51
47209,名護市,Nago-shi,basic_municipality,,True,True,True,,301.2894662,877.5752555,0.5062309217,41.94857916,9.299178651,8.591119363,6.529880102,1.573465085,7.395285899,36.81303507,8.16072908,7.53935377,5.730461199,0.1380834024,0.6489919912,0.05737346428,0.7621168144,0.05688821466,3.41397102,2903557.634,68.91
47210,糸満市,Itoman-shi,basic_municipality,,True,True,True,,1309.16309,1491.613692,0.6130935794,38.58573606,7.851558018,6.687757143,4.196239776,1.31132493,4.753552871,57.55501222,11.71149144,9.975550122,6.259168704,0.195599022,0.7090464548,0.06262888566,0.7323378905,0.3004291845,-7.13253012,2865710.561,75.47
47211,沖縄市,Okinawa-shi,basic_municipality,,True,True,True,,2871.118262,3506.558585,0.9356926698,36.16761937,6.914088769,6.837032056,5.183815288,1.260928043,5.393969962,126.8238762,24.24465733,23.97445345,18.177352,0.4421518055,1.891427168,0.01114240487,0.782394178,0.02011263073,-2.934972026,3226442.901,77.67
47212,豊見城市,Tomigusuku-shi,basic_municipality,,True,True,True,,3340.847983,3569.723757,0.7071132297,35.05540766,7.088466539,7.181328546,2.275119173,1.702470129,6.345570482,125.1381215,25.3038674,25.63535912,8.121546961,0.6077348066,2.26519337,0.02902982257,0.8045300113,0.1034126163,-4.735236534,3236579.854,75.88
47213,うるま市,Uruma-shi,basic_municipality,,True,True,True,,1439.933349,1730.465405,0.4953672298,34.07739639,6.552117667,6.224910816,4.293592332,1.915357174,3.990327446,58.96975556,11.33821295,10.77199282,7.429912995,0.3314459329,0.6905123602,0.03079377932,0.7234037486,0.08044127787,4.285219145,2879113.065,83.38
47214,宮古島市,Miyakojima-shi,basic_municipality,,True,True,True,,259.5929377,331.7102212,0.3726171809,57.43326217,10.93876934,10.14528348,7.783718426,1.511401636,7.179157771,19.0512001,3.628501598,3.365294228,2.581938961,0.05013473711,0.2381400013,0.1533576433,0.6691113205,0.5198626778,3.503665373,3190128.971,76.73
47215,南城市,Nanjo-shi,basic_municipality,,True,True,True,,881.918302,1104.942298,,34.28467634,6.788820017,6.221192925,3.246826965,0.68115251,3.859864224,37.88258906,7.50125439,6.874059207,3.587556448,0.07526342198,0.4264927245,0.07845858241,0.7335076857,0.2603123748,12.31647808,2861213.659,94.01
47301,国頭村,Kunigami-son,basic_municipality,,True,True,True,,23.18788501,157.3867596,,52.24706664,11.51206553,11.06929378,9.962364401,0,6.641576267,8.222996516,1.81184669,1.742160279,1.567944251,0,0.1045296167,0.1974977659,0.672922252,0.02566735113,1.345593182,2634860.051,
47302,大宜味村,Ogimi-son,basic_municipality,,True,True,True,,48.65460268,214.573213,,48.83570505,11.31953428,11.64294955,1.617076326,0,9.702457956,10.47883414,2.428868841,2.498265094,0.346981263,0,0.2081887578,0.2307152875,0.6100981767,0.04720692368,-10.30927835,2605555.556,
47303,東村,Higashi-son,basic_municipality,,True,True,True,,19.51636541,76.27684964,,48.81101377,10.63829787,11.88986233,3.754693367,0,6.257822278,3.723150358,0.8114558473,0.9069212411,0.2863961814,0,0.0477326969,0.3564814815,0.525462963,0.04885197851,-8.230452675,2562851.782,
47306,今帰仁村,Nakijin-son,basic_municipality,,True,True,True,,222.7397946,359.789644,,46.88554081,7.982909827,8.432651226,6.97099168,0,2.248706993,16.86893204,2.872168285,3.033980583,2.508090615,0,0.08090614887,0.2175813502,0.6406022341,0.2003506136,-2.395731243,2563681.77,
47308,本部町,Motobu-cho,basic_municipality,,True,True,True,,230.4579731,379.1225416,,57.38228252,12.76935355,12.29050279,12.45011971,0.798084597,3.192338388,21.75491679,4.841149773,4.659606657,4.720121029,0.03025718608,0.1210287443,0.08642586178,0.7516081148,0.1103549752,0.9303046748,2684915.685,
47311,恩納村,Onna-son,basic_municipality,,True,True,True,,213.7883556,526.854096,,37.53795197,6.348330113,6.440334897,5.152267918,0.9200478425,3.68019137,19.77702375,3.344643723,3.39311682,2.714493456,0.04847309743,0.1938923897,0.1128446249,0.7798674931,0.0590086546,-10.60445387,3021337.44,
47313,宜野座村,Ginoza-son,basic_municipality,,True,True,True,,186.3578275,376.3225806,,37.20212584,6.000342877,5.828904509,2.743013887,0,3.428767358,14,2.258064516,2.193548387,1.032258065,0,0.1290322581,0.1388695045,0.7048150733,0.1597444089,24.15384615,2704890.388,
47314,金武町,Kin-cho,basic_municipality,,True,True,True,,285.5708245,623.9030023,,41.18082547,7.033129743,6.848047381,7.958541551,0,6.477882658,25.69284065,4.387990762,4.272517321,4.965357968,0,0.4041570439,0.0905387053,0.735174287,0.07928118393,7.490636704,2955317.663,
47315,伊江村,Ie-son,basic_municipality,,True,True,True,,180.7726076,237.8971693,,66.77999029,14.08450704,13.59883439,12.62748907,0,4.856726566,15.88677065,3.350664356,3.235124206,3.004043905,0,0.1155401502,0.349864743,0.5175834085,0.4828797191,3.748828491,2777235.772,
47324,読谷村,Yomitan-son,basic_municipality,,True,True,True,,1167.970522,1606.471735,0.4582342377,27.32611756,4.39256419,4.222686017,3.009270495,1.213415522,4.368295879,43.89863548,7.056530214,6.783625731,4.834307992,0.1949317739,0.701754386,0.02740081813,0.7746250243,0.1984126984,5.958996429,3167219.56,91.71
47325,嘉手納町,Kadena-cho,basic_municipality,,True,True,True,,894.2460317,1082.546037,0.9578433548,39.49412026,6.73027143,6.360476296,5.620886029,1.479180534,2.958361068,42.75420336,7.285828663,6.885508407,6.084867894,0.1601281025,0.320256205,0.009592326139,0.7498001599,0,-3.485940042,3928370.221,
47326,北谷町,Chatan-cho,basic_municipality,,True,True,True,,2027.390367,2159.341501,0.7248324527,48.61529733,9.78688699,10.70884011,8.723094926,2.127584128,4.255168256,104.9770291,21.13323124,23.12404288,18.83614089,0.4594180704,0.9188361409,0.006228026118,0.8269211452,0,4.921562596,3854637.91,83.26
47327,北中城村,Kitanakagusuku-son,basic_municipality,,True,True,True,,1557.105719,1895.464135,,40.84812733,10.62941733,12.02070232,5.119928766,1.669541989,3.339083978,77.42616034,20.14767932,22.78481013,9.70464135,0.3164556962,0.6329113924,0.01078680203,0.7861675127,0.08665511265,4.178040221,3621496.637,92.45
47328,中城村,Nakagusuku-son,basic_municipality,,True,True,True,,1426.722473,1752.927215,0.4201381053,28.47858465,5.235365799,4.738908697,1.263708986,1.353973913,4.06192174,49.92088608,9.17721519,8.306962025,2.215189873,0.2373417722,0.7120253165,0.02250304844,0.7642168274,0.1287830006,-0.2645152758,3376892.877,81.96
47329,西原町,Nishihara-cho,basic_municipality,,True,True,True,,2200.251572,2570.462895,0.3131717357,38.5319003,7.689229362,6.745941002,2.858449577,1.429224788,5.431054196,99.04481999,19.76487877,17.34019104,7.347538575,0.3673769287,1.396032329,0.01565503982,0.7776709695,0.06289308176,0.3365209344,3061838.48,74.23
47348,与那原町,Yonabaru-cho,basic_municipality,,True,True,True,,3802.123552,4376.666667,0.8596598121,34.42498096,8.123889312,6.803757299,4.417364813,3.046458492,4.061944656,150.6666667,35.55555556,29.77777778,19.33333333,1.333333333,1.777777778,0.01598622725,0.8133300541,0,-1.305220884,3086472.819,79.54
47350,南風原町,Haebaru-cho,basic_municipality,,True,True,True,,3758.364312,4023.880597,0.7904302671,38.60039565,6.948565776,5.860534125,3.016815035,2.472799209,7.171117705,155.3233831,27.960199,23.58208955,12.13930348,0.9950248756,2.885572139,0.02966224437,0.8016916749,0.1858736059,9.629808856,3137967.851,75.73
47353,渡嘉敷村,Tokashiki-son,basic_municipality,,True,True,True,,37.3374935,351.9607843,,114.2061281,6.963788301,8.356545961,13.9275766,0,13.9275766,40.19607843,2.450980392,2.941176471,4.901960784,0,0.4901960784,0.03720930233,0.9186046512,0,-24.06015038,3148550.725,
47354,座間味村,Zamami-son,basic_municipality,,True,True,True,,53.28554361,266.2686567,,190.5829596,20.1793722,19.05829596,25.78475336,0,22.42152466,50.74626866,5.373134328,5.074626866,6.865671642,0,0.5970149254,0.01559792028,0.9150779896,0,-3.436426117,3249211.356,
47355,粟国村,Aguni-son,basic_municipality,,True,True,True,,89.28104575,168.6419753,,65.88579795,14.64128843,16.10541728,4.39238653,0,29.28257687,11.11111111,2.469135802,2.716049383,0.7407407407,0,0.4938271605,0.07878787879,0.7363636364,0.1307189542,10.35502959,2726495.726,
47356,渡名喜村,Tonaki-son,basic_municipality,,True,True,True,,89.40568475,238.6206897,,49.13294798,11.56069364,14.45086705,5.780346821,0,28.9017341,11.72413793,2.75862069,3.448275862,1.379310345,0,0.6896551724,0.1197916667,0.640625,0,-3.436426117,2796610.169,
47357,南大東村,Minamidaito-son,basic_municipality,,True,True,True,,42.10353866,57.96120884,,59.14396887,9.338521401,10.89494163,14.0077821,0,7.782101167,3.428055931,0.5412719892,0.6314839874,0.8119079838,0,0.0451059991,0.3048192771,0.4228915663,0.5897771953,-2.444987775,3574387.947,
47358,北大東村,Kitadaito-son,basic_municipality,,True,True,True,,45.14154552,63.57758621,,62.71186441,15.25423729,16.94915254,6.779661017,0,16.94915254,3.987068966,0.9698275862,1.077586207,0.4310344828,0,0.1077586207,0.1730769231,0.5,0.3825554705,-31.25,3296666.667,
47359,伊平屋村,Iheya-son,basic_municipality,,True,True,True,,51.604033,121.9934995,,61.27886323,16.87388988,16.87388988,8.880994671,0,8.880994671,7.475622969,2.058504875,2.058504875,1.083423619,0,0.1083423619,0.2027863777,0.5835913313,0.1374885426,1.679261125,2685643.564,
47360,伊是名村,Izena-son,basic_municipality,,True,True,True,,85.67725211,116.3732394,,66.56580938,13.61573374,12.85930408,6.051437216,0,15.12859304,7.746478873,1.584507042,1.496478873,0.7042253521,0,0.176056338,0.2467343977,0.5892597968,0.32404407,-21.82700081,2797385.621,
47361,久米島町,Kumejima-cho,basic_municipality,,True,True,True,,112.9929301,202.4774775,,73.69299221,13.76529477,12.09677419,9.0378198,0,4.171301446,14.92117117,2.787162162,2.449324324,1.829954955,0,0.08445945946,0.2420899855,0.6005805515,0.2670856245,-13.86554622,2828086.164,
47362,八重瀬町,Yaese-cho,basic_municipality,,True,True,True,,1147.663205,1265.480573,0.3310170971,27.60091788,5.365049611,4.944895123,1.777576678,0.969587279,4.524740635,34.92842536,6.789366053,6.257668712,2.249488753,0.1226993865,0.572597137,0.07631890931,0.7402934203,0.3709198813,10.70515712,3033376.963,88.67
47375,多良間村,Tarama-son,basic_municipality,,True,True,True,,48.09090909,88.90756303,,61.43667297,11.34215501,13.23251418,4.725897921,0,9.451795841,5.462184874,1.008403361,1.176470588,0.4201680672,0,0.08403361345,0.4228855721,0.4328358209,0.4545454545,-14.42307692,2948484.848,
47381,竹富町,Taketomi-cho,basic_municipality,,True,True,True,,11.78827751,75.63315426,,113.6478945,11.41552511,14.71334348,18.01116185,0,38.05175038,8.595548734,0.8633921719,1.112816577,1.362240982,0,0.2877973906,0.1752988048,0.7507746791,0.05681818182,-9.505703422,2856419.987,
47382,与那国町,Yonaguni-cho,basic_municipality,,True,True,True,,57.99307958,135.2703793,,104.4152745,14.91646778,14.31980907,13.72315036,0,17.89976134,14.12429379,2.017756255,1.937046005,1.856335755,0,0.2421307506,0.1014218009,0.7298578199,0.1730103806,0,3878017.789,
