municipality_code,municipality_name_jp,municipality_name_en,unit_role,pc1_score,pc2_score,pc1_percentile_rank,rank_percentile_ci_2_5,rank_percentile_ci_97_5
13102,中央区,Chuo-ku,special_ward,9.321867,-1.9386633,100,100,100
13113,渋谷区,Shibuya-ku,special_ward,8.7653941,-1.4562957,99.942529,99.942528,99.942528
13104,新宿区,Shinjuku-ku,special_ward,8.6360348,-1.578436,99.885057,99.885056,99.885056
13103,港区,Minato-ku,special_ward,8.4757088,-1.4108204,99.827586,99.827583,99.827583
13116,豊島区,Toshima-ku,special_ward,8.4319758,-1.54031,99.770115,99.770119,99.770119
13101,千代田区,Chiyoda-ku,special_ward,8.376328,-1.2437562,99.712644,99.712646,99.712646
13106,台東区,Taito-ku,special_ward,8.3190322,-1.8673895,99.655172,99.655174,99.655174
13105,文京区,Bunkyo-ku,special_ward,7.9264921,-1.1877913,99.597701,99.597702,99.597702
13110,目黒区,Meguro-ku,special_ward,7.5931845,-1.039354,99.54023,99.54023,99.54023
13114,中野区,Nakano-ku,special_ward,7.5198428,-0.97005103,99.482759,99.482758,99.482758
13109,品川区,Shinagawa-ku,special_ward,7.4340419,-1.2621986,99.425287,99.425285,99.425285
13107,墨田区,Sumida-ku,special_ward,7.3822475,-1.5170566,99.367816,99.367813,99.367813
13203,武蔵野市,Musashino-shi,basic_municipality,7.2401366,-0.9119535,99.310345,99.310349,99.310349
13118,荒川区,Arakawa-ku,special_ward,7.2203152,-1.4437993,99.252874,99.252876,99.252876
13115,杉並区,Suginami-ku,special_ward,7.0251875,-0.73559078,99.195402,99.195404,99.195404
13112,世田谷区,Setagaya-ku,special_ward,6.7650778,-0.67432066,99.137931,99.08046,99.137932
27100,大阪市,Osaka-shi,designated_city,6.7585798,-1.5318322,99.08046,99.022987,99.137932
13117,北区,Kita-ku,special_ward,6.7467905,-1.0110615,99.022989,99.022987,99.08046
13119,板橋区,Itabashi-ku,special_ward,6.5575181,-1.0141706,98.965517,98.965515,98.965515
13120,練馬区,Nerima-ku,special_ward,6.3205815,-0.67765439,98.908046,98.908043,98.908043
11223,蕨市,Warabi-shi,basic_municipality,6.2195145,-1.0549875,98.850575,98.850578,98.850578
13108,江東区,Koto-ku,special_ward,6.1529087,-0.72019712,98.793103,98.793106,98.793106
13122,葛飾区,Katsushika-ku,special_ward,6.1118653,-1.0120353,98.735632,98.735634,98.735634
13111,大田区,Ota-ku,special_ward,6.0686567,-0.90645082,98.678161,98.678162,98.678162
47201,那覇市,Naha-shi,basic_municipality,5.9023449,-0.16046016,98.62069,98.505745,98.620689
13214,国分寺市,Kokubunji-shi,basic_municipality,5.9013977,-0.57347748,98.563218,98.563217,98.620689
27203,豊中市,Toyonaka-shi,basic_municipality,5.8943151,-0.94091113,98.505747,98.505745,98.620689
13208,調布市,Chofu-shi,basic_municipality,5.8776278,-0.42505085,98.448276,98.390808,98.448273
13219,狛江市,Komae-shi,basic_municipality,5.869557,-0.51638515,98.390805,98.333336,98.390808
13229,西東京市,Nishitokyo-shi,basic_municipality,5.8531576,-0.46578683,98.333333,98.218391,98.333336
27209,守口市,Moriguchi-shi,basic_municipality,5.8528647,-1.5508854,98.275862,98.103447,98.448273
13121,足立区,Adachi-ku,special_ward,5.8490183,-0.93955694,98.218391,98.218391,98.275864
13215,国立市,Kunitachi-shi,basic_municipality,5.84092,-0.55605995,98.16092,98.103447,98.218391
13123,江戸川区,Edogawa-ku,special_ward,5.835333,-0.83914708,98.103448,98.103447,98.160919
13204,三鷹市,Mitaka-shi,basic_municipality,5.716575,-0.39152255,98.045977,98.045975,98.045975
27205,吹田市,Suita-shi,basic_municipality,5.6869234,-0.73065589,97.988506,97.988503,97.988503
13210,小金井市,Koganei-shi,basic_municipality,5.6621015,-0.22711512,97.931034,97.931038,97.931038
14130,川崎市,Kawasaki-shi,designated_city,5.5645779,-0.67499723,97.873563,97.758621,97.873566
28206,芦屋市,Ashiya-shi,basic_municipality,5.5633659,-0.4962143,97.816092,97.816093,97.873566
27223,門真市,Kadoma-shi,basic_municipality,5.542179,-1.7736048,97.758621,97.758621,97.873566
28202,尼崎市,Amagasaki-shi,basic_municipality,5.4981254,-1.3000712,97.701149,97.701149,97.701149
40130,福岡市,Fukuoka-shi,designated_city,5.4095238,-0.16589051,97.643678,97.643677,97.643677
13202,立川市,Tachikawa-shi,basic_municipality,5.3841314,-0.52946105,97.586207,97.586205,97.586205
14100,横浜市,Yokohama-shi,designated_city,5.3790981,-0.59446816,97.528736,97.528732,97.528732
23100,名古屋市,Nagoya-shi,designated_city,5.3287515,-0.89947525,97.471264,97.413795,97.471268
27227,東大阪市,Higashiosaka-shi,basic_municipality,5.3203022,-1.5566674,97.413793,97.413795,97.471268
14213,大和市,Yamato-shi,basic_municipality,5.2630944,-0.80158876,97.356322,97.298851,97.356323
12227,浦安市,Urayasu-shi,basic_municipality,5.2583192,0.060236652,97.298851,97.241379,97.356323
27215,寝屋川市,Neyagawa-shi,basic_municipality,5.2465872,-1.12128,97.241379,97.241379,97.298851
14204,鎌倉市,Kamakura-shi,basic_municipality,5.1947565,-0.31459835,97.183908,97.068962,97.183907
13206,府中市,Fuchu-shi,basic_municipality,5.191471,-0.37058022,97.126437,97.068962,97.183907
13211,小平市,Kodaira-shi,basic_municipality,5.1889071,-0.33474345,97.068966,97.011497,97.126434
27226,藤井寺市,Fujiidera-shi,basic_municipality,5.1719395,-1.1630882,97.011494,97.011497,97.126434
28204,西宮市,Nishinomiya-shi,basic_municipality,5.1404987,-0.45862915,96.954023,96.896553,96.954025
40218,春日市,Kasuga-shi,basic_municipality,5.1333635,-0.1932233,96.896552,96.896553,96.954025
13213,東村山市,Higashimurayama-shi,basic_municipality,5.0596067,-0.33945664,96.83908,96.781609,96.839081
47208,浦添市,Urasoe-shi,basic_municipality,5.0559604,-0.075794303,96.781609,96.781609,96.839081
26100,京都市,Kyoto-shi,designated_city,5.0207434,-0.59192169,96.724138,96.724136,96.724136
11203,川口市,Kawaguchi-shi,basic_municipality,4.9747271,-0.84670728,96.666667,96.666664,96.666664
13222,東久留米市,Higashikurume-shi,basic_municipality,4.950383,-0.38253567,96.609195,96.609192,96.609192
28207,伊丹市,Itami-shi,basic_municipality,4.9230659,-1.0203184,96.551724,96.551727,96.551727
12207,松戸市,Matsudo-shi,basic_municipality,4.8755942,-0.28756754,96.494253,96.379311,96.494255
34302,府中町,Fuchu-cho,basic_municipality,4.8753454,-0.99436719,96.436782,96.379311,96.494255
27204,池田市,Ikeda-shi,basic_municipality,4.8703799,-0.50813838,96.37931,96.379311,96.436783
12216,習志野市,Narashino-shi,basic_municipality,4.8408048,-0.2519766,96.321839,96.264366,96.321838
11224,戸田市,Toda-shi,basic_municipality,4.8403024,-0.50049332,96.264368,96.264366,96.321838
12203,市川市,Ichikawa-shi,basic_municipality,4.8186786,-0.18995055,96.206897,96.149422,96.206894
11221,草加市,Soka-shi,basic_municipality,4.8164525,-0.84564814,96.149425,96.149422,96.206894
14205,藤沢市,Fujisawa-shi,basic_municipality,4.7930271,-0.70449345,96.091954,96.034485,96.091957
26208,向日市,Muko-shi,basic_municipality,4.7818098,-0.93929138,96.034483,95.977013,96.034485
13224,多摩市,Tama-shi,basic_municipality,4.7769007,0.0551497,95.977011,95.977013,96.091957
12204,船橋市,Funabashi-shi,basic_municipality,4.7141394,-0.14746195,95.91954,95.91954,95.91954
11227,朝霞市,Asaka-shi,basic_municipality,4.6900391,-0.28108562,95.862069,95.804596,95.862068
14208,逗子市,Zushi-shi,basic_municipality,4.682326,0.15008258,95.804598,95.747124,95.862068
27212,八尾市,Yao-shi,basic_municipality,4.671725,-1.271913,95.747126,95.689651,95.862068
11245,ふじみ野市,Fujimino-shi,basic_municipality,4.6632802,-0.64216984,95.689655,95.632187,95.747124
27217,松原市,Matsubara-shi,basic_municipality,4.6566458,-1.0677486,95.632184,95.574715,95.689651
14207,茅ヶ崎市,Chigasaki-shi,basic_municipality,4.6464237,-0.51557183,95.574713,95.574715,95.632187
13220,東大和市,Higashiyamato-shi,basic_municipality,4.6380444,-0.34228212,95.517241,95.517242,95.517242
13209,町田市,Machida-shi,basic_municipality,4.6270887,-0.18771023,95.45977,95.45977,95.45977
13221,清瀬市,Kiyose-shi,basic_municipality,4.6067463,-0.21835101,95.402299,95.344826,95.402298
27218,大東市,Daito-shi,basic_municipality,4.5865178,-1.1920942,95.344828,95.287354,95.402298
11228,志木市,Shiki-shi,basic_municipality,4.5810775,-0.28388964,95.287356,95.287354,95.344826
26209,長岡京市,Nagaokakyo-shi,basic_municipality,4.5571307,-0.87253779,95.229885,95.229881,95.229881
11100,さいたま市,Saitama-shi,designated_city,4.497478,-0.17382463,95.172414,95.172417,95.172417
13212,日野市,Hino-shi,basic_municipality,4.4778117,-0.15661268,95.114943,95.114944,95.114944
27206,泉大津市,Izumiotsu-shi,basic_municipality,4.4582421,-0.56524983,95.057471,95,95.057472
27220,箕面市,Minoh-shi,basic_municipality,4.4579553,0.043348435,95,95,95.057472
13207,昭島市,Akishima-shi,basic_municipality,4.4421961,-0.39736075,94.942529,94.885056,94.942528
14216,座間市,Zama-shi,basic_municipality,4.4378316,-0.46920054,94.885057,94.827583,94.885056
27210,枚方市,Hirakata-shi,basic_municipality,4.4285973,-0.50313373,94.827586,94.770119,94.827583
28203,明石市,Akashi-shi,basic_municipality,4.4252474,-0.91542302,94.770115,94.711212,94.942528
13218,福生市,Fussa-shi,basic_municipality,4.410483,-0.45463037,94.712644,94.597702,94.712646
47205,宜野湾市,Ginowan-shi,basic_municipality,4.4012178,0.18553799,94.655172,94.597702,94.770119
27140,堺市,Sakai-shi,designated_city,4.3922426,-0.60458952,94.597701,94.54023,94.655174
11229,和光市,Wako-shi,basic_municipality,4.3920898,0.11170697,94.54023,94.482758,94.656616
28100,神戸市,Kobe-shi,designated_city,4.3706624,-0.2495509,94.482759,94.425285,94.54023
14201,横須賀市,Yokosuka-shi,basic_municipality,4.3614301,-0.0050550589,94.425287,94.367813,94.482758
29425,王寺町,Oji-cho,basic_municipality,4.3522462,-0.30220622,94.367816,94.310349,94.425285
27211,茨木市,Ibaraki-shi,basic_municipality,4.3518932,-0.25883669,94.310345,94.310349,94.367813
40343,志免町,Shime-machi,basic_municipality,4.3406901,-0.24737574,94.252874,94.252876,94.252876
27207,高槻市,Takatsuki-shi,basic_municipality,4.3279792,-0.39200475,94.195402,94.137932,94.195404
40219,大野城市,Onojo-shi,basic_municipality,4.3265128,0.11756655,94.137931,94.137932,94.195404
27224,摂津市,Settsu-shi,basic_municipality,4.2819312,-0.76570446,94.08046,94.022987,94.08046
11230,新座市,Niiza-shi,basic_municipality,4.2764423,-0.36069271,94.022989,93.965515,94.08046
13227,羽村市,Hamura-shi,basic_municipality,4.2740708,-0.90845001,93.965517,93.965515,94.022987
11222,越谷市,Koshigaya-shi,basic_municipality,4.1990001,-0.25721027,93.908046,93.908043,93.908043
27231,大阪狭山市,Osakasayama-shi,basic_municipality,4.1803013,-0.24253393,93.850575,93.850578,93.850578
27225,高石市,Takaishi-shi,basic_municipality,4.1076643,-0.51693509,93.793103,93.735634,93.793106
12220,流山市,Nagareyama-shi,basic_municipality,4.0992185,0.10060987,93.735632,93.735634,93.793106
13201,八王子市,Hachioji-shi,basic_municipality,4.0742769,0.012779247,93.678161,93.678162,93.678162
11235,富士見市,Fujimi-shi,basic_municipality,4.0666452,-0.27743167,93.62069,93.563217,93.620689
01100,札幌市,Sapporo-shi,designated_city,4.0655366,0.49111715,93.563218,93.563217,93.620689
13225,稲城市,Inagi-shi,basic_municipality,4.0545958,0.10235526,93.505747,93.505745,93.505745
14215,海老名市,Ebina-shi,basic_municipality,4.0270726,-0.664789,93.448276,93.448273,93.448273
11208,所沢市,Tokorozawa-shi,basic_municipality,3.9904626,0.036164521,93.390805,93.390808,93.390808
12224,鎌ケ谷市,Kamagaya-shi,basic_municipality,3.9620508,-0.0650933,93.333333,93.275864,93.333336
17212,野々市市,Nonoichi-shi,basic_municipality,3.9595089,-0.66107462,93.275862,93.275864,93.333336
34100,広島市,Hiroshima-shi,designated_city,3.9304183,-0.14662214,93.218391,93.218391,93.218391
28214,宝塚市,Takarazuka-shi,basic_municipality,3.9016339,0.050740162,93.16092,93.103447,93.160919
47348,与那原町,Yonabaru-cho,basic_municipality,3.8869697,0.41518668,93.103448,93.045975,93.160919
12100,千葉市,Chiba-shi,designated_city,3.8578254,0.23366598,93.045977,92.988503,93.045975
21421,北方町,Kitagata-cho,basic_municipality,3.8544557,-0.69474489,92.988506,92.931038,93.103447
28217,川西市,Kawanishi-shi,basic_municipality,3.8435594,0.062090295,92.931034,92.931038,92.988503
23226,尾張旭市,Owariasahi-shi,basic_municipality,3.8272806,-0.41546896,92.873563,92.816093,92.873566
47350,南風原町,Haebaru-cho,basic_municipality,3.8207679,0.19676426,92.816092,92.701149,92.873566
26204,宇治市,Uji-shi,basic_municipality,3.8129219,-0.43360339,92.758621,92.701149,92.816093
27229,四條畷市,Shijonawate-shi,basic_municipality,3.8110483,-0.52527853,92.701149,92.643677,92.816093
11219,上尾市,Ageo-shi,basic_municipality,3.8023116,-0.11820355,92.643678,92.643677,92.758621
14150,相模原市,Sagamihara-shi,designated_city,3.7320513,-0.14531174,92.586207,92.528732,92.586205
34304,海田町,Kaita-cho,basic_municipality,3.7273976,-0.68815454,92.528736,92.528732,92.586205
27341,忠岡町,Tadaoka-cho,basic_municipality,3.7083566,-0.30899087,92.471264,92.471268,92.471268
22341,清水町,Shimizu-cho,basic_municipality,3.6827333,-0.75478163,92.413793,92.413795,92.413795
19384,昭和町,Showa-cho,basic_municipality,3.6610946,-0.9034349,92.356322,92.241379,92.356323
12217,柏市,Kashiwa-shi,basic_municipality,3.6454868,0.35254361,92.298851,92.241379,92.356323
04203,塩竈市,Shiogama-shi,basic_municipality,3.6415069,-0.24377552,92.241379,92.241379,92.298851
47211,沖縄市,Okinawa-shi,basic_municipality,3.6224462,0.28076297,92.183908,92.068962,92.183907
11234,八潮市,Yashio-shi,basic_municipality,3.612857,-0.83659198,92.126437,92.011497,92.183907
23228,岩倉市,Iwakura-shi,basic_municipality,3.6051443,-0.77639187,92.068966,91.954025,92.126434
12221,八千代市,Yachiyo-shi,basic_municipality,3.6015639,0.11050618,92.011494,92.011497,92.126434
04100,仙台市,Sendai-shi,designated_city,3.5933711,0.54942309,91.954023,91.839081,92.068962
11237,三郷市,Misato-shi,basic_municipality,3.5875192,-0.36915901,91.896552,91.839081,91.954025
14203,平塚市,Hiratsuka-shi,basic_municipality,3.5839826,-0.62250681,91.83908,91.839081,91.954025
44202,別府市,Beppu-shi,basic_municipality,3.5584548,0.69138452,91.781609,91.724136,91.781609
14301,葉山町,Hayama-machi,basic_municipality,3.5461541,0.68179449,91.724138,91.494255,91.724136
14342,二宮町,Ninomiya-machi,basic_municipality,3.5459081,0.034827877,91.666667,91.666664,91.724136
27222,羽曳野市,Habikino-shi,basic_municipality,3.5415407,-0.39546564,91.609195,91.609192,91.781609
23234,北名古屋市,Kitanagoya-shi,basic_municipality,3.5274312,-0.78027084,91.551724,91.494255,91.609192
21302,岐南町,Ginan-cho,basic_municipality,3.5225023,-0.73590323,91.494253,91.436783,91.609192
27230,交野市,Katano-shi,basic_municipality,3.5121829,-0.16963812,91.436782,91.436783,91.494255
11241,鶴ヶ島市,Tsurugashima-shi,basic_municipality,3.498789,-0.2243969,91.37931,91.379311,91.379311
40100,北九州市,Kitakyushu-shi,designated_city,3.4863435,-0.17854882,91.321839,91.264366,91.321838
40221,太宰府市,Dazaifu-shi,basic_municipality,3.4735119,0.51062179,91.264368,91.264366,91.321838
13223,武蔵村山市,Musashimurayama-shi,basic_municipality,3.4474607,-0.43023237,91.206897,91.091957,91.206894
29210,香芝市,Kashiba-shi,basic_municipality,3.446454,-0.15610655,91.149425,91.091957,91.206894
27202,岸和田市,Kishiwada-shi,basic_municipality,3.4419324,-0.34564205,91.091954,91.090523,91.206894
29205,橿原市,Kashihara-shi,basic_municipality,3.4352022,-0.13182903,91.034483,90.977013,91.034485
47212,豊見城市,Tomigusuku-shi,basic_municipality,3.4182609,0.42315529,90.977011,90.747124,91.035927
21201,岐阜市,Gifu-shi,basic_municipality,3.4176162,-0.22295523,90.91954,90.862068,90.977013
23425,蟹江町,Kanie-cho,basic_municipality,3.4090752,-0.47662568,90.862069,90.747124,90.91954
29202,大和高田市,Yamatotakada-shi,basic_municipality,3.4055204,-0.55621459,90.804598,90.689651,90.91954
23206,春日井市,Kasugai-shi,basic_municipality,3.4024932,-0.57235216,90.747126,90.632187,90.804596
23238,長久手市,Nagakute-shi,basic_municipality,3.3991662,0.046679951,90.689655,90.632187,90.804596
40349,粕屋町,Kasuya-machi,basic_municipality,3.3980057,0.4253332,90.632184,90.632187,90.91954
23233,清須市,Kiyosu-shi,basic_municipality,3.3212852,-0.59776233,90.574713,90.574715,90.574715
27301,島本町,Shimamoto-cho,basic_municipality,3.2979895,0.21890412,90.517241,90.517242,90.517242
23203,一宮市,Ichinomiya-shi,basic_municipality,3.2716243,-0.5459535,90.45977,90.344826,90.45977
29424,上牧町,Kammaki-cho,basic_municipality,3.2603209,-0.043735029,90.402299,90.287354,90.402298
22206,三島市,Mishima-shi,basic_municipality,3.2601796,-0.27906978,90.344828,90.114944,90.402298
04209,多賀城市,Tagajo-shi,basic_municipality,3.2577523,0.23572566,90.287356,90.172417,90.45977
27219,和泉市,Izumi-shi,basic_municipality,3.2532903,0.030598835,90.229885,90.172417,90.287354
23424,大治町,Oharu-cho,basic_municipality,3.2484096,-0.77159807,90.172414,90,90.344826
29209,生駒市,Ikoma-shi,basic_municipality,3.2474098,0.4239528,90.114943,90,90.287354
11214,春日部市,Kasukabe-shi,basic_municipality,3.2448458,0.0029156508,90.057471,90.057472,90.114944
47326,北谷町,Chatan-cho,basic_municipality,3.2361441,0.95191247,90,89.827583,90.287354
14212,厚木市,Atsugi-shi,basic_municipality,3.2328825,-0.25530122,89.942529,89.885056,90
27213,泉佐野市,Izumisano-shi,basic_municipality,3.2289796,-0.069456003,89.885057,89.885056,89.942528
19201,甲府市,Kofu-shi,basic_municipality,3.1999394,-0.18399275,89.827586,89.712646,89.885056
11225,入間市,Iruma-shi,basic_municipality,3.1942692,-0.1094677,89.770115,89.712646,89.827583
46201,鹿児島市,Kagoshima-shi,basic_municipality,3.184133,0.79034829,89.712644,89.655174,89.827583
28382,播磨町,Harima-cho,basic_municipality,3.179689,-0.77356113,89.655172,89.655174,89.770119
17201,金沢市,Kanazawa-shi,basic_municipality,3.1511274,0.23799091,89.597701,89.54023,89.597702
27221,柏原市,Kashiwara-shi,basic_municipality,3.1475658,-0.61134153,89.54023,89.425285,89.597702
27361,熊取町,Kumatori-cho,basic_municipality,3.1409461,0.065659551,89.482759,89.482758,89.54023
11233,北本市,Kitamoto-shi,basic_municipality,3.1369408,-0.056939285,89.425287,89.425285,89.482758
11201,川越市,Kawagoe-shi,basic_municipality,3.1144983,-0.049457498,89.367816,89.367813,89.367813
26303,大山崎町,Oyamazaki-cho,basic_municipality,3.1032222,-0.052002264,89.310345,89.310349,89.310349
39201,高知市,Kochi-shi,basic_municipality,3.0916102,0.43612866,89.252874,89.137932,89.252876
30201,和歌山市,Wakayama-shi,basic_municipality,3.0876653,-0.13582401,89.195402,89.08046,89.252876
42201,長崎市,Nagasaki-shi,basic_municipality,3.0801624,0.51719206,89.137931,89.08046,89.195404
29201,奈良市,Nara-shi,basic_municipality,3.0759865,0.5356895,89.08046,88.965515,89.137932
27208,貝塚市,Kaizuka-shi,basic_municipality,3.0666501,-0.17125751,89.022989,88.965515,89.022987
19202,富士吉田市,Fujiyoshida-shi,basic_municipality,3.0603135,-0.78605747,88.965517,88.906609,89.195404
23217,江南市,Konan-shi,basic_municipality,3.0400724,-0.72112716,88.908046,88.850578,88.908043
12228,四街道市,Yotsukaido-shi,basic_municipality,3.0113385,0.53002546,88.850575,88.678162,88.908043
22205,熱海市,Atami-shi,basic_municipality,3.004888,1.2610764,88.793103,88.505745,88.908043
11231,桶川市,Okegawa-shi,basic_municipality,2.9997106,0.25663053,88.735632,88.505745,88.793106
13205,青梅市,Ome-shi,basic_municipality,2.9966592,-0.19600796,88.678161,88.563217,88.793106
25206,草津市,Kusatsu-shi,basic_municipality,2.9955074,-0.64148308,88.62069,88.390808,88.850578
23230,日進市,Nisshin-shi,basic_municipality,2.9947065,-0.29542681,88.563218,88.561783,88.735634
14206,小田原市,Odawara-shi,basic_municipality,2.988449,-0.12763741,88.505747,88.448273,88.620689
14384,湯河原町,Yugawara-machi,basic_municipality,2.9780348,0.68054105,88.448276,88.390808,88.620689
12222,我孫子市,Abiko-shi,basic_municipality,2.9732342,0.68279737,88.390805,88.275864,88.678162
14366,開成町,Kaisei-machi,basic_municipality,2.9623969,-0.37730846,88.333333,88.218391,88.448273
42308,時津町,Togitsu-cho,basic_municipality,2.9557227,0.19793746,88.275862,88.160919,88.333336
29343,三郷町,Sango-cho,basic_municipality,2.954107,0.26554668,88.218391,88.160919,88.333336
11215,狭山市,Sayama-shi,basic_municipality,2.9498156,-0.094150013,88.16092,88.160919,88.275864
27214,富田林市,Tondabayashi-shi,basic_municipality,2.9360102,-0.042194601,88.103448,88.045975,88.103447
14218,綾瀬市,Ayase-shi,basic_municipality,2.9317644,-0.45723406,88.045977,88.045975,88.103447
26207,城陽市,Joyo-shi,basic_municipality,2.9137836,-0.2941203,87.988506,87.873566,87.988503
14321,寒川町,Samukawa-machi,basic_municipality,2.9111398,-0.82681224,87.931034,87.816093,87.988503
43100,熊本市,Kumamoto-shi,designated_city,2.9110483,0.34142754,87.873563,87.816093,87.988503
23342,豊山町,Toyoyama-cho,basic_municipality,2.9103517,-0.36952176,87.816092,87.816093,87.988503
36402,北島町,Kitajima-cho,basic_municipality,2.8780042,-0.44519996,87.758621,87.701149,87.758621
47329,西原町,Nishihara-cho,basic_municipality,2.8653173,0.56267098,87.701149,87.528732,87.758621
23362,扶桑町,Fuso-cho,basic_municipality,2.8445182,-0.72198837,87.643678,87.586205,87.643677
23225,知立市,Chiryu-shi,basic_municipality,2.8410788,-1.6316788,87.586207,87.356323,87.701149
28216,高砂市,Takasago-shi,basic_municipality,2.8397866,-0.8202245,87.528736,87.471268,87.586205
23208,津島市,Tsushima-shi,basic_municipality,2.8336957,-0.46734671,87.471264,87.413795,87.528732
14214,伊勢原市,Isehara-shi,basic_municipality,2.8314088,-0.1435524,87.413793,87.413795,87.586205
25201,大津市,Otsu-shi,basic_municipality,2.8163366,0.26303551,87.356322,87.298851,87.413795
27232,阪南市,Hannan-shi,basic_municipality,2.8071421,0.059184758,87.298851,87.241379,87.298851
37386,宇多津町,Utazu-cho,basic_municipality,2.8058773,-0.41918594,87.241379,87.241379,87.356323
36201,徳島市,Tokushima-shi,basic_municipality,2.7805678,0.18935047,87.183908,87.125,87.183907
38201,松山市,Matsuyama-shi,basic_municipality,2.7743963,0.43857786,87.126437,87.068962,87.126434
40382,水巻町,Mizumaki-machi,basic_municipality,2.7742942,-0.32451243,87.068966,86.954025,87.183907
40217,筑紫野市,Chikushino-shi,basic_municipality,2.7672339,0.76870153,87.011494,87.011497,87.183907
40345,新宮町,Shingu-machi,basic_municipality,2.7556731,0.59645463,86.954023,86.896553,87.011497
14211,秦野市,Hadano-shi,basic_municipality,2.743907,-0.22525725,86.896552,86.896553,86.954025
40215,中間市,Nakama-shi,basic_municipality,2.7221859,-0.40645762,86.83908,86.781609,86.839081
27216,河内長野市,Kawachinagano-shi,basic_municipality,2.7125717,0.43236882,86.781609,86.781609,86.839081
14341,大磯町,Oiso-machi,basic_municipality,2.6863997,0.40858045,86.724138,86.724136,86.724136
37201,高松市,Takamatsu-shi,basic_municipality,2.6676983,0.4150193,86.666667,86.666664,86.666664
26210,八幡市,Yawata-shi,basic_municipality,2.6529675,-0.14079283,86.609195,86.551727,86.609192
29344,斑鳩町,Ikaruga-cho,basic_municipality,2.6439338,0.072842885,86.551724,86.494255,86.551727
40341,宇美町,Umi-machi,basic_municipality,2.6428705,0.44632118,86.494253,86.494255,86.609192
40344,須恵町,Sue-machi,basic_municipality,2.6280901,0.27296362,86.436782,86.436783,86.436783
11301,伊奈町,Ina-machi,basic_municipality,2.6223513,0.064376374,86.37931,86.321838,86.379311
23205,半田市,Handa-shi,basic_municipality,2.5937002,-1.0174044,86.321839,86.264366,86.379311
23237,あま市,Ama-shi,basic_municipality,2.5804366,-0.68296334,86.264368,86.206894,86.264366
11239,坂戸市,Sakado-shi,basic_municipality,2.5695909,0.054529686,86.206897,86.149422,86.321838
29203,大和郡山市,Yamatokoriyama-shi,basic_municipality,2.5507094,-0.0067612784,86.149425,85.91954,86.149422
23223,大府市,Obu-shi,basic_municipality,2.5504072,-1.1587773,86.091954,85.862068,86.206894
40202,大牟田市,Omuta-shi,basic_municipality,2.5479092,-0.0092360661,86.034483,85.91954,86.091957
23219,小牧市,Komaki-shi,basic_municipality,2.5454965,-0.82325814,85.977011,85.91954,86.091957
01202,函館市,Hakodate-shi,basic_municipality,2.5421961,0.6147991,85.91954,85.862068,86.149422
23210,刈谷市,Kariya-shi,basic_municipality,2.5314473,-1.6352453,85.862069,85.632187,86.091957
28210,加古川市,Kakogawa-shi,basic_municipality,2.5216003,-0.48860627,85.804598,85.689651,85.804596
21204,多治見市,Tajimi-shi,basic_municipality,2.5198592,-0.11854658,85.747126,85.689651,85.804596
47327,北中城村,Kitanakagusuku-son,basic_municipality,2.5121015,0.88997388,85.689655,85.574715,85.977013
28201,姫路市,Himeji-shi,basic_municipality,2.5094917,-0.37741023,85.632184,85.632187,85.689651
23229,豊明市,Toyoake-shi,basic_municipality,2.5016644,-0.96904882,85.574713,85.574715,85.689651
36403,藍住町,Aizumi-cho,basic_municipality,2.4760976,-0.35759567,85.517241,85.517242,85.517242
22203,沼津市,Numazu-shi,basic_municipality,2.457273,-0.30178647,85.45977,85.344826,85.45977
29427,河合町,Kawai-cho,basic_municipality,2.4477861,0.14749948,85.402299,85.287354,85.45977
01205,室蘭市,Muroran-shi,basic_municipality,2.4454503,0.22365165,85.344828,85.229881,85.402298
30209,岩出市,Iwade-shi,basic_municipality,2.4415019,-0.029607579,85.287356,85.114944,85.344826
21303,笠松町,Kasamatsu-cho,basic_municipality,2.4372577,0.035331682,85.229885,85.114944,85.287354
44201,大分市,Oita-shi,basic_municipality,2.4368738,0.452112,85.172414,85.114944,85.287354
40231,那珂川市,Nakagawa-shi,basic_municipality,2.4307542,0.48718815,85.114943,85.057472,85.172417
23222,東海市,Tokai-shi,basic_municipality,2.429527,-1.0815004,85.057471,84.885056,85.402298
14383,真鶴町,Manazuru-machi,basic_municipality,2.4189628,0.8591476,85,84.885056,85.229881
26211,京田辺市,Kyotanabe-shi,basic_municipality,2.413736,0.20565041,84.942529,84.885056,85
27362,田尻町,Tajiri-cho,basic_municipality,2.4113407,0.85965799,84.885057,84.885056,85
11238,蓮田市,Hasuda-shi,basic_municipality,2.3935165,0.32607461,84.827586,84.827583,84.827583
13228,あきる野市,Akiruno-shi,basic_municipality,2.3827585,0.18661964,84.770115,84.712646,84.770119
12212,佐倉市,Sakura-shi,basic_municipality,2.3691192,0.66486768,84.712644,84.54023,84.712646
22100,静岡市,Shizuoka-shi,designated_city,2.3656164,0.09909786,84.655172,84.482758,84.712646
22208,伊東市,Ito-shi,basic_municipality,2.3592431,1.3671909,84.597701,84.425285,84.712646
22342,長泉町,Nagaizumi-cho,basic_municipality,2.3516208,-0.41354101,84.54023,84.310349,84.655174
42307,長与町,Nagayo-cho,basic_municipality,2.3508619,0.70080189,84.482759,84.425285,84.54023
40342,篠栗町,Sasaguri-machi,basic_municipality,2.347146,1.2143975,84.425287,84.195404,84.597702
33100,岡山市,Okayama-shi,designated_city,2.3351677,0.4422797,84.367816,84.252876,84.367813
08201,水戸市,Mito-shi,basic_municipality,2.3340731,0.70767903,84.310345,84.08046,84.425285
08224,守谷市,Moriya-shi,basic_municipality,2.3338144,0.32478227,84.252874,84.195404,84.367813
23227,高浜市,Takahama-shi,basic_municipality,2.3244484,-2.0207027,84.195402,83.793106,84.655174
13303,瑞穂町,Mizuho-machi,basic_municipality,2.3143432,-0.4411345,84.137931,84.022987,84.195404
21213,各務原市,Kakamigahara-shi,basic_municipality,2.3093253,-0.47687327,84.08046,84.022987,84.137932
23302,東郷町,Togo-cho,basic_municipality,2.3079201,-0.71357647,84.022989,83.965515,84.195404
31202,米子市,Yonago-shi,basic_municipality,2.2953135,0.37552772,83.965517,83.965515,84.137932
30207,新宮市,Shingu-shi,basic_municipality,2.2792872,1.0421375,83.908046,83.620689,83.965515
11243,吉川市,Yoshikawa-shi,basic_municipality,2.2766115,0.26962932,83.850575,83.735634,83.908043
40223,古賀市,Koga-shi,basic_municipality,2.2745351,0.14219985,83.793103,83.735634,83.850578
11442,宮代町,Miyashiro-machi,basic_municipality,2.2739804,0.39041942,83.735632,83.678162,83.908043
25208,栗東市,Ritto-shi,basic_municipality,2.2709195,-0.44914127,83.678161,83.620689,83.908043
11324,三芳町,Miyoshi-machi,basic_municipality,2.2602073,-0.011221075,83.62069,83.620689,83.735634
27228,泉南市,Sennan-shi,basic_municipality,2.2420733,0.10127923,83.563218,83.563217,83.563217
40203,久留米市,Kurume-shi,basic_municipality,2.2151412,0.10210048,83.505747,83.333336,83.505745
23204,瀬戸市,Seto-shi,basic_municipality,2.2146842,-0.402611,83.448276,83.333336,83.505745
29426,広陵町,Koryo-cho,basic_municipality,2.2128286,0.053824486,83.390805,83.333336,83.505745
13305,日の出町,Hinode-machi,basic_municipality,2.2125899,0.25017307,83.333333,83.333336,83.505745
28464,太子町,Taishi-cho,basic_municipality,2.1980027,-0.48584286,83.275862,83.218391,83.333336
19210,甲斐市,Kai-shi,basic_municipality,2.1922782,-0.096893311,83.218391,83.160919,83.275864
20361,下諏訪町,Shimosuwa-machi,basic_municipality,2.1802002,-0.59239019,83.16092,83.103447,83.218391
06201,山形市,Yamagata-shi,basic_municipality,2.1720163,0.50753706,83.103448,83.103447,83.160919
37403,琴平町,Kotohira-cho,basic_municipality,2.1403784,-0.20962608,83.045977,83.045975,83.045975
40224,福津市,Fukutsu-shi,basic_municipality,2.1150547,0.65019913,82.988506,82.873566,82.988503
41203,鳥栖市,Tosu-shi,basic_municipality,2.1134429,0.35916805,82.931034,82.931038,82.988503
22212,焼津市,Yaizu-shi,basic_municipality,2.1038332,-0.81202888,82.873563,82.643677,82.988503
33423,早島町,Hayashima-cho,basic_municipality,2.092386,0.476405,82.816092,82.701149,82.873566
45201,宮崎市,Miyazaki-shi,basic_municipality,2.0902237,0.68208379,82.758621,82.701149,82.873566
01203,小樽市,Otaru-shi,basic_municipality,2.0753608,1.1808035,82.701149,82.298851,82.758621
40381,芦屋町,Ashiya-machi,basic_municipality,2.0732808,0.39468663,82.643678,82.528732,82.701149
11246,白岡市,Shiraoka-shi,basic_municipality,2.0725776,0.48947752,82.586207,82.356323,82.701149
40206,田川市,Tagawa-shi,basic_municipality,2.0680635,0.54129847,82.528736,82.413795,82.586205
11326,毛呂山町,Moroyama-machi,basic_municipality,2.0678686,0.59480802,82.471264,82.298851,82.586205
23202,岡崎市,Okazaki-shi,basic_municipality,2.0646302,-0.84254974,82.413793,82.298851,82.816093
26366,精華町,Seika-cho,basic_municipality,2.0610043,0.68947061,82.356322,82.241379,82.471268
20206,諏訪市,Suwa-shi,basic_municipality,2.0580997,-0.5699051,82.298851,82.241379,82.701149
22210,富士市,Fuji-shi,basic_municipality,2.0483098,-0.75498349,82.241379,82.183907,82.586205
47213,うるま市,Uruma-shi,basic_municipality,2.0267699,0.39017651,82.183908,82.125,82.298851
34207,福山市,Fukuyama-shi,basic_municipality,2.0264225,-0.24735655,82.126437,82.068962,82.183907
08219,牛久市,Ushiku-shi,basic_municipality,2.0098062,0.34512857,82.068966,81.896553,82.126434
09201,宇都宮市,Utsunomiya-shi,basic_municipality,2.0093218,0.070946355,82.011494,82.011497,82.068962
40204,直方市,Nogata-shi,basic_municipality,2.0061203,0.052218851,81.954023,81.896553,82.070404
33202,倉敷市,Kurashiki-shi,basic_municipality,1.9980597,-0.20210641,81.896552,81.781609,81.954025
21216,瑞穂市,Mizuho-shi,basic_municipality,1.9972654,-0.16377226,81.83908,81.724136,81.954025
10202,高崎市,Takasaki-shi,basic_municipality,1.9950206,0.074628852,81.781609,81.724136,81.896553
24202,四日市市,Yokkaichi-shi,basic_municipality,1.9858914,-0.45337889,81.724138,81.609192,81.781609
11232,久喜市,Kuki-shi,basic_municipality,1.9707932,0.17995646,81.666667,81.436783,81.666664
12232,白井市,Shiroi-shi,basic_municipality,1.9664896,0.58837634,81.609195,81.264366,81.724136
25207,守山市,Moriyama-shi,basic_municipality,1.9625104,-0.31568152,81.551724,81.379311,81.666664
10201,前橋市,Maebashi-shi,basic_municipality,1.9576946,0.16833182,81.494253,81.321838,81.551727
38205,新居浜市,Niihama-shi,basic_municipality,1.9511909,-0.24044381,81.436782,81.264366,81.551727
23214,蒲郡市,Gamagori-shi,basic_municipality,1.9478709,-1.1544401,81.37931,80.977013,81.666664
23212,安城市,Anjo-shi,basic_municipality,1.9461953,-1.2682617,81.321839,80.91954,81.609192
08202,日立市,Hitachi-shi,basic_municipality,1.9441459,-0.29807169,81.264368,81.091957,81.32328
14382,箱根町,Hakone-machi,basic_municipality,1.9412986,1.9027838,81.206897,80.91954,81.551727
12322,酒々井町,Shisui-machi,basic_municipality,1.9395333,1.1573396,81.149425,80.91954,81.551727
11212,東松山市,Higashimatsuyama-shi,basic_municipality,1.9344222,0.14511432,81.091954,81.091957,81.264366
21202,大垣市,Ogaki-shi,basic_municipality,1.9276797,-0.26381932,81.034483,80.862068,81.206894
42205,大村市,Omura-shi,basic_municipality,1.9242826,0.56318788,80.977011,80.91954,81.149422
08203,土浦市,Tsuchiura-shi,basic_municipality,1.923077,0.28025388,80.91954,80.862068,81.091957
03201,盛岡市,Morioka-shi,basic_municipality,1.9187628,1.2578548,80.862069,80.747124,81.321838
18201,福井市,Fukui-shi,basic_municipality,1.8883621,0.32168304,80.804598,80.689651,80.804596
20204,岡谷市,Okaya-shi,basic_municipality,1.8790017,-0.82074269,80.747126,80.344826,80.804596
34309,坂町,Saka-cho,basic_municipality,1.8773004,0.44456583,80.689655,80.632187,80.747124
47324,読谷村,Yomitan-son,basic_municipality,1.8745353,0.938546,80.632184,80.402298,80.804596
10524,大泉町,Oizumi-machi,basic_municipality,1.8701678,-1.7459325,80.574713,80.172417,80.862068
12206,木更津市,Kisarazu-shi,basic_municipality,1.8640811,0.35208128,80.517241,80.402298,80.632187
08221,ひたちなか市,Hitachinaka-shi,basic_municipality,1.8634887,-0.12448263,80.45977,80.402298,80.574715
24203,伊勢市,Ise-shi,basic_municipality,1.8615904,0.21153037,80.402299,80.402298,80.574715
32201,松江市,Matsue-shi,basic_municipality,1.8522551,0.79969624,80.344828,80.287354,80.574715
14210,三浦市,Miura-shi,basic_municipality,1.8421603,-0.2746616,80.287356,80,80.402298
04216,富谷市,Tomiya-shi,basic_municipality,1.8417186,0.70447425,80.229885,80,80.402298
34213,廿日市市,Hatsukaichi-shi,basic_municipality,1.8355757,0.48815708,80.172414,80.057472,80.287354
14401,愛川町,Aikawa-machi,basic_municipality,1.8302036,-0.63090355,80.114943,79.942528,80.344826
23220,稲沢市,Inazawa-shi,basic_municipality,1.8301818,-0.38231508,80.057471,80,80.229881
34202,呉市,Kure-shi,basic_municipality,1.8251814,0.066194347,80,79.942528,80.114944
47210,糸満市,Itoman-shi,basic_municipality,1.8167469,0.35484721,79.942529,79.712646,80.172417
23215,犬山市,Inuyama-shi,basic_municipality,1.8121348,-0.31668647,79.885057,79.712646,79.942528
21214,可児市,Kani-shi,basic_municipality,1.8106649,-0.58965347,79.827586,79.655174,80
14362,大井町,Oi-machi,basic_municipality,1.8092666,0.064182336,79.770115,79.770119,79.885056
11240,幸手市,Satte-shi,basic_municipality,1.8011185,0.12289189,79.712644,79.655174,79.771553
24343,朝日町,Asahi-cho,basic_municipality,1.7972428,-0.46332659,79.655172,79.54023,79.827583
11217,鴻巣市,Konosu-shi,basic_municipality,1.7932311,0.37101972,79.597701,79.482758,79.827583
23361,大口町,Oguchi-cho,basic_municipality,1.7829338,-0.66116664,79.54023,79.310349,79.597702
17365,内灘町,Uchinada-machi,basic_municipality,1.7767837,0.51705672,79.482759,79.310349,79.597702
23236,みよし市,Miyoshi-shi,basic_municipality,1.7757117,-0.90566549,79.425287,79.195404,79.54023
11209,飯能市,Hanno-shi,basic_municipality,1.7725249,0.48511456,79.367816,79.310349,79.482758
40205,飯塚市,Iizuka-shi,basic_municipality,1.770212,0.63330637,79.310345,79.310349,79.425285
22219,下田市,Shimoda-shi,basic_municipality,1.765078,1.2978288,79.252874,79.195404,79.54023
29206,桜井市,Sakurai-shi,basic_municipality,1.7525514,0.32228447,79.195402,79.195404,79.252876
40216,小郡市,Ogori-shi,basic_municipality,1.7332136,0.91097216,79.137931,79.08046,79.195404
38401,松前町,Masaki-cho,basic_municipality,1.7317782,-0.017924324,79.08046,78.965515,79.137932
08217,取手市,Toride-shi,basic_municipality,1.7148696,0.63847686,79.022989,78.908043,79.022987
15100,新潟市,Niigata-shi,designated_city,1.7139028,0.5818478,78.965517,78.850578,79.022987
31204,境港市,Sakaiminato-shi,basic_municipality,1.7133416,0.22672144,78.908046,78.793106,79.022987
47328,中城村,Nakagusuku-son,basic_municipality,1.7113555,0.93799532,78.850575,78.678162,79.08046
04406,利府町,Rifu-cho,basic_municipality,1.7099561,0.83358855,78.793103,78.793106,78.908043
42202,佐世保市,Sasebo-shi,basic_municipality,1.7015146,0.79590768,78.735632,78.678162,78.850578
12208,野田市,Noda-shi,basic_municipality,1.6928798,0.34045797,78.678161,78.563217,78.735634
05201,秋田市,Akita-shi,basic_municipality,1.6831843,1.3071586,78.62069,78.275864,78.678162
23224,知多市,Chita-shi,basic_municipality,1.6809747,-0.36514521,78.563218,78.448273,78.678162
25202,彦根市,Hikone-shi,basic_municipality,1.6806156,-0.31340748,78.505747,78.275864,78.850578
29211,葛城市,Katsuragi-shi,basic_municipality,1.6714458,-0.15022268,78.448276,78.331902,78.505745
11202,熊谷市,Kumagaya-shi,basic_municipality,1.6700448,0.19755468,78.390805,78.333336,78.505745
04321,大河原町,Ogawara-machi,basic_municipality,1.6652833,-0.10182089,78.333333,78.160919,78.448273
30422,太地町,Taiji-cho,basic_municipality,1.6566326,0.88964761,78.275862,78.103447,78.507187
02203,八戸市,Hachinohe-shi,basic_municipality,1.6502602,0.64619483,78.218391,78.103447,78.275864
29363,田原本町,Tawaramoto-cho,basic_municipality,1.6498951,0.047131258,78.16092,78.103447,78.275864
02201,青森市,Aomori-shi,basic_municipality,1.6480359,1.359979,78.103448,77.931038,78.448273
23201,豊橋市,Toyohashi-shi,basic_municipality,1.6445416,-0.9235777,78.045977,78.045975,78.333336
22130,浜松市,Hamamatsu-shi,designated_city,1.6191131,-0.42432627,77.988506,77.873566,78.045975
09202,足利市,Ashikaga-shi,basic_municipality,1.6172752,-0.43595668,77.931034,77.873566,77.988503
29361,川西町,Kawanishi-cho,basic_municipality,1.5975531,0.29724236,77.873563,77.816093,77.931038
47325,嘉手納町,Kadena-cho,basic_municipality,1.589326,1.001415,77.816092,77.586205,77.988503
24344,川越町,Kawagoe-cho,basic_municipality,1.577218,-0.90375026,77.758621,77.471268,77.873566
37202,丸亀市,Marugame-shi,basic_municipality,1.576905,-0.19172059,77.701149,77.528732,77.816093
26214,木津川市,Kizugawa-shi,basic_municipality,1.5735442,0.8229518,77.643678,77.471268,77.758621
18202,敦賀市,Tsuruga-shi,basic_municipality,1.572582,0.46967412,77.586207,77.471268,77.758621
40220,宗像市,Munakata-shi,basic_municipality,1.5668847,0.58299622,77.528736,77.413795,77.701149
11465,松伏町,Matsubushi-machi,basic_municipality,1.5668243,0.28987475,77.471264,77.356323,77.701149
10203,桐生市,Kiryu-shi,basic_municipality,1.5526556,-0.32068562,77.413793,77.298851,77.643677
35207,下松市,Kudamatsu-shi,basic_municipality,1.5490343,-0.098401655,77.356322,77.356323,77.413795
21212,土岐市,Toki-shi,basic_municipality,1.5328947,-0.28457293,77.298851,77.183907,77.298851
41341,基山町,Kiyama-cho,basic_municipality,1.5308187,0.43121721,77.241379,77.183907,77.356323
34307,熊野町,Kumano-cho,basic_municipality,1.5221963,-0.13123741,77.183908,77.126434,77.241379
14363,松田町,Matsuda-machi,basic_municipality,1.519905,0.40119949,77.126437,77.068962,77.241379
40213,行橋市,Yukuhashi-shi,basic_municipality,1.5146595,-0.11405789,77.068966,76.954025,77.126434
35202,宇部市,Ube-shi,basic_municipality,1.511029,0.37079156,77.011494,76.896553,77.068962
21209,羽島市,Hashima-shi,basic_municipality,1.5102912,-0.033340159,76.954023,76.896553,77.011497
16202,高岡市,Takaoka-shi,basic_municipality,1.5084764,-0.14728773,76.896552,76.781609,77.011497
37204,善通寺市,Zentsuji-shi,basic_municipality,1.5000712,0.23613332,76.83908,76.781609,76.896553
11464,杉戸町,Sugito-machi,basic_municipality,1.4942413,0.36921993,76.781609,76.666664,76.896553
10204,伊勢崎市,Isesaki-shi,basic_municipality,1.4763692,-0.71203002,76.724138,76.494255,76.781609
40383,岡垣町,Okagaki-machi,basic_municipality,1.4762911,0.41707131,76.666667,76.551727,76.724136
31384,日吉津村,Hiezu-son,basic_municipality,1.4725674,0.038543288,76.609195,76.494255,76.724136
24205,桑名市,Kuwana-shi,basic_municipality,1.4585418,-0.15511433,76.551724,76.379311,76.551727
01204,旭川市,Asahikawa-shi,basic_municipality,1.458003,1.2727785,76.494253,76.034485,76.668106
08220,つくば市,Tsukuba-shi,basic_municipality,1.4574286,0.96246343,76.436782,76.149422,76.609192
10207,館林市,Tatebayashi-shi,basic_municipality,1.4574087,-0.5371143,76.37931,76.264366,76.551727
22214,藤枝市,Fujieda-shi,basic_municipality,1.4547385,-0.19288023,76.321839,76.264366,76.436783
23209,碧南市,Hekinan-shi,basic_municipality,1.4536885,-1.7753599,76.264368,75.689651,76.724136
23447,武豊町,Taketoyo-cho,basic_municipality,1.4403541,-0.75789873,76.206897,75.804596,76.321838
30381,美浜町,Mihama-cho,basic_municipality,1.4403483,0.40968266,76.149425,76.034485,76.379311
40211,筑後市,Chikugo-shi,basic_municipality,1.4398262,-0.18885241,76.091954,76.091957,76.264366
20201,長野市,Nagano-shi,basic_municipality,1.4263376,0.26230058,76.034483,75.862068,76.149422
23207,豊川市,Toyokawa-shi,basic_municipality,1.4236973,-0.99331071,75.977011,75.632187,76.264366
11242,日高市,Hidaka-shi,basic_municipality,1.4219236,0.19298796,75.91954,75.688217,76.091957
10345,吉岡町,Yoshioka-machi,basic_municipality,1.4187268,0.3369126,75.862069,75.689651,75.91954
28219,三田市,Sanda-shi,basic_municipality,1.4179392,0.64191315,75.804598,75.632187,76.034485
29204,天理市,Tenri-shi,basic_municipality,1.4177388,0.61817175,75.747126,75.632187,76.149422
41201,佐賀市,Saga-shi,basic_municipality,1.41504,0.64190214,75.689655,75.632187,75.977013
24209,尾鷲市,Owase-shi,basic_municipality,1.4131798,0.71476754,75.632184,75.632187,75.977013
43404,菊陽町,Kikuyo-machi,basic_municipality,1.3965685,-0.2807701,75.574713,75.574715,75.632187
23216,常滑市,Tokoname-shi,basic_municipality,1.3721549,-0.1195848,75.517241,75.458336,75.517242
35201,下関市,Shimonoseki-shi,basic_municipality,1.3590877,0.45118552,75.45977,75.344826,75.45977
14217,南足柄市,Minamiashigara-shi,basic_municipality,1.354916,0.085422794,75.402299,75.229881,75.45977
20202,松本市,Matsumoto-shi,basic_municipality,1.3494887,0.31628467,75.344828,75.172417,75.402298
22325,函南町,Kannami-cho,basic_municipality,1.3477112,0.4282014,75.287356,75.172417,75.344826
27321,豊能町,Toyono-cho,basic_municipality,1.34732,1.158937,75.229885,75.057472,75.517242
40384,遠賀町,Onga-cho,basic_municipality,1.3335458,0.35139643,75.172414,75.057472,75.172417
19423,西桂町,Nishikatsura-cho,basic_municipality,1.32707,-0.498969,75.114943,74.883621,75.287354
47354,座間味村,Zamami-son,basic_municipality,1.3260373,2.6654538,75.057471,74.425285,75.45977
23442,東浦町,Higashiura-cho,basic_municipality,1.3194447,-0.70960286,75,74.770119,75.172417
04207,名取市,Natori-shi,basic_municipality,1.3062625,0.77494861,74.942529,74.54023,75.057472
12210,茂原市,Mobara-shi,basic_municipality,1.3058806,0.31483218,74.885057,74.826149,75
28301,猪名川町,Inagawa-cho,basic_municipality,1.3028407,1.0190826,74.827586,74.482758,75
26202,舞鶴市,Maizuru-shi,basic_municipality,1.2972308,0.68495281,74.770115,74.54023,74.827583
28208,相生市,Aioi-shi,basic_municipality,1.2963477,0.16949861,74.712644,74.655174,74.885056
19204,都留市,Tsuru-shi,basic_municipality,1.2943154,0.073269053,74.655172,74.54023,74.942528
40212,大川市,Okawa-shi,basic_municipality,1.2921388,-0.4628532,74.597701,74.54023,75
10205,太田市,Ota-shi,basic_municipality,1.2849546,-0.82711662,74.54023,74.367813,74.942528
40604,糸田町,Itoda-machi,basic_municipality,1.2849266,0.45329728,74.482759,74.367813,74.712646
26322,久御山町,Kumiyama-cho,basic_municipality,1.2796062,-0.8152099,74.425287,74.310349,74.712646
18207,鯖江市,Sabae-shi,basic_municipality,1.2722875,-0.54445361,74.367816,74.195404,74.4842
47209,名護市,Nago-shi,basic_municipality,1.2549835,0.95613479,74.310345,74.137932,74.482758
24208,名張市,Nabari-shi,basic_municipality,1.2524416,-0.061978687,74.252874,74.137932,74.310349
12205,館山市,Tateyama-shi,basic_municipality,1.2465846,0.9921234,74.195402,73.908043,74.367813
30205,御坊市,Gobo-shi,basic_municipality,1.2459278,-0.54812048,74.137931,73.678162,74.310349
35206,防府市,Hofu-shi,basic_municipality,1.2407615,0.03702572,74.08046,74.022987,74.195404
04404,七ヶ浜町,Shichigahama-machi,basic_municipality,1.2388167,0.60089288,74.022989,73.678162,74.310349
22225,伊豆の国市,Izunokuni-shi,basic_municipality,1.2290651,0.16336819,73.965517,73.793106,74.022987
11206,行田市,Gyoda-shi,basic_municipality,1.2270665,0.057756354,73.908046,73.735634,74.022987
34211,大竹市,Otake-shi,basic_municipality,1.2200119,-0.14959137,73.850575,73.275864,74.022987
46225,姶良市,Aira-shi,basic_municipality,1.218168,1.1206254,73.793103,73.333336,74.022987
07201,福島市,Fukushima-shi,basic_municipality,1.2168293,0.51260973,73.735632,73.505745,73.793106
30203,橋本市,Hashimoto-shi,basic_municipality,1.2166967,0.27182535,73.678161,73.448273,73.850578
08208,龍ケ崎市,Ryugasaki-shi,basic_municipality,1.216403,0.36241053,73.62069,73.448273,73.850578
12211,成田市,Narita-shi,basic_municipality,1.2131687,1.1462053,73.563218,73.218391,73.965515
10464,玉村町,Tamamura-machi,basic_municipality,1.2108055,-0.11279411,73.505747,73.333336,73.679604
25211,湖南市,Konan-shi,basic_municipality,1.2100233,-0.87006988,73.448276,73.103447,74.08046
11211,本庄市,Honjo-shi,basic_municipality,1.2097289,-0.5638379,73.390805,73.218391,73.850578
12231,印西市,Inzai-shi,basic_municipality,1.2064068,1.3076077,73.333333,73.045975,74.022987
21211,美濃加茂市,Minokamo-shi,basic_municipality,1.2001012,-0.63486736,73.275862,73.045975,73.678162
29342,平群町,Heguri-cho,basic_municipality,1.1992923,0.4313593,73.218391,73.103447,73.390808
23441,阿久比町,Agui-cho,basic_municipality,1.1971027,-0.31402829,73.16092,73.045975,73.390808
20321,軽井沢町,Karuizawa-machi,basic_municipality,1.1947523,1.6473038,73.103448,72.988503,73.563217
08341,東海村,Tokai-mura,basic_municipality,1.1926332,0.69227347,73.045977,72.988503,73.390808
35321,和木町,Waki-cho,basic_municipality,1.1765362,-0.052012781,72.988506,72.873566,73.160919
43216,合志市,Koshi-shi,basic_municipality,1.1673948,0.1934823,72.931034,72.873566,72.988503
07203,郡山市,Koriyama-shi,basic_municipality,1.1635079,0.54195278,72.873563,72.816093,72.931038
12219,市原市,Ichihara-shi,basic_municipality,1.1599436,0.29405805,72.816092,72.758621,72.873566
08309,大洗町,Oarai-machi,basic_municipality,1.1508734,0.17392996,72.758621,72.643677,72.758621
22215,御殿場市,Gotemba-shi,basic_municipality,1.1448309,0.49731424,72.701149,72.586205,72.758621
33204,玉野市,Tamano-shi,basic_municipality,1.1398836,-0.091373103,72.643678,72.471268,72.758621
47362,八重瀬町,Yaese-cho,basic_municipality,1.1370696,0.62995237,72.586207,72.298851,72.758621
24207,鈴鹿市,Suzuka-shi,basic_municipality,1.1342548,-0.42178167,72.528736,72.241379,72.701149
01230,登別市,Noboribetsu-shi,basic_municipality,1.1318344,1.0808273,72.471264,72.183907,72.643677
47215,南城市,Nanjo-shi,basic_municipality,1.1277967,0.58887801,72.413793,72.183907,72.586205
42391,佐々町,Saza-cho,basic_municipality,1.1269707,0.30022998,72.356322,72.298851,72.528732
43204,荒尾市,Arao-shi,basic_municipality,1.1231965,0.26110361,72.298851,72.298851,72.413795
19214,中央市,Chuo-shi,basic_municipality,1.113027,-0.54550039,72.241379,72.011497,72.471268
36341,石井町,Ishii-cho,basic_municipality,1.1129479,0.1115961,72.183908,72.068962,72.298851
04211,岩沼市,Iwanuma-shi,basic_municipality,1.1031612,0.47027167,72.126437,72.011497,72.183907
30421,那智勝浦町,Nachikatsuura-cho,basic_municipality,1.1009222,1.3968148,72.068966,71.839081,72.241379
24324,東員町,Toin-cho,basic_municipality,1.1000442,-0.40787593,72.011494,71.896553,72.241379
46222,奄美市,Amami-shi,basic_municipality,1.095549,1.7346103,71.954023,71.607758,72.298851
27381,太子町,Taishi-cho,basic_municipality,1.0909927,0.26824493,71.896552,71.781609,72.011497
08204,古河市,Koga-shi,basic_municipality,1.088004,-0.64679924,71.83908,71.666664,72.068962
11343,小川町,Ogawa-machi,basic_municipality,1.0853079,0.36267964,71.781609,71.781609,71.896553
24201,津市,Tsu-shi,basic_municipality,1.0783489,0.59234295,71.724138,71.666664,71.781609
19430,富士河口湖町,Fujikawaguchiko-machi,basic_municipality,1.0682324,0.67536333,71.666667,71.494255,71.724136
37404,多度津町,Tadotsu-cho,basic_municipality,1.0600937,-0.63981496,71.609195,71.379311,71.781609
40642,吉富町,Yoshitomi-machi,basic_municipality,1.053198,-0.52479164,71.551724,71.262932,71.609192
35210,光市,Hikari-shi,basic_municipality,1.0527002,0.030918712,71.494253,71.379311,71.609192
28212,赤穂市,Ako-shi,basic_municipality,1.0470716,0.12732539,71.436782,71.264366,71.494255
34205,尾道市,Onomichi-shi,basic_municipality,1.0442001,-0.23645409,71.37931,71.091957,71.436783
09208,小山市,Oyama-shi,basic_municipality,1.0438947,-0.2186516,71.321839,71.149422,71.436783
22424,吉田町,Yoshida-cho,basic_municipality,1.0413672,-1.4766855,71.264368,70.862068,71.724136
01402,岩内町,Iwanai-cho,basic_municipality,1.0394318,0.24735427,71.206897,71.091957,71.321838
26206,亀岡市,Kameoka-shi,basic_municipality,1.0329991,0.31625054,71.149425,71.091957,71.264366
36401,松茂町,Matsushige-cho,basic_municipality,1.0277488,-0.10941017,71.091954,70.91954,71.149422
47353,渡嘉敷村,Tokashiki-son,basic_municipality,1.021225,2.7087526,71.034483,70.688217,71.609192
31201,鳥取市,Tottori-shi,basic_municipality,1.0199684,0.65866339,70.977011,70.91954,71.034485
28213,西脇市,Nishiwaki-shi,basic_municipality,1.019725,-0.35502809,70.91954,70.804596,71.149422
10426,草津町,Kusatsu-machi,basic_municipality,1.0163286,2.5800998,70.862069,70.574715,71.609192
40348,久山町,Hisayama-machi,basic_municipality,1.0115746,0.83423162,70.804598,70.804596,70.91954
40621,苅田町,Kanda-machi,basic_municipality,1.0005593,-0.59607831,70.747126,70.632187,70.977013
33445,里庄町,Satosho-cho,basic_municipality,0.99160649,-0.053461034,70.689655,70.632187,70.804596
20218,千曲市,Chikuma-shi,basic_municipality,0.98358215,-0.45491471,70.632184,70.517242,70.804596
16211,射水市,Imizu-shi,basic_municipality,0.97836152,0.34921012,70.574713,70.517242,70.689651
16201,富山市,Toyama-shi,basic_municipality,0.97490369,0.36844784,70.517241,70.517242,70.632187
12239,大網白里市,Oamishirasato-shi,basic_municipality,0.94421835,0.61863476,70.45977,70.287354,70.45977
27366,岬町,Misaki-cho,basic_municipality,0.94409735,1.0325694,70.402299,70.114944,70.45977
12233,富里市,Tomisato-shi,basic_municipality,0.94104579,0.26347242,70.344828,70.172417,70.45977
23235,弥富市,Yatomi-shi,basic_municipality,0.93463524,0.20232872,70.287356,70.172417,70.344826
22211,磐田市,Iwata-shi,basic_municipality,0.93014202,-0.84707749,70.229885,69.885056,70.45977
29362,三宅町,Miyake-cho,basic_municipality,0.92778714,0.55188328,70.172414,69.885056,70.402298
36203,小松島市,Komatsushima-shi,basic_municipality,0.92702568,0.0093260171,70.114943,70.057472,70.229881
35215,周南市,Shunan-shi,basic_municipality,0.92694405,0.16031994,70.057471,70,70.402298
07202,会津若松市,Aizuwakamatsu-shi,basic_municipality,0.91283109,0.31105766,70,69.885056,70.057472
35203,山口市,Yamaguchi-shi,basic_municipality,0.90802162,1.3319827,69.942529,69.770119,70.172417
40421,桂川町,Keisen-machi,basic_municipality,0.90790766,0.71967402,69.885057,69.827583,70.057472
42203,島原市,Shimabara-shi,basic_municipality,0.90401475,-0.39492131,69.827586,69.712646,70.057472
12213,東金市,Togane-shi,basic_municipality,0.89516757,0.55153351,69.770115,69.712646,69.827583
30428,串本町,Kushimoto-cho,basic_municipality,0.88726071,1.156036,69.712644,69.482758,69.827583
12421,一宮町,Ichinomiya-machi,basic_municipality,0.86640629,0.4762689,69.655172,69.137932,69.655174
07204,いわき市,Iwaki-shi,basic_municipality,0.86473131,0.30757344,69.597701,69.310349,69.655174
11218,深谷市,Fukaya-shi,basic_municipality,0.86402499,-0.39591732,69.54023,69.252876,69.655174
22220,裾野市,Susono-shi,basic_municipality,0.86328243,-0.098017166,69.482759,69.367813,69.655174
23211,豊田市,Toyota-shi,basic_municipality,0.86233647,-0.92200596,69.425287,69.08046,69.827583
28443,福崎町,Fukusaki-cho,basic_municipality,0.85945813,-0.23223594,69.367816,69.252876,69.597702
11216,羽生市,Hanyu-shi,basic_municipality,0.85659211,-0.066654274,69.310345,69.195404,69.425285
11363,長瀞町,Nagatoro-machi,basic_municipality,0.8561885,-1.2627854e-05,69.252874,69.137932,69.482758
04323,柴田町,Shibata-machi,basic_municipality,0.85616685,0.25520555,69.195402,69.08046,69.54023
25210,野洲市,Yasu-shi,basic_municipality,0.85478582,-0.32617208,69.137931,69.137932,69.425285
09204,佐野市,Sano-shi,basic_municipality,0.84497381,-0.026661633,69.08046,69.08046,69.137932
24204,松阪市,Matsusaka-shi,basic_municipality,0.83556538,0.22117378,69.022989,68.850578,69.022987
17203,小松市,Komatsu-shi,basic_municipality,0.83313932,-0.15670187,68.965517,68.735634,69.022987
10212,みどり市,Midori-shi,basic_municipality,0.82808163,-0.26657899,68.908046,68.678162,68.965515
42322,川棚町,Kawatana-cho,basic_municipality,0.82772362,0.52225442,68.850575,68.793106,69.022987
43442,嘉島町,Kashima-machi,basic_municipality,0.82726087,0.39516142,68.793103,68.678162,69.022987
29442,大淀町,Oyodo-cho,basic_municipality,0.8253797,0.44315619,68.735632,68.678162,68.965515
08443,阿見町,Ami-machi,basic_municipality,0.81950382,0.48013548,68.678161,68.620689,68.850578
25204,近江八幡市,Omihachiman-shi,basic_municipality,0.81292632,-0.21617588,68.62069,68.505745,68.850578
37203,坂出市,Sakaide-shi,basic_municipality,0.80859559,0.23727833,68.563218,68.563217,68.620689
43203,人吉市,Hitoyoshi-shi,basic_municipality,0.78521943,0.79694321,68.505747,68.333336,68.505745
45203,延岡市,Nobeoka-shi,basic_municipality,0.78463726,0.26504315,68.448276,68.275864,68.505745
01234,北広島市,Kitahiroshima-shi,basic_municipality,0.77826066,1.5410995,68.390805,67.816093,68.620689
40605,川崎町,Kawasaki-machi,basic_municipality,0.77359606,0.80964528,68.333333,68.045975,68.448273
40230,糸島市,Itoshima-shi,basic_municipality,0.76869347,0.61406084,68.275862,67.931038,68.390808
17209,かほく市,Kahoku-shi,basic_municipality,0.7654049,0.13217951,68.218391,68.045975,68.333336
27382,河南町,Kanan-cho,basic_municipality,0.76263056,0.12024729,68.16092,68.045975,68.218391
11385,上里町,Kamisato-machi,basic_municipality,0.76127831,-0.59077993,68.103448,67.816093,68.390808
09216,下野市,Shimotsuke-shi,basic_municipality,0.76098255,0.19799371,68.045977,67.931038,68.218391
35216,山陽小野田市,Sanyoonoda-shi,basic_municipality,0.75468669,0.20100801,67.988506,67.873566,68.103447
21381,神戸町,Godo-cho,basic_municipality,0.754149,-0.53796556,67.931034,67.758621,68.333336
20203,上田市,Ueda-shi,basic_municipality,0.7503526,-0.18619,67.873563,67.701149,68.160919
29345,安堵町,Ando-cho,basic_municipality,0.74223547,0.2235169,67.816092,67.586205,68.103447
12443,御宿町,Onjuku-machi,basic_municipality,0.73897588,1.0853093,67.758621,67.528732,68.045975
11327,越生町,Ogose-machi,basic_municipality,0.72647086,0.58539968,67.701149,67.471268,67.701149
23213,西尾市,Nishio-shi,basic_municipality,0.72249017,-1.2858845,67.643678,67.183907,67.873566
41423,大町町,Omachi-cho,basic_municipality,0.72187394,0.2186371,67.586207,67.471268,67.701149
01217,江別市,Ebetsu-shi,basic_municipality,0.71838613,1.3444578,67.528736,67.125,67.873566
17211,能美市,Nomi-shi,basic_municipality,0.71472918,-0.24668023,67.471264,67.241379,67.701149
12230,八街市,Yachimata-shi,basic_municipality,0.71206154,-0.055846229,67.413793,67.183907,67.528732
40207,柳川市,Yanagawa-shi,basic_municipality,0.71147609,-0.28681195,67.356322,67.183907,67.643677
42204,諫早市,Isahaya-shi,basic_municipality,0.70907175,0.54307549,67.298851,67.183907,67.528732
22216,袋井市,Fukuroi-shi,basic_municipality,0.70604859,-0.75040466,67.241379,67.067528,67.643677
11207,秩父市,Chichibu-shi,basic_municipality,0.70261707,0.35608369,67.183908,67.068962,67.471268
22301,東伊豆町,Higashiizu-cho,basic_municipality,0.69762604,1.5437488,67.126437,66.896553,67.586205
12229,袖ケ浦市,Sodegaura-shi,basic_municipality,0.6867118,0.460158,67.068966,66.954025,67.183907
30361,湯浅町,Yuasa-cho,basic_municipality,0.68554809,-1.0464423,67.011494,66.666664,67.528732
01213,苫小牧市,Tomakomai-shi,basic_municipality,0.67267111,0.82502812,66.954023,66.494255,67.011497
21205,関市,Seki-shi,basic_municipality,0.66920254,-0.49149648,66.896552,66.551727,67.126434
30202,海南市,Kainan-shi,basic_municipality,0.66348352,-0.1093241,66.83908,66.666664,66.896553
36202,鳴門市,Naruto-shi,basic_municipality,0.66256889,-0.11007081,66.781609,66.494255,66.954025
38202,今治市,Imabari-shi,basic_municipality,0.66208942,-0.070987395,66.724138,66.66523,66.896553
47314,金武町,Kin-cho,basic_municipality,0.661669,0.76653659,66.666667,66.264366,66.954025
45206,日向市,Hyuga-shi,basic_municipality,0.65762207,0.041141103,66.609195,66.494255,66.781609
15213,燕市,Tsubame-shi,basic_municipality,0.65574382,-0.65656204,66.551724,66.321838,66.954025
28381,稲美町,Inami-cho,basic_municipality,0.65116262,-0.1885836,66.494253,66.321838,66.666664
28218,小野市,Ono-shi,basic_municipality,0.64900193,-0.24300197,66.436782,66.321838,66.609192
08222,鹿嶋市,Kashima-shi,basic_municipality,0.64392192,0.1016483,66.37931,66.206894,66.494255
06210,天童市,Tendo-shi,basic_municipality,0.6428961,-0.5252847,66.321839,66.149422,66.551727
41401,有田町,Arita-cho,basic_municipality,0.63963817,0.091972442,66.264368,66.206894,66.321838
37364,直島町,Naoshima-cho,basic_municipality,0.63826318,-0.77757857,66.206897,65.977013,66.724136
11342,嵐山町,Ranzan-machi,basic_municipality,0.62563591,0.031964987,66.149425,65.977013,66.206894
30344,高野町,Koya-cho,basic_municipality,0.61372336,2.1874048,66.091954,65.574715,66.551727
20205,飯田市,Iida-shi,basic_municipality,0.61084114,-0.47412239,66.034483,65.747124,66.149422
21208,瑞浪市,Mizunami-shi,basic_municipality,0.60965402,0.31240194,65.977011,65.804596,66.034485
23501,幸田町,Kota-cho,basic_municipality,0.60890962,-1.0577781,65.91954,65.689651,66.149422
01212,留萌市,Rumoi-shi,basic_municipality,0.60733309,1.4987173,65.862069,65.632187,66.206894
20207,須坂市,Suzaka-shi,basic_municipality,0.60513629,-0.78551945,65.804598,65.632187,66.091957
35212,柳井市,Yanai-shi,basic_municipality,0.60356593,0.68634187,65.747126,65.747124,66.034485
23232,愛西市,Aisai-shi,basic_municipality,0.59466978,-0.1500026,65.689655,65.689651,65.862068
12202,銚子市,Choshi-shi,basic_municipality,0.58431228,-0.69949152,65.632184,65.45977,65.862068
26343,井手町,Ide-cho,basic_municipality,0.58412079,-0.056346417,65.574713,65.574715,65.689651
28215,三木市,Miki-shi,basic_municipality,0.56911745,0.18928516,65.517241,65.402298,65.517242
11210,加須市,Kazo-shi,basic_municipality,0.56636324,0.22401346,65.45977,65.344826,65.574715
12218,勝浦市,Katsuura-shi,basic_municipality,0.55557838,0.93062527,65.402299,65,65.517242
21361,垂井町,Tarui-cho,basic_municipality,0.55015181,-0.41704753,65.344828,65,65.45977
35208,岩国市,Iwakuni-shi,basic_municipality,0.5465296,0.62667966,65.287356,65.057472,65.344826
32203,出雲市,Izumo-shi,basic_municipality,0.54469599,0.14902189,65.229885,65,65.287354
41345,上峰町,Kamimine-cho,basic_municipality,0.54090093,0.31856259,65.172414,64.827583,65.287354
18204,小浜市,Obama-shi,basic_municipality,0.54060344,0.59457864,65.114943,64.942528,65.172417
22207,富士宮市,Fujinomiya-shi,basic_municipality,0.53807135,-0.61277607,65.057471,64.655174,65.344826
22306,西伊豆町,Nishiizu-cho,basic_municipality,0.53801183,1.3911826,65,64.712646,65.344826
34208,府中市,Fuchu-shi,basic_municipality,0.53745041,-0.27608352,64.942529,64.768684,65.287354
01206,釧路市,Kushiro-shi,basic_municipality,0.53650614,1.6039716,64.885057,64.54023,65.344826
26465,与謝野町,Yosano-cho,basic_municipality,0.53387617,0.20744012,64.827586,64.827583,65
11408,寄居町,Yorii-machi,basic_municipality,0.52916719,0.032754572,64.770115,64.712646,64.885056
22221,湖西市,Kosai-shi,basic_municipality,0.52737298,-1.3634061,64.712644,64.252876,65.344826
40610,福智町,Fukuchi-machi,basic_municipality,0.51562791,0.65697528,64.655172,64.425285,64.885056
15211,見附市,Mitsuke-shi,basic_municipality,0.51427622,0.069146418,64.597701,64.482758,64.712646
34203,竹原市,Takehara-shi,basic_municipality,0.51136446,0.28151039,64.54023,64.425285,64.655174
30404,上富田町,Kamitonda-cho,basic_municipality,0.5092,0.59365512,64.482759,64.367813,64.655174
18209,越前市,Echizen-shi,basic_municipality,0.49685498,-0.74713001,64.425287,63.793102,64.770119
21404,池田町,Ikeda-cho,basic_municipality,0.49498887,-0.28790369,64.367816,64.022987,64.425285
19425,山中湖村,Yamanakako-mura,basic_municipality,0.49448998,1.728084,64.310345,63.735634,64.712646
29401,高取町,Takatori-cho,basic_municipality,0.49372305,0.6676145,64.252874,64.08046,64.425285
19212,上野原市,Uenohara-shi,basic_municipality,0.49234537,0.54094539,64.195402,64.022987,64.367813
11348,鳩山町,Hatoyama-machi,basic_municipality,0.48948248,0.83785975,64.137931,63.793102,64.482758
21383,安八町,Anpachi-cho,basic_municipality,0.48870382,0.039248342,64.08046,63.965519,64.310349
29208,御所市,Gose-shi,basic_municipality,0.4870567,0.098807195,64.022989,63.908047,64.310349
11341,滑川町,Namegawa-machi,basic_municipality,0.48295127,0.23737381,63.965517,63.735634,64.137932
12225,君津市,Kimitsu-shi,basic_municipality,0.48255137,0.28115731,63.908046,63.850574,64.08046
25441,豊郷町,Toyosato-cho,basic_municipality,0.48021904,-0.43669858,63.850575,63.678162,64.252876
30401,白浜町,Shirahama-cho,basic_municipality,0.47711895,1.1820401,63.793103,63.620689,64.252876
36205,吉野川市,Yoshinogawa-shi,basic_municipality,0.47474386,0.34550901,63.735632,63.735634,63.965519
45401,高鍋町,Takanabe-cho,basic_municipality,0.45838207,0.099325285,63.678161,63.275864,63.735634
09361,壬生町,Mibu-machi,basic_municipality,0.45775525,0.013577539,63.62069,63.390804,63.678162
34212,東広島市,Higashihiroshima-shi,basic_municipality,0.45578318,0.23324049,63.563218,63.333332,63.678162
10344,榛東村,Shinto-mura,basic_municipality,0.45300071,0.4521865,63.505747,63.160919,63.678162
28229,たつの市,Tatsuno-shi,basic_municipality,0.4521184,-0.12687669,63.448276,63.103447,63.678162
26205,宮津市,Miyazu-shi,basic_municipality,0.45173034,0.95271785,63.390805,63.160919,63.678162
47207,石垣市,Ishigaki-shi,basic_municipality,0.44628971,1.11031,63.333333,62.931034,63.678162
30204,有田市,Arida-shi,basic_municipality,0.44428151,-1.3528738,63.275862,62.471264,63.965519
22209,島田市,Shimada-shi,basic_municipality,0.44378695,-0.41753023,63.218391,62.816093,63.505749
44203,中津市,Nakatsu-shi,basic_municipality,0.44307382,0.0066598562,63.16092,62.873562,63.390804
09364,野木町,Nogi-machi,basic_municipality,0.43571696,0.040235785,63.103448,62.816093,63.275864
39204,南国市,Nankoku-shi,basic_municipality,0.43551527,0.38869565,63.045977,62.816093,63.218391
24215,志摩市,Shima-shi,basic_municipality,0.4328284,0.79726219,62.988506,62.643677,63.218391
03322,矢巾町,Yahaba-cho,basic_municipality,0.43244307,1.2411961,62.931034,62.298851,63.505749
12223,鴨川市,Kamogawa-shi,basic_municipality,0.43119221,1.2447549,62.873563,62.356323,63.333332
10208,渋川市,Shibukawa-shi,basic_municipality,0.4305126,0.15308689,62.816092,62.758621,63.045979
21501,坂祝町,Sakahogi-cho,basic_municipality,0.42734991,-0.57330098,62.758621,62.471264,63.218391
43211,宇土市,Uto-shi,basic_municipality,0.42593534,0.28555982,62.701149,62.586208,62.931034
33208,総社市,Soja-shi,basic_municipality,0.42122929,0.17096996,62.643678,62.643677,62.873562
11361,横瀬町,Yokoze-machi,basic_municipality,0.4189706,0.3508568,62.586207,62.528736,62.758621
10209,藤岡市,Fujioka-shi,basic_municipality,0.41228905,-0.098635954,62.528736,62.413792,62.701149
10525,邑楽町,Ora-machi,basic_municipality,0.41107317,-0.46762959,62.471264,62.298851,62.873562
17206,加賀市,Kaga-shi,basic_municipality,0.40308971,-0.046880269,62.413793,62.126438,62.471264
42323,波佐見町,Hasami-cho,basic_municipality,0.40244057,0.057031626,62.356322,62.241379,62.413792
18322,永平寺町,Eiheiji-cho,basic_municipality,0.40240972,0.88571758,62.298851,62.183907,62.586208
38213,四国中央市,Shikokuchuo-shi,basic_municipality,0.3967904,-0.39735657,62.241379,61.724136,62.528736
20215,塩尻市,Shiojiri-shi,basic_municipality,0.39302611,-0.34133553,62.183908,61.781609,62.356323
12329,栄町,Sakae-machi,basic_municipality,0.39163678,1.5095806,62.126437,61.781609,62.758621
41327,吉野ヶ里町,Yoshinogari-cho,basic_municipality,0.38313677,0.55336293,62.068966,61.954021,62.126438
43205,水俣市,Minamata-shi,basic_municipality,0.38201568,0.8757744,62.011494,61.839081,62.183907
46219,いちき串木野市,Ichikikushikino-shi,basic_municipality,0.38198081,0.39118062,61.954023,61.781609,62.126438
08226,那珂市,Naka-shi,basic_municipality,0.37706761,0.62089897,61.896552,61.781609,62.068966
01231,恵庭市,Eniwa-shi,basic_municipality,0.37618801,1.2517089,61.83908,61.666668,62.298851
01207,帯広市,Obihiro-shi,basic_municipality,0.37226276,1.0994223,61.781609,61.666668,62.011494
38215,東温市,Toon-shi,basic_municipality,0.36802933,1.0547801,61.724138,61.609196,61.896553
33203,津山市,Tsuyama-shi,basic_municipality,0.36069315,0.22488451,61.666667,61.666668,61.954021
08207,結城市,Yuki-shi,basic_municipality,0.34203281,-0.63396988,61.609195,61.321838,61.724136
37341,三木町,Miki-cho,basic_municipality,0.33656951,0.563698,61.551724,61.436783,61.609196
40601,香春町,Kawara-machi,basic_municipality,0.33548295,1.0911856,61.494253,61.379311,61.609196
22305,松崎町,Matsuzaki-cho,basic_municipality,0.33080282,1.4682518,61.436782,61.321838,61.609196
28209,豊岡市,Toyooka-shi,basic_municipality,0.32777025,0.54541116,61.37931,61.379311,61.551723
44341,日出町,Hiji-machi,basic_municipality,0.31336924,0.66562937,61.321839,61.091953,61.321838
47308,本部町,Motobu-cho,basic_municipality,0.30897214,1.1297805,61.264368,60.862068,61.379311
31203,倉吉市,Kurayoshi-shi,basic_municipality,0.30886585,0.21027253,61.206897,60.977013,61.379311
15202,長岡市,Nagaoka-shi,basic_municipality,0.30616885,0.48020498,61.149425,61.034481,61.264366
24211,鳥羽市,Toba-shi,basic_municipality,0.29876021,0.15101068,61.091954,60.689655,61.264366
40608,大任町,Oto-machi,basic_municipality,0.29798897,1.1465873,61.034483,60.747128,61.206898
20208,小諸市,Komoro-shi,basic_municipality,0.29384369,-0.19575333,60.977011,60.689655,61.149426
08235,つくばみらい市,Tsukubamirai-shi,basic_municipality,0.29301126,0.55476641,60.91954,60.747128,61.091953
19368,富士川町,Fujikawa-cho,basic_municipality,0.29170824,0.41001771,60.862069,60.747128,61.034481
04401,松島町,Matsushima-machi,basic_municipality,0.29143127,1.2195487,60.804598,60.574711,61.149426
21207,美濃市,Mino-shi,basic_municipality,0.28949386,-0.76495794,60.747126,60.458332,61.379311
35344,平生町,Hirao-cho,basic_municipality,0.28649618,0.63456805,60.689655,60.632183,60.91954
01224,千歳市,Chitose-shi,basic_municipality,0.26757389,1.552726,60.632184,60,60.862068
37205,観音寺市,Kanonji-shi,basic_municipality,0.26685193,-0.84405921,60.574713,60.057472,60.862068
04205,気仙沼市,Kesennuma-shi,basic_municipality,0.26274768,0.26013789,60.517241,60.45977,60.574711
17361,津幡町,Tsubata-machi,basic_municipality,0.25727634,0.85898552,60.45977,59.94109,60.632183
40544,広川町,Hirokawa-machi,basic_municipality,0.25058046,-0.21610991,60.402299,59.942528,60.45977
14361,中井町,Nakai-machi,basic_municipality,0.25047868,-0.048127164,60.344828,60.057472,60.402298
45341,三股町,Mimata-cho,basic_municipality,0.24997868,0.56759881,60.287356,59.942528,60.45977
19424,忍野村,Oshino-mura,basic_municipality,0.24916948,-1.2388371,60.229885,59.367817,60.804596
19206,大月市,Otsuki-shi,basic_municipality,0.2491056,0.6847979,60.172414,59.942528,60.45977
18210,坂井市,Sakai-shi,basic_municipality,0.24834847,0.24381386,60.114943,59.942528,60.402298
21503,川辺町,Kawabe-cho,basic_municipality,0.24420907,-0.12646895,60.057471,59.712643,60.402298
46527,龍郷町,Tatsugo-cho,basic_municipality,0.24293618,1.7320401,60,59.425289,60.574711
20210,駒ヶ根市,Komagane-shi,basic_municipality,0.23885111,-0.72749146,59.942529,59.310345,60.517242
20214,茅野市,Chino-shi,basic_municipality,0.23884449,-0.40020565,59.885057,59.597702,60.344826
26201,福知山市,Fukuchiyama-shi,basic_municipality,0.23637778,0.38057684,59.827586,59.655174,60
41206,武雄市,Takeo-shi,basic_municipality,0.23575969,0.39173316,59.770115,59.712643,60
08564,利根町,Tone-machi,basic_municipality,0.23526927,1.0285836,59.712644,59.366379,60.402298
20217,佐久市,Saku-shi,basic_municipality,0.23382446,-0.030156123,59.655172,59.597702,60.057472
16321,舟橋村,Funahashi-mura,basic_municipality,0.23125145,0.28281831,59.597701,59.425289,60.057472
09203,栃木市,Tochigi-shi,basic_municipality,0.22580118,-0.097475331,59.54023,59.425289,59.712643
20220,安曇野市,Azumino-shi,basic_municipality,0.2211622,-0.041389402,59.482759,59.310345,59.655174
01225,滝川市,Takikawa-shi,basic_municipality,0.21491637,1.3464334,59.425287,58.678162,59.942528
24341,菰野町,Komono-cho,basic_municipality,0.21387342,-0.073093944,59.367816,59.137932,59.54023
47311,恩納村,Onna-son,basic_municipality,0.21115297,1.2470866,59.310345,58.504311,59.942528
21521,御嵩町,Mitake-cho,basic_municipality,0.20822069,-0.17465221,59.252874,58.793102,59.482758
45202,都城市,Miyakonojo-shi,basic_municipality,0.20591449,0.35468584,59.195402,59.022987,59.367817
08232,神栖市,Kamisu-shi,basic_municipality,0.2046627,-0.4684916,59.137931,58.678162,59.425289
21403,大野町,Ono-cho,basic_municipality,0.20456137,-0.21690032,59.08046,58.850574,59.252872
40401,小竹町,Kotake-machi,basic_municipality,0.20108522,0.75271054,59.022989,58.448277,59.425289
13364,神津島村,Kouzushima-mura,basic_municipality,0.1992367,0.57518422,58.965517,58.505749,59.425289
37206,さぬき市,Sanuki-shi,basic_municipality,0.19919246,0.31443017,58.908046,58.793102,59.137932
12403,九十九里町,Kujukuri-machi,basic_municipality,0.19792805,-0.17264661,58.850575,58.678162,59.137932
46218,霧島市,Kirishima-shi,basic_municipality,0.1958953,0.53427421,58.793103,58.620689,59.08046
37322,土庄町,Tonosho-cho,basic_municipality,0.19363541,0.60802773,58.735632,58.563217,59.022987
08223,潮来市,Itako-shi,basic_municipality,0.19254272,0.39539583,58.678161,58.505749,58.965519
19208,南アルプス市,Minamiarupusu-shi,basic_municipality,0.19147234,-0.43683749,58.62069,58.505749,59.137932
22213,掛川市,Kakegawa-shi,basic_municipality,0.18841506,-0.67055518,58.563218,58.218391,59.195404
30206,田辺市,Tanabe-shi,basic_municipality,0.18542682,0.19816264,58.505747,58.275864,59.08046
33216,浅口市,Asakuchi-shi,basic_municipality,0.18323929,0.081237322,58.448276,58.218391,58.678162
03211,釜石市,Kamaishi-shi,basic_municipality,0.17486216,0.49658329,58.390805,58.103447,58.505749
06202,米沢市,Yonezawa-shi,basic_municipality,0.17484887,0.14343627,58.333333,58.103447,58.505749
02202,弘前市,Hirosaki-shi,basic_municipality,0.17387316,0.035075657,58.275862,57.931034,58.563217
28205,洲本市,Sumoto-shi,basic_municipality,0.17015491,0.15051141,58.218391,57.988506,58.390804
25203,長浜市,Nagahama-shi,basic_municipality,0.16947073,-0.063877525,58.16092,57.873562,58.390804
40522,大木町,Oki-machi,basic_municipality,0.16719551,-0.33804804,58.103448,57.816093,58.390804
17202,七尾市,Nanao-shi,basic_municipality,0.16544593,0.75617836,58.045977,57.816093,58.390804
03203,大船渡市,Ofunato-shi,basic_municipality,0.16539079,0.20727727,57.988506,57.931034,58.160919
33211,備前市,Bizen-shi,basic_municipality,0.16352902,-0.0074671168,57.931034,57.758621,58.218391
41208,小城市,Ogi-shi,basic_municipality,0.1582596,0.54132566,57.873563,57.643677,58.218391
44207,津久見市,Tsukumi-shi,basic_municipality,0.1559011,0.20020067,57.816092,57.758621,57.931034
20563,野沢温泉村,Nozawaonsen-mura,basic_municipality,0.15151103,0.44992345,57.758621,57.586208,58.045979
11349,ときがわ町,Tokigawa-machi,basic_municipality,0.15013317,0.11215859,57.701149,57.643677,57.873562
15204,三条市,Sanjo-shi,basic_municipality,0.14739603,-0.071088092,57.643678,57.586208,57.873562
43443,益城町,Mashiki-machi,basic_municipality,0.13836012,0.60962327,57.586207,57.586208,57.873562
40227,嘉麻市,Kama-shi,basic_municipality,0.11424715,0.70139824,57.528736,57.241379,57.528736
40402,鞍手町,Kurate-machi,basic_municipality,0.11421105,0.21989815,57.471264,57.356323,57.528736
16206,滑川市,Namerikawa-shi,basic_municipality,0.11336812,-0.32118789,57.413793,57.413792,57.528736
40214,豊前市,Buzen-shi,basic_municipality,0.10172477,0.12243883,57.356322,57.241379,57.413792
34204,三原市,Mihara-shi,basic_municipality,0.10079642,0.22736102,57.298851,57.183907,57.356323
10210,富岡市,Tomioka-shi,basic_municipality,0.095417185,-0.69221548,57.241379,56.724136,57.471264
23446,美浜町,Mihama-cho,basic_municipality,0.09390553,0.16113897,57.183908,56.896553,57.356323
21215,山県市,Yamagata-shi,basic_municipality,0.091335821,-0.12401241,57.126437,56.781609,57.298851
38206,西条市,Saijo-shi,basic_municipality,0.087497114,-0.10498159,57.068966,56.954021,57.126438
15209,加茂市,Kamo-shi,basic_municipality,0.084667804,-0.1940239,57.011494,56.609196,57.068966
20385,南箕輪村,Minamiminowa-mura,basic_municipality,0.08337846,-0.36493212,56.954023,56.551723,57.126438
27383,千早赤阪村,Chihayaakasaka-mura,basic_municipality,0.078990534,0.43909574,56.896552,56.609196,57.068966
43368,長洲町,Nagasu-machi,basic_municipality,0.07860494,-0.45099253,56.83908,56.379311,57.011494
36404,板野町,Itano-cho,basic_municipality,0.078543888,0.10596232,56.781609,56.494251,57.126438
37324,小豆島町,Shodoshima-cho,basic_municipality,0.076525269,0.30610052,56.724138,56.494251,56.896553
16208,砺波市,Tonami-shi,basic_municipality,0.075306105,0.11979907,56.666667,56.436783,56.839081
32202,浜田市,Hamada-shi,basic_municipality,0.075184052,1.05534,56.609195,56.379311,57.183907
43202,八代市,Yatsushiro-shi,basic_municipality,0.075101039,-0.13244186,56.551724,56.321838,57.126438
08216,笠間市,Kasama-shi,basic_municipality,0.074743295,0.49807266,56.494253,56.379311,57.126438
33205,笠岡市,Kasaoka-shi,basic_municipality,0.07030165,0.19400837,56.436782,56.379311,56.666668
19211,笛吹市,Fuefuki-shi,basic_municipality,0.068401403,-0.57304512,56.37931,56.091953,56.954021
41209,嬉野市,Ureshino-shi,basic_municipality,0.059555197,0.5195804,56.321839,56.264366,56.436783
38402,砥部町,Tobe-cho,basic_municipality,0.05610363,0.43238784,56.264368,56.206898,56.321838
02207,三沢市,Misawa-shi,basic_municipality,0.048515898,0.68843571,56.206897,56.034481,56.264366
29446,天川村,Tenkawa-mura,basic_municipality,0.046230607,2.1273888,56.149425,55.804596,56.724136
15205,柏崎市,Kashiwazaki-shi,basic_municipality,0.038164916,0.32825887,56.091954,55.862068,56.206898
39303,田野町,Tano-cho,basic_municipality,0.035817903,-0.37529807,56.034483,55.689655,56.206898
44204,日田市,Hita-shi,basic_municipality,0.032408952,0.25384502,55.977011,55.862068,56.091953
42411,新上五島町,Shinkamigoto-cho,basic_municipality,0.030308575,1.0876531,55.91954,55.689655,56.091953
13363,新島村,Niijima-mura,basic_municipality,0.03011525,1.6777462,55.862069,55.632183,56.149426
06206,寒河江市,Sagae-shi,basic_municipality,0.026188147,-0.50749319,55.804598,55.632183,56.149426
11362,皆野町,Minano-machi,basic_municipality,0.019336494,0.38840146,55.747126,55.689655,55.863506
16204,魚津市,Uozu-shi,basic_municipality,0.016032151,-0.23215578,55.689655,55.574711,55.977013
03216,滝沢市,Takizawashi,basic_municipality,0.0032514002,1.1884491,55.632184,55.229885,55.91954
40447,筑前町,Chikuzen-machi,basic_municipality,0.0011609219,0.39220691,55.574713,55.45977,55.689655
25425,愛荘町,Aisho-cho,basic_municipality,-0.0048475541,-0.32626294,55.517241,55.229885,55.689655
18481,高浜町,Takahama-cho,basic_municipality,-0.005979368,0.47717515,55.45977,55.402298,55.574711
41202,唐津市,Karatsu-shi,basic_municipality,-0.01443723,0.19120489,55.402299,55.287357,55.517242
19207,韮崎市,Nirasaki-shi,basic_municipality,-0.0170081,-0.4497485,55.344828,54.942528,55.632183
29402,明日香村,Asuka-mura,basic_municipality,-0.020552426,0.37522604,55.287356,55.172413,55.402298
32528,隠岐の島町,Okinoshima-cho,basic_municipality,-0.027576347,1.0868741,55.229885,54.942528,55.45977
43403,大津町,Ozu-machi,basic_municipality,-0.0300365,-0.38705212,55.172414,54.770115,55.287357
04202,石巻市,Ishinomaki-shi,basic_municipality,-0.032327887,0.14861141,55.114943,55,55.172413
25213,東近江市,Higashiomi-shi,basic_municipality,-0.032448686,-0.43356384,55.057471,54.655174,55.344826
41346,みやき町,Miyaki-cho,basic_municipality,-0.036451534,0.32345923,55,54.885059,55.172413
24212,熊野市,Kumano-shi,basic_municipality,-0.036719348,1.265386,54.942529,54.655174,55.229885
12423,長生村,Chosei-mura,basic_municipality,-0.040784476,0.70691598,54.885057,54.597702,55.229885
44205,佐伯市,Saiki-shi,basic_municipality,-0.047366835,0.38266922,54.827586,54.54023,54.942528
17210,白山市,Hakusan-shi,basic_municipality,-0.048509704,0.64532258,54.770115,54.482758,54.885059
04214,東松島市,Higashimatsushima-shi,basic_municipality,-0.049159037,0.64775018,54.712644,54.310345,54.942528
08214,高萩市,Takahagi-shi,basic_municipality,-0.050600189,0.10135023,54.655172,54.425289,55
46204,枕崎市,Makurazaki-shi,basic_municipality,-0.052922122,0.10119217,54.597701,54.367817,54.885059
32207,江津市,Gotsu-shi,basic_municipality,-0.053171878,1.0548262,54.54023,54.252872,54.885059
24442,明和町,Meiwa-cho,basic_municipality,-0.058930316,0.05553993,54.482759,54.252872,54.655174
32204,益田市,Masuda-shi,basic_municipality,-0.060427385,0.91005783,54.425287,54.137932,54.597702
08210,下妻市,Shimotsuma-shi,basic_municipality,-0.066488028,-0.41966024,54.367816,54.08046,54.655174
29441,吉野町,Yoshino-cho,basic_municipality,-0.068277401,0.54039424,54.310345,54.022987,54.425289
24210,亀山市,Kameyama-shi,basic_municipality,-0.071382632,-0.14250356,54.252874,53.908047,54.482758
32526,西ノ島町,Nishinoshima-cho,basic_municipality,-0.072153281,0.39534737,54.195402,53.793102,54.712643
20323,御代田町,Miyota-machi,basic_municipality,-0.076394949,0.088641184,54.137931,53.965519,54.195404
34215,江田島市,Etajima-shi,basic_municipality,-0.076715552,0.43631125,54.08046,53.793102,54.367817
08205,石岡市,Ishioka-shi,basic_municipality,-0.081151706,-0.049834319,54.022989,53.850574,54.137932
39302,奈半利町,Nahari-cho,basic_municipality,-0.082630523,-0.10233358,53.965517,53.448277,54.54023
22223,御前崎市,Omaezaki-shi,basic_municipality,-0.08329438,-0.84799431,53.908046,53.505749,54.310345
20521,坂城町,Sakaki-machi,basic_municipality,-0.085563939,-1.1011297,53.850575,53.333332,54.54023
09205,鹿沼市,Kanuma-shi,basic_municipality,-0.092701256,-0.11332078,53.793103,53.563217,53.908047
46203,鹿屋市,Kanoya-shi,basic_municipality,-0.093035817,0.5717496,53.735632,53.563217,54.022987
46216,日置市,Hioki-shi,basic_municipality,-0.094431421,0.84343103,53.678161,53.505749,54.022987
19346,市川三郷町,Ichikawamisato-cho,basic_municipality,-0.09551814,0.37967973,53.62069,53.448277,53.908047
02208,むつ市,Mutsu-shi,basic_municipality,-0.098329683,1.4872367,53.563218,53.275864,54.195404
02401,野辺地町,Noheji-machi,basic_municipality,-0.099474674,0.52971355,53.505747,53.505749,53.735634
28481,上郡町,Kamigori-cho,basic_municipality,-0.10777469,0.81182964,53.448276,53.218391,53.622128
36383,牟岐町,Mugi-cho,basic_municipality,-0.11214126,0.1663025,53.390805,53.160919,53.735634
43212,上天草市,Kamiamakusa-shi,basic_municipality,-0.11342681,0.31545327,53.333333,53.218391,53.448277
12226,富津市,Futtsu-shi,basic_municipality,-0.11755848,0.42634378,53.275862,53.103447,53.390804
36489,東みよし町,Higashimiyoshi-cho,basic_municipality,-0.12238865,0.43882627,53.218391,53.103447,53.218391
15222,上越市,Joetsu-shi,basic_municipality,-0.12334169,0.55573449,53.16092,52.931034,53.333332
38203,宇和島市,Uwajima-shi,basic_municipality,-0.12722302,-0.089891568,53.103448,52.816093,53.448277
39211,香南市,Konan-shi,basic_municipality,-0.12787888,-0.062112772,53.045977,52.931034,53.333332
24543,紀北町,Kihoku-cho,basic_municipality,-0.13671572,0.32227815,52.988506,52.873562,53.103447
06213,南陽市,Nanyo-shi,basic_municipality,-0.13743132,-0.29293865,52.931034,52.873562,53.160919
35343,田布施町,Tabuse-cho,basic_municipality,-0.14993738,0.45918304,52.873563,52.528736,53.103447
21218,本巣市,Motosu-shi,basic_municipality,-0.15256067,0.14312322,52.816092,52.528736,52.873562
21362,関ケ原町,Sekigahara-cho,basic_municipality,-0.15440269,-0.064154653,52.758621,52.356323,52.873562
06204,酒田市,Sakata-shi,basic_municipality,-0.1569654,0.41854031,52.701149,52.528736,52.816093
08546,境町,Sakai-machi,basic_municipality,-0.15725795,-0.66688409,52.643678,52.183907,52.873562
28225,朝来市,Asago-shi,basic_municipality,-0.15888453,0.59779026,52.586207,52.471264,52.758621
11346,川島町,Kawajima-machi,basic_municipality,-0.16152596,0.095878846,52.528736,52.413792,52.758621
15361,田上町,Tagami-machi,basic_municipality,-0.16673565,0.2588969,52.471264,52.183907,52.586208
13308,奥多摩町,Okutama-machi,basic_municipality,-0.16992331,1.492685,52.413793,51.896553,52.816093
45204,日南市,Nichinan-shi,basic_municipality,-0.17157635,0.48462309,52.356322,51.954021,52.586208
28446,神河町,Kamikawa-cho,basic_municipality,-0.1720509,0.58091715,52.298851,52.126438,52.471264
45421,門川町,Kadogawa-cho,basic_municipality,-0.17241321,0.098202491,52.241379,52.126438,52.413792
09213,那須塩原市,Nasushiobara-shi,basic_municipality,-0.17561666,0.0076323036,52.183908,52.011494,52.356323
01226,砂川市,Sunagawa-shi,basic_municipality,-0.17852396,1.1879405,52.126437,51.781609,52.701149
24562,紀宝町,Kiho-cho,basic_municipality,-0.18252432,0.54438267,52.068966,51.839081,52.126438
08227,筑西市,Chikusei-shi,basic_municipality,-0.18299186,-0.40072965,52.011494,51.839081,52.241379
22344,小山町,Oyama-cho,basic_municipality,-0.18340646,1.368142,51.954023,51.609196,52.586208
23445,南知多町,Minamichita-cho,basic_municipality,-0.1889467,-1.2955314,51.896552,51.264366,52.701149
28228,加東市,Kato-shi,basic_municipality,-0.19560209,-0.21436396,51.83908,51.609196,51.954021
08215,北茨城市,Kitaibaraki-shi,basic_municipality,-0.19607666,-0.47882225,51.781609,51.436783,52.068966
20383,箕輪町,Minowa-machi,basic_municipality,-0.2020906,-1.1082091,51.724138,51.034481,52.126438
08442,美浦村,Miho-mura,basic_municipality,-0.2025043,0.54742568,51.666667,51.551723,51.896553
20481,池田町,Ikeda-machi,basic_municipality,-0.20541891,0.11088507,51.609195,51.551723,51.781609
01661,釧路町,Kushiro-cho,basic_municipality,-0.21299612,1.2781277,51.551724,51.264366,51.896553
21341,養老町,Yoro-cho,basic_municipality,-0.21753554,0.2303562,51.494253,51.206898,51.609196
44213,由布市,Yufu-shi,basic_municipality,-0.21880325,1.3975428,51.436782,51.034481,51.840519
20382,辰野町,Tatsuno-machi,basic_municipality,-0.22552296,-0.62572147,51.37931,50.747128,51.724136
40602,添田町,Soeda-machi,basic_municipality,-0.22715372,1.0738845,51.321839,51.034481,51.494251
36204,阿南市,Anan-shi,basic_municipality,-0.22850761,-0.010166913,51.264368,50.977013,51.436783
41205,伊万里市,Imari-shi,basic_municipality,-0.22994553,-0.0030092654,51.206897,50.91954,51.436783
11347,吉見町,Yoshimi-machi,basic_municipality,-0.23060339,0.43611558,51.149425,50.862068,51.379311
22302,河津町,Kawazu-cho,basic_municipality,-0.2334165,1.0795879,51.091954,50.804596,51.436783
22304,南伊豆町,Minamiizu-cho,basic_municipality,-0.2335353,1.395792,51.034483,50.632183,51.609196
46215,薩摩川内市,Satsumasendai-shi,basic_municipality,-0.23364398,0.62254804,50.977011,50.862068,51.206898
39210,四万十市,Shimanto-shi,basic_municipality,-0.23939906,1.1477841,50.91954,50.632183,51.264366
05211,潟上市,Katagami-shi,basic_municipality,-0.2396168,0.81572491,50.862069,50.632183,51.264366
25209,甲賀市,Koka-shi,basic_municipality,-0.24610676,-0.14288756,50.804598,50.574711,51.264366
46210,指宿市,Ibusuki-shi,basic_municipality,-0.24622096,-0.36633032,50.747126,50.344826,51.494251
17207,羽咋市,Hakui-shi,basic_municipality,-0.25304496,0.30462803,50.689655,50.574711,50.804596
41207,鹿島市,Kashima-shi,basic_municipality,-0.25376057,-0.22538722,50.632184,50.45977,50.977013
22222,伊豆市,Izu-shi,basic_municipality,-0.25476239,0.99799898,50.574713,50.402298,50.862068
16205,氷見市,Himi-shi,basic_municipality,-0.256609,0.29349676,50.517241,50.45977,50.862068
25214,米原市,Maibara-shi,basic_municipality,-0.26451029,0.28221593,50.45977,50.344826,50.632183
09301,上三川町,Kaminokawa-machi,basic_municipality,-0.26806595,-0.44643063,50.402299,50.287357,50.574711
40503,大刀洗町,Tachiarai-machi,basic_municipality,-0.27064226,-0.21256237,50.344828,50.287357,50.517242
07214,本宮市,Motomiya-shi,basic_municipality,-0.2759786,0.051390379,50.287356,50.172413,50.402298
05363,八郎潟町,Hachirogata-machi,basic_municipality,-0.288104,0.5143723,50.229885,50,50.288795
08211,常総市,Joso-shi,basic_municipality,-0.29157981,-0.33914794,50.172414,50,50.229885
06211,東根市,Higashine-shi,basic_municipality,-0.29293808,-0.5712663,50.114943,49.94109,50.287357
37207,東かがわ市,Higashikagawa-shi,basic_municipality,-0.29491271,-0.41946986,50.057471,49.885059,50.172413
39205,土佐市,Tosa-shi,basic_municipality,-0.29496761,-0.28873059,50,49.885059,50.287357
01425,上砂川町,Kamisunagawa-cho,basic_municipality,-0.31669855,1.3680882,49.942529,49.310345,50.172413
12238,いすみ市,Isumi-shi,basic_municipality,-0.31935198,0.78542622,49.885057,49.425289,50
12463,鋸南町,Kyonan-machi,basic_municipality,-0.321165,0.49548772,49.827586,49.482758,49.942528
12215,旭市,Asahi-shi,basic_municipality,-0.32292542,-0.73449218,49.770115,49.425289,49.942528
04361,亘理町,Watari-cho,basic_municipality,-0.32625129,0.093788376,49.712644,49.482758,49.827587
21206,中津川市,Nakatsugawa-shi,basic_municipality,-0.32722176,-0.36692332,49.655172,49.425289,49.942528
39208,宿毛市,Sukumo-shi,basic_municipality,-0.32743103,0.26531681,49.597701,49.482758,49.827587
22224,菊川市,Kikugawa-shi,basic_municipality,-0.32871781,-1.0574672,49.54023,49.252872,49.942528
39206,須崎市,Susaki-shi,basic_municipality,-0.33593021,-0.47910088,49.482759,49.08046,49.827587
03206,北上市,Kitakami-shi,basic_municipality,-0.33662299,-0.14024404,49.425287,49.310345,49.712643
39386,いの町,Ino-cho,basic_municipality,-0.34244354,0.89653756,49.367816,49.137932,49.655174
06205,新庄市,Shinjo-shi,basic_municipality,-0.34546427,0.10648829,49.310345,49.252872,49.367817
15342,弥彦村,Yahiko-mura,basic_municipality,-0.35076093,-0.24427347,49.252874,49.137932,49.425289
29212,宇陀市,Uda-shi,basic_municipality,-0.35221901,0.84781234,49.195402,48.849136,49.54023
20541,小布施町,Obuse-machi,basic_municipality,-0.35532193,-1.4298745,49.137931,48.218391,49.712643
10211,安中市,Annaka-shi,basic_municipality,-0.35823405,0.25097136,49.08046,48.850574,49.252872
21210,恵那市,Ena-shi,basic_municipality,-0.35986304,0.16983759,49.022989,48.850574,49.195404
26344,宇治田原町,Ujitawara-cho,basic_municipality,-0.36345004,-0.086590905,48.965517,48.735634,49.137932
24461,玉城町,Tamaki-cho,basic_municipality,-0.3653399,0.020784027,48.908046,48.735634,49.08046
20450,山形村,Yamagata-mura,basic_municipality,-0.36817861,-1.1439891,48.850575,48.102009,49.367817
10522,明和町,Meiwa-machi,basic_municipality,-0.37347176,-0.26460624,48.793103,48.448277,48.908047
47214,宮古島市,Miyakojima-shi,basic_municipality,-0.37608157,0.21663156,48.735632,48.218391,49.022987
21220,下呂市,Gero-shi,basic_municipality,-0.37644128,0.78348241,48.678161,48.333332,48.965519
07205,白河市,Shirakawa-shi,basic_municipality,-0.37678299,-0.29692368,48.62069,48.333332,48.850574
18208,あわら市,Awara-shi,basic_municipality,-0.37692649,0.23730495,48.563218,48.448277,48.793102
40226,宮若市,Miyawaka-shi,basic_municipality,-0.37776693,0.39183338,48.505747,48.275864,48.850574
21502,富加町,Tomika-cho,basic_municipality,-0.38558724,-0.63124944,48.448276,47.873562,48.735634
19205,山梨市,Yamanashi-shi,basic_municipality,-0.3864971,-0.43088244,48.390805,47.816093,48.965519
28442,市川町,Ichikawa-cho,basic_municipality,-0.38966945,0.11344592,48.333333,47.988506,48.563217
33213,赤磐市,Akaiwa-shi,basic_municipality,-0.38983084,0.1416448,48.275862,48.103447,48.390804
07207,須賀川市,Sukagawa-shi,basic_municipality,-0.39020099,-0.16402235,48.218391,48.045979,48.390804
18442,美浜町,Mihama-cho,basic_municipality,-0.3914057,1.2110662,48.16092,47.931034,48.793102
16209,小矢部市,Oyabe-shi,basic_municipality,-0.39338798,0.31657325,48.103448,47.988506,48.505749
10206,沼田市,Numata-shi,basic_municipality,-0.39414781,-0.003467554,48.045977,47.931034,48.390804
38204,八幡浜市,Yawatahama-shi,basic_municipality,-0.40492356,-0.89992599,47.988506,47.298851,48.678162
14402,清川村,Kiyokawa-mura,basic_municipality,-0.40901085,1.2863429,47.931034,47.586208,48.333332
15206,新発田市,Shibata-shi,basic_municipality,-0.40986614,0.46226031,47.873563,47.758621,47.988506
10523,千代田町,Chiyoda-machi,basic_municipality,-0.41105838,-0.58768286,47.816092,47.471264,48.103447
20485,白馬村,Hakuba-mura,basic_municipality,-0.4156852,2.0407875,47.758621,47.068966,48.563217
33212,瀬戸内市,Setouchi-shi,basic_municipality,-0.4158034,-0.056017711,47.701149,47.643677,47.873562
13307,檜原村,Hinohara-mura,basic_municipality,-0.416633,1.4604135,47.643678,47.413792,48.045979
41424,江北町,Kohoku-machi,basic_municipality,-0.41882905,0.085814179,47.586207,47.586208,47.816093
44206,臼杵市,Usuki-shi,basic_municipality,-0.42898576,0.36186029,47.528736,47.413792,47.586208
30383,由良町,Yura-cho,basic_municipality,-0.43432518,-0.37466244,47.471264,47.011494,47.758621
02412,おいらせ町,Oirase-cho,basic_municipality,-0.43504645,0.31737832,47.413793,47.241379,47.528736
43215,天草市,Amakusa-shi,basic_municipality,-0.43519241,0.81920766,47.356322,47.011494,47.643677
09214,さくら市,Sakura-shi,basic_municipality,-0.43818706,0.20823407,47.298851,47.183907,47.413792
09209,真岡市,Moka-shi,basic_municipality,-0.43858567,-0.78001276,47.241379,46.954021,47.701149
01236,北斗市,Hokuto-shi,basic_municipality,-0.44405582,0.95118412,47.183908,46.722698,47.471264
05202,能代市,Noshiro-shi,basic_municipality,-0.44422622,0.90905298,47.126437,46.781609,47.356323
26212,京丹後市,Kyotango-shi,basic_municipality,-0.44483513,0.18203404,47.068966,47.011494,47.356323
08212,常陸太田市,Hitachiota-shi,basic_municipality,-0.44963521,0.45036521,47.011494,46.724136,47.183907
28223,丹波市,Tamba-shi,basic_municipality,-0.45487198,-0.13244351,46.954023,46.724136,47.127876
20209,伊那市,Ina-shi,basic_municipality,-0.4561029,-0.19001578,46.896552,46.609196,47.183907
46208,出水市,Izumi-shi,basic_municipality,-0.45622759,0.051504043,46.83908,46.666668,47.011494
06321,河北町,Kahoku-cho,basic_municipality,-0.46038581,-0.75214644,46.781609,46.321838,47.298851
40228,朝倉市,Asakura-shi,basic_municipality,-0.46109896,-0.33520726,46.724138,46.436783,47.068966
04421,大和町,Taiwa-cho,basic_municipality,-0.4618479,0.40488522,46.666667,46.551723,46.954021
06301,山辺町,Yamanobe-machi,basic_municipality,-0.4661148,0.46147666,46.609195,46.379311,46.954021
37387,綾川町,Ayagawa-cho,basic_municipality,-0.46963659,0.48833032,46.551724,46.321838,46.839081
25212,高島市,Takashima-shi,basic_municipality,-0.47113302,0.5931176,46.494253,46.379311,46.666668
28365,多可町,Taka-cho,basic_municipality,-0.47305111,-0.22727492,46.436782,46.206898,46.781609
41204,多久市,Taku-shi,basic_municipality,-0.47784539,0.40784993,46.37931,46.206898,46.551723
28227,宍粟市,Shiso-shi,basic_municipality,-0.48152919,0.022201803,46.321839,46.091953,46.551723
28220,加西市,Kasai-shi,basic_municipality,-0.48647652,-0.44134835,46.264368,45.977013,46.494251
03202,宮古市,Miyako-shi,basic_municipality,-0.49022042,0.7948207,46.206897,46.034481,46.321838
41210,神埼市,Kanzaki-shi,basic_municipality,-0.49307456,0.27576049,46.149425,46.034481,46.264366
01361,江差町,Esashi-cho,basic_municipality,-0.49872595,1.2848981,46.091954,45.632183,46.379311
20403,高森町,Takamori-machi,basic_municipality,-0.49888225,-1.2525101,46.034483,45.45977,46.609196
35204,萩市,Hagi-shi,basic_municipality,-0.50618377,0.66720419,45.977011,45.689655,46.091953
01400,倶知安町,Kutchan-cho,basic_municipality,-0.50858803,1.7896518,45.91954,45.172413,46.379311
20219,東御市,Tomi-shi,basic_municipality,-0.50952601,-0.37887212,45.862069,45.747128,45.977013
22226,牧之原市,Makinohara-shi,basic_municipality,-0.51254944,-1.3090514,45.804598,45.114941,46.149426
12237,山武市,Sammu-shi,basic_municipality,-0.51555039,0.12837713,45.747126,45.517242,45.91954
04581,女川町,Onagawa-cho,basic_municipality,-0.51871933,-0.60857932,45.689655,45.229885,45.977013
43206,玉名市,Tamana-shi,basic_municipality,-0.51917867,-0.6816741,45.632184,45.172413,45.977013
21221,海津市,Kaizu-shi,basic_municipality,-0.51965594,-0.18849349,45.574713,45.344826,45.862068
18423,越前町,Echizen-cho,basic_municipality,-0.5200961,0.0045965385,45.517241,45.402298,45.804596
28226,淡路市,Awaji-shi,basic_municipality,-0.52266537,-0.087335453,45.45977,45.229885,45.747128
39402,佐川町,Sakawa-cho,basic_municipality,-0.52436909,0.33618957,45.402299,45.344826,45.747128
09211,矢板市,Yaita-shi,basic_municipality,-0.52840707,0.23237331,45.344828,45.229885,45.574711
09206,日光市,Nikko-shi,basic_municipality,-0.53076545,0.86858973,45.287356,45.057472,45.804596
38207,大洲市,Ozu-shi,basic_municipality,-0.53243201,0.39100146,45.229885,45.172413,45.517242
17407,中能登町,Nakanoto-machi,basic_municipality,-0.53639757,0.41460577,45.172414,44.942528,45.517242
21203,高山市,Takayama-shi,basic_municipality,-0.54498985,0.65881981,45.114943,44.885059,45.172413
20482,松川村,Matsukawa-mura,basic_municipality,-0.54680349,-0.22792295,45.057471,44.942528,45.114941
40225,うきは市,Ukiha-shi,basic_municipality,-0.55044957,-0.7182727,45,44.597702,45.344826
18206,勝山市,Katsuyama-shi,basic_municipality,-0.55494803,0.19142871,44.942529,44.770115,45.057472
21219,郡上市,Gujo-shi,basic_municipality,-0.55784865,0.31547857,44.885057,44.655174,45
17324,川北町,Kawakita-machi,basic_municipality,-0.56095131,0.24255786,44.827586,44.597702,45.114941
21382,輪之内町,Wanouchi-cho,basic_municipality,-0.5648476,-0.064894162,44.770115,44.482758,44.942528
20211,中野市,Nakano-shi,basic_municipality,-0.56552967,-1.4551385,44.712644,44.022987,45.344826
30382,日高町,Hidaka-cho,basic_municipality,-0.57165418,0.43384064,44.655172,44.367817,44.885059
31370,湯梨浜町,Yurihama-cho,basic_municipality,-0.57464845,0.41038703,44.597701,44.310345,44.770115
06207,上山市,Kaminoyama-shi,basic_municipality,-0.57534407,0.43004537,44.54023,44.367817,44.655174
20388,宮田村,Miyada-mura,basic_municipality,-0.57940438,-0.66726448,44.482759,44.137932,44.770115
01208,北見市,Kitami-shi,basic_municipality,-0.57958798,1.5189424,44.425287,43.908047,45
09342,益子町,Mashiko-machi,basic_municipality,-0.58306447,-0.32733727,44.367816,44.252872,44.597702
12236,香取市,Katori-shi,basic_municipality,-0.58445468,0.23799508,44.310345,44.195404,44.482758
25442,甲良町,Kora-cho,basic_municipality,-0.58492887,-0.49121521,44.252874,44.079021,44.655174
25384,竜王町,Ryuo-cho,basic_municipality,-0.59049519,-0.63189203,44.195402,43.908047,44.54023
35211,長門市,Nagato-shi,basic_municipality,-0.59607385,0.51102201,44.137931,43.965519,44.367817
05204,大館市,Odate-shi,basic_municipality,-0.60009424,0.69133866,44.08046,43.850574,44.310345
43213,宇城市,Uki-shi,basic_municipality,-0.60026625,-0.13264254,44.022989,43.793102,44.310345
09386,高根沢町,Takanezawa-machi,basic_municipality,-0.60324468,0.13227039,43.965517,43.793102,44.137932
07342,鏡石町,Kagamiishi-machi,basic_municipality,-0.60530975,-0.60955727,43.908046,43.793102,44.195404
38356,上島町,Kamijima-cho,basic_municipality,-0.61158095,-0.22677094,43.850575,43.735634,43.965519
15208,小千谷市,Ojiya-shi,basic_municipality,-0.61754374,-0.28582672,43.793103,43.505749,43.965519
13362,利島村,Toshima-mura,basic_municipality,-0.62080773,0.29946579,43.735632,43.333332,44.022987
26203,綾部市,Ayabe-shi,basic_municipality,-0.62393543,0.18638698,43.678161,43.505749,43.735634
06302,中山町,Nakayama-machi,basic_municipality,-0.62691873,0.031374738,43.62069,43.390804,43.735634
08228,坂東市,Bando-shi,basic_municipality,-0.6293965,-0.78301947,43.563218,43.045979,43.735634
13381,三宅村,Miyake-mura,basic_municipality,-0.62950153,1.5794839,43.505747,42.816093,43.965519
12342,神崎町,Kozaki-machi,basic_municipality,-0.63419211,0.42428905,43.448276,43.045979,43.678162
07209,相馬市,Soma-shi,basic_municipality,-0.63612674,-0.20687371,43.390805,43.045979,43.505749
36405,上板町,Kamiita-cho,basic_municipality,-0.63739615,-0.06520355,43.333333,43.218391,43.505749
24214,いなべ市,Inabe-shi,basic_municipality,-0.6376578,-0.46188236,43.275862,42.586208,43.735634
32525,海士町,Ama-cho,basic_municipality,-0.64737853,0.74555712,43.218391,42.586208,43.505749
02205,五所川原市,Goshogawara-shi,basic_municipality,-0.6503385,0.38653437,43.16092,42.701149,43.218391
12235,匝瑳市,Sosa-shi,basic_municipality,-0.6504749,-0.33715335,43.103448,42.528736,43.275864
38210,伊予市,Iyo-shi,basic_municipality,-0.65117443,-0.02715234,43.045977,42.758621,43.103447
46220,南さつま市,Minamisatsuma-shi,basic_municipality,-0.65131892,0.80300799,42.988506,42.586208,43.333332
11381,美里町,Misato-machi,basic_municipality,-0.65223433,-0.19448813,42.931034,42.528736,43.218391
28221,丹波篠山市,Tambasasayama-shi,basic_municipality,-0.65347515,-0.057443007,42.873563,42.528736,43.103447
23221,新城市,Shinshiro-shi,basic_municipality,-0.6553649,-0.41757679,42.816092,42.241379,43.277302
10384,甘楽町,Kanra-machi,basic_municipality,-0.65775798,-0.75468886,42.758621,41.954021,43.333332
37208,三豊市,Mitoyo-shi,basic_municipality,-0.65906605,-0.39428906,42.701149,42.298851,42.932472
30406,すさみ町,Susami-cho,basic_municipality,-0.65919323,0.89307375,42.643678,42.298851,43.104885
47313,宜野座村,Ginoza-son,basic_municipality,-0.6598569,0.7747175,42.586207,42.011494,43.275864
13401,八丈町,Hachijo-machi,basic_municipality,-0.66057125,0.66240052,42.528736,42.183907,42.988506
40647,築上町,Chikujo-machi,basic_municipality,-0.66213696,0.58696738,42.471264,42.241379,42.931034
46525,瀬戸内町,Setouchi-cho,basic_municipality,-0.66474453,1.7473977,42.413793,41.724136,43.390804
43441,御船町,Mifune-machi,basic_municipality,-0.66560548,0.68155965,42.356322,42.011494,42.873562
32205,大田市,Oda-shi,basic_municipality,-0.6680179,0.54634139,42.298851,42.241379,42.471264
21505,八百津町,Yaotsu-cho,basic_municipality,-0.66954255,0.11899968,42.241379,41.781609,42.931034
15586,粟島浦村,Awashimaura-mura,basic_municipality,-0.67101262,-0.7598005,42.183908,40.862068,43.735634
12424,白子町,Shirako-machi,basic_municipality,-0.67728887,-0.036070663,42.126437,41.839081,42.298851
21217,飛騨市,Hida-shi,basic_municipality,-0.67972396,0.08721526,42.068966,41.551723,42.471264
25443,多賀町,Taga-cho,basic_municipality,-0.67998996,0.19704307,42.011494,41.494251,42.471264
04215,大崎市,Osaki-shi,basic_municipality,-0.68010971,0.34816941,41.954023,41.724136,42.183907
11383,神川町,Kamikawa-machi,basic_municipality,-0.68760176,-0.52431638,41.896552,41.206898,42.241379
30208,紀の川市,Kinokawa-shi,basic_municipality,-0.68805351,-0.57791364,41.83908,41.321838,42.357761
02204,黒石市,Kuroishi-shi,basic_municipality,-0.68861301,-0.19273596,41.781609,41.494251,42.068966
01408,余市町,Yoichi-cho,basic_municipality,-0.69210456,0.2900822,41.724138,41.321838,42.126438
26364,笠置町,Kasagi-cho,basic_municipality,-0.69520775,1.5663558,41.666667,41.149426,42.298851
42209,対馬市,Tsushima-shi,basic_municipality,-0.69851795,0.2082565,41.609195,40.977013,42.011494
47355,粟国村,Aguni-son,basic_municipality,-0.70215119,1.4462027,41.551724,40.977013,41.954021
13361,大島町,Oshima-machi,basic_municipality,-0.70336508,1.8508549,41.494253,40.804596,42.356323
01403,泊村,Tomari-mura,basic_municipality,-0.70375592,1.6714998,41.436782,40.862068,41.954021
01210,岩見沢市,Iwamizawa-shi,basic_municipality,-0.70427719,1.2550624,41.37931,40.91954,41.954021
08231,桜川市,Sakuragawa-shi,basic_municipality,-0.70432144,-0.059374931,41.321839,40.977013,41.781609
42210,壱岐市,Iki-shi,basic_municipality,-0.70712712,0.31716655,41.264368,40.862068,41.551723
44322,姫島村,Himeshima-mura,basic_municipality,-0.70771993,-0.18217518,41.206897,40.747128,41.725574
46206,阿久根市,Akune-shi,basic_municipality,-0.70827995,-0.0098428256,41.149425,40.977013,41.551723
26213,南丹市,Nantan-shi,basic_municipality,-0.70919263,0.55047787,41.091954,41.034481,41.494251
13382,御蔵島村,Mikurajima-mura,basic_municipality,-0.71159227,2.3119907,41.034483,40.574711,42.011494
27322,能勢町,Nose-cho,basic_municipality,-0.71477162,0.44113196,40.977011,40.91954,41.264366
04206,白石市,Shiroishi-shi,basic_municipality,-0.71696576,0.28069938,40.91954,40.862068,41.494251
23427,飛島村,Tobishima-mura,basic_municipality,-0.71754142,0.069248988,40.862069,40.804596,41.321838
33207,井原市,Ibara-shi,basic_municipality,-0.72651789,-0.29835738,40.804598,40.689655,41.436783
40229,みやま市,Miyama-shi,basic_municipality,-0.73793209,-0.38122234,40.747126,40.517242,40.863506
15307,聖籠町,Seiro-machi,basic_municipality,-0.74253281,-0.16502279,40.689655,40.517242,40.747128
16342,入善町,Nyuzen-machi,basic_municipality,-0.74446295,-0.31704317,40.632184,40.45977,40.804596
12410,横芝光町,Yokoshibahikari-machi,basic_municipality,-0.74704064,-0.10182268,40.574713,40.45977,40.689655
29443,下市町,Shimoichi-cho,basic_municipality,-0.7470917,0.63085339,40.517241,40.45977,40.747128
15461,湯沢町,Yuzawa-machi,basic_municipality,-0.74915797,2.5338525,40.45977,39.482758,41.150864
11365,小鹿野町,Ogano-machi,basic_municipality,-0.76013718,-0.034938009,40.402299,39.942528,40.574711
39410,日高村,Hidaka-mura,basic_municipality,-0.76273108,0.41437641,40.344828,40.172413,40.402298
07301,桑折町,Kori-machi,basic_municipality,-0.7667876,-0.28893103,40.287356,39.827587,40.45977
03461,大槌町,Otsuchi-cho,basic_municipality,-0.76774532,0.24207052,40.229885,39.827587,40.402298
07212,南相馬市,Minamisoma-shi,basic_municipality,-0.76828118,0.428361,40.172414,39.826149,40.402298
39209,土佐清水市,Tosashimizu-shi,basic_municipality,-0.76903262,0.48751238,40.114943,39.597702,40.45977
40609,赤村,Aka-mura,basic_municipality,-0.7724299,0.61710015,40.057471,39.597702,40.229885
36387,美波町,Minami-cho,basic_municipality,-0.77278807,0.22215099,40,39.482758,40.402298
28222,養父市,Yabu-shi,basic_municipality,-0.77296686,0.75945798,39.942529,39.597702,40.229885
03207,久慈市,Kuji-shi,basic_municipality,-0.77350327,0.31491737,39.885057,39.712643,40.114941
07521,三春町,Miharu-machi,basic_municipality,-0.77383105,0.099823365,39.827586,39.655174,40.172413
24303,木曽岬町,Kisosaki-cho,basic_municipality,-0.77581941,-0.13771112,39.770115,39.597702,40.172413
06209,長井市,Nagai-shi,basic_municipality,-0.77862039,-0.22617885,39.712644,39.367817,40.287357
47382,与那国町,Yonaguni-cho,basic_municipality,-0.77997032,1.3293337,39.655172,39.367817,40.344826
24216,伊賀市,Iga-shi,basic_municipality,-0.78198956,-0.34702503,39.597701,39.252872,40.229885
08230,かすみがうら市,Kasumigaura-shi,basic_municipality,-0.78262245,-0.085269459,39.54023,39.425289,39.770115
07213,伊達市,Date-shi,basic_municipality,-0.78450027,-0.4644405,39.482759,39.252872,40.057472
07541,広野町,Hirono-machi,basic_municipality,-0.78853718,0.18515857,39.425287,39.195404,39.827587
01337,七飯町,Nanae-cho,basic_municipality,-0.79245404,1.0455771,39.367816,39.137932,39.942528
42211,五島市,Goto-shi,basic_municipality,-0.79742726,0.82367606,39.310345,39.137932,39.655174
47356,渡名喜村,Tonaki-son,basic_municipality,-0.80146237,0.34351483,39.252874,39.08046,39.425289
46530,徳之島町,Tokunoshima-cho,basic_municipality,-0.80454955,1.0165765,39.195402,38.965519,39.54023
36207,美馬市,Mima-shi,basic_municipality,-0.81252932,0.19597627,39.137931,38.908047,39.252872
08542,五霞町,Goka-machi,basic_municipality,-0.81396794,-0.3716119,39.08046,38.791664,39.367817
31302,岩美町,Iwami-cho,basic_municipality,-0.81420639,0.50512125,39.022989,38.908047,39.195404
23562,東栄町,Toei-cho,basic_municipality,-0.81551767,0.9635864,38.965517,38.793102,39.195404
01218,赤平市,Akabira-shi,basic_municipality,-0.8295355,1.3459477,38.908046,38.448277,39.13937
47306,今帰仁村,Nakijin-son,basic_municipality,-0.83133095,-0.23720776,38.850575,38.448277,39.137932
36208,三好市,Miyoshi-shi,basic_municipality,-0.83189044,1.0389119,38.793103,38.563217,38.908047
12234,南房総市,Minamiboso-shi,basic_municipality,-0.83249528,0.18048081,38.735632,38.563217,38.908047
24471,大紀町,Taiki-cho,basic_municipality,-0.8369847,0.52606208,38.678161,38.563217,38.850574
06203,鶴岡市,Tsuruoka-shi,basic_municipality,-0.839023,0.25519109,38.62069,38.505749,38.793102
01235,石狩市,Ishikari-shi,basic_municipality,-0.84100584,1.30008,38.563218,38.218391,38.908047
28224,南あわじ市,Minamiawaji-shi,basic_municipality,-0.84189969,-1.2291191,38.505747,37.931034,39.252872
08236,小美玉市,Omitama-shi,basic_municipality,-0.85378635,-0.2454435,38.448276,38.160919,38.563217
46505,屋久島町,Yakushima-cho,basic_municipality,-0.8586021,1.2748388,38.390805,37.988506,38.563217
19366,南部町,Nambu-cho,basic_municipality,-0.86025735,0.64307938,38.333333,38.103447,38.620689
39212,香美市,Kami-shi,basic_municipality,-0.86193291,0.22063012,38.275862,37.988506,38.505749
29444,黒滝村,Kurotaki-mura,basic_municipality,-0.86927862,0.61324775,38.218391,37.873562,38.333332
15216,糸魚川市,Itoigawa-shi,basic_municipality,-0.87067476,0.45465617,38.16092,37.873562,38.333332
19443,丹波山村,Tabayama-mura,basic_municipality,-0.87156321,1.7269405,38.103448,37.643677,38.448277
14364,山北町,Yamakita-machi,basic_municipality,-0.87372552,0.84607259,38.045977,37.816093,38.333332
01233,伊達市,Date-shi,basic_municipality,-0.87781145,1.2016375,37.988506,37.528736,38.333332
12441,大多喜町,Otaki-machi,basic_municipality,-0.87923588,0.95027877,37.931034,37.643677,38.160919
19213,甲州市,Koshu-shi,basic_municipality,-0.88103756,-1.0966219,37.873563,37.241379,38.563217
33461,矢掛町,Yakage-cho,basic_municipality,-0.88158603,-0.081563636,37.816092,37.643677,38.103447
04505,美里町,Misato-machi,basic_municipality,-0.88160853,0.21290486,37.758621,37.643677,38.103447
22461,森町,Mori-machi,basic_municipality,-0.88239785,-0.31044806,37.701149,37.528736,38.218391
03482,山田町,Yamada-machi,basic_municipality,-0.88332282,-0.10626238,37.643678,37.643677,38.103447
17204,輪島市,Wajima-shi,basic_municipality,-0.8926905,0.56855434,37.586207,37.528736,37.758621
28586,新温泉町,Shinonsen-cho,basic_municipality,-0.89779962,0.29675842,37.528736,37.413792,37.643677
18483,おおい町,Ohi-cho,basic_municipality,-0.90150679,0.77420193,37.471264,37.413792,37.586208
11369,東秩父村,Higashichichibu-mura,basic_municipality,-0.90607899,0.2221148,37.413793,37.241379,37.586208
18501,若狭町,Wakasa-cho,basic_municipality,-0.90795238,0.67391067,37.356322,37.241379,37.471264
12422,睦沢町,Mutsuzawa-machi,basic_municipality,-0.91239529,0.65111981,37.298851,37.068966,37.528736
02206,十和田市,Towada-shi,basic_municipality,-0.91429286,0.42316161,37.241379,37.241379,37.356323
15223,阿賀野市,Agano-shi,basic_municipality,-0.92747606,-0.14820451,37.183908,36.839081,37.241379
24470,度会町,Watarai-cho,basic_municipality,-0.92889902,0.47039068,37.126437,36.781609,37.183907
44462,玖珠町,Kusu-machi,basic_municipality,-0.92946108,0.16179453,37.068966,36.724136,37.183907
16210,南砺市,Nanto-shi,basic_municipality,-0.93038603,0.11762792,37.011494,36.781609,37.183907
38506,愛南町,Ainan-cho,basic_municipality,-0.93076183,-0.16778963,36.954023,36.609196,37.413792
32206,安来市,Yasugi-shi,basic_municipality,-0.93177517,0.041265189,36.896552,36.781609,37.012932
34209,三次市,Miyoshi-shi,basic_municipality,-0.93260646,0.50181752,36.83908,36.781609,37.068966
28501,佐用町,Sayo-cho,basic_municipality,-0.93629951,0.77021261,36.781609,36.551723,37.126438
09210,大田原市,Ohtawara-shi,basic_municipality,-0.9390625,-0.48358225,36.724138,36.609196,37.068966
44211,宇佐市,Usa-shi,basic_municipality,-0.94414551,0.18714407,36.666667,36.551723,36.781609
29207,五條市,Gojo-shi,basic_municipality,-0.95220368,-0.20404513,36.609195,36.436783,36.724136
43208,山鹿市,Yamaga-shi,basic_municipality,-0.95307994,-0.36247849,36.551724,36.379311,36.724136
34431,大崎上島町,Osakikamijima-cho,basic_municipality,-0.95561413,-0.046531827,36.494253,36.379311,36.609196
33346,和気町,Wake-cho,basic_municipality,-0.95652648,0.10787531,36.436782,36.379311,36.609196
01227,歌志内市,Utashinai-shi,basic_municipality,-0.97530482,1.9023886,36.37931,35.517242,36.781609
24443,大台町,Odai-cho,basic_municipality,-0.98162151,0.55251994,36.321839,36.206898,36.379311
03321,紫波町,Shiwa-cho,basic_municipality,-0.98595488,0.62984034,36.264368,35.977013,36.379311
25383,日野町,Hino-cho,basic_municipality,-0.98824805,-0.36141813,36.206897,35.862068,36.379311
15405,出雲崎町,Izumozaki-machi,basic_municipality,-0.99282331,0.11709201,36.149425,36.034481,36.206898
40625,みやこ町,Miyako-machi,basic_municipality,-1.0008377,0.32769678,36.091954,35.632183,36.149426
42214,南島原市,Minamishimabara-shi,basic_municipality,-1.0009004,-0.67458857,36.034483,35.45977,36.379311
21504,七宗町,Hichiso-cho,basic_municipality,-1.0013309,-0.2942635,35.977011,35.517242,36.264366
15226,南魚沼市,Minamiuonuma-shi,basic_municipality,-1.0018035,0.12676413,35.91954,35.804596,36.034481
20409,平谷村,Hiraya-mura,basic_municipality,-1.0068268,1.2197546,35.862069,35.287357,36.264366
04322,村田町,Murata-machi,basic_municipality,-1.0071238,0.26185644,35.804598,35.45977,36.034481
43424,小国町,Oguni-machi,basic_municipality,-1.0081667,0.53650964,35.747126,35.45977,36.091953
19209,北杜市,Hokuto-shi,basic_municipality,-1.0087474,-0.039190825,35.689655,35.632183,35.91954
29453,東吉野村,Higashiyoshino-mura,basic_municipality,-1.0112568,0.28832349,35.632184,35.287357,36.149426
40210,八女市,Yame-shi,basic_municipality,-1.0137664,-0.51313338,35.574713,35.287357,36.091953
33622,勝央町,Shoo-cho,basic_municipality,-1.0167281,-0.45986476,35.517241,35.344826,35.862068
45402,新富町,Shintomi-cho,basic_municipality,-1.0221957,-0.22442635,35.45977,35.172413,35.689655
24441,多気町,Taki-cho,basic_municipality,-1.0234114,0.053148952,35.402299,35.287357,35.632183
03205,花巻市,Hanamaki-shi,basic_municipality,-1.0238934,0.23281339,35.344828,35.287357,35.574711
43210,菊池市,Kikuchi-shi,basic_municipality,-1.0241414,-0.63296095,35.287356,35.057472,35.747128
15504,刈羽村,Kariwa-mura,basic_municipality,-1.0335479,0.5267091,35.229885,35,35.747128
15217,妙高市,Myoko-shi,basic_municipality,-1.042213,0.71294014,35.172414,34.885059,35.344826
32501,津和野町,Tsuwano-cho,basic_municipality,-1.0428021,0.88491449,35.114943,34.942528,35.287357
08302,茨城町,Ibaraki-machi,basic_municipality,-1.0428971,-0.037347887,35.057471,34.942528,35.229885
28585,香美町,Kami-cho,basic_municipality,-1.0461674,0.39170859,35,34.942528,35.114941
35341,上関町,Kaminoseki-cho,basic_municipality,-1.0586272,0.51936746,34.942529,34.597702,35.057472
03210,陸前高田市,Rikuzentakata-shi,basic_municipality,-1.0600333,0.11984952,34.885057,34.712643,34.942528
42208,松浦市,Matsuura-shi,basic_municipality,-1.0604227,-0.22811724,34.827586,34.482758,35
19365,身延町,Minobu-cho,basic_municipality,-1.0608895,1.4135262,34.770115,34.367817,35.172413
20422,上松町,Agematsu-machi,basic_municipality,-1.0647858,0.52128385,34.712644,34.54023,34.885059
02446,階上町,Hashikami-cho,basic_municipality,-1.0669003,0.2934256,34.655172,34.425289,34.885059
08225,常陸大宮市,Hitachiomiya-shi,basic_municipality,-1.068221,0.25605449,34.597701,34.425289,34.770115
46214,垂水市,Tarumizu-shi,basic_municipality,-1.0704243,-0.26131853,34.54023,34.308907,34.885059
10421,中之条町,Nakanojo-machi,basic_municipality,-1.0717227,1.0885697,34.482759,34.367817,34.827587
15210,十日町市,Tokamachi-shi,basic_municipality,-1.0731955,0.13508881,34.425287,34.367817,34.597702
19442,小菅村,Kosuge-mura,basic_municipality,-1.0847747,1.3728741,34.367816,34.08046,34.597702
39202,室戸市,Muroto-shi,basic_municipality,-1.0861249,-0.27187567,34.310345,33.965519,34.712643
32209,雲南市,Unnan-shi,basic_municipality,-1.0881029,0.34507626,34.252874,34.195404,34.367817
20432,木曽町,Kiso-machi,basic_municipality,-1.0899038,1.2716438,34.195402,33.965519,34.425289
15218,五泉市,Gosen-shi,basic_municipality,-1.0916477,-0.17513539,34.137931,34.08046,34.425289
12427,長南町,Chonan-machi,basic_municipality,-1.1046825,0.87152891,34.08046,33.620689,34.195404
16322,上市町,Kamiichi-machi,basic_municipality,-1.1053829,0.45514629,34.022989,33.735634,34.137932
42207,平戸市,Hirado-shi,basic_municipality,-1.1089773,-0.058158727,33.965517,33.620689,34.195404
07481,棚倉町,Tanagura-machi,basic_municipality,-1.1156962,-0.56363642,33.908046,33.505749,34.195404
18404,南越前町,Minamiechizen-cho,basic_municipality,-1.1162425,0.45826558,33.850575,33.563217,34.022987
43484,津奈木町,Tsunagi-machi,basic_municipality,-1.119254,0.093361707,33.793103,33.390804,34.022987
07308,川俣町,Kawamata-machi,basic_municipality,-1.1208348,-0.369411,33.735632,33.448277,34.022987
12426,長柄町,Nagara-machi,basic_municipality,-1.1213557,0.66055698,33.678161,33.275864,33.965519
20349,青木村,Aoki-mura,basic_municipality,-1.1223018,-0.097742339,33.62069,33.505749,33.793102
20407,阿智村,Achi-mura,basic_municipality,-1.1235139,-0.038996085,33.563218,33.390804,33.965519
17205,珠洲市,Suzu-shi,basic_municipality,-1.1246458,0.65930417,33.505747,33.333332,33.793102
04208,角田市,Kakuda-shi,basic_municipality,-1.1311651,-0.19057004,33.448276,33.333332,33.620689
07461,西郷村,Nishigo-mura,basic_municipality,-1.132975,-0.13138575,33.390805,33.160919,33.678162
42213,雲仙市,Unzen-shi,basic_municipality,-1.1365716,-0.8501143,33.333333,32.988506,33.965519
07466,矢吹町,Yabuki-machi,basic_municipality,-1.1405313,-0.77010643,33.275862,32.988506,33.505749
43444,甲佐町,Kosa-machi,basic_municipality,-1.1446353,0.12574739,33.218391,33.103447,33.448277
07210,二本松市,Nihonmatsu-shi,basic_municipality,-1.1452346,-0.082902044,33.16092,33.045979,33.333332
05203,横手市,Yokote-shi,basic_municipality,-1.1487894,-0.06832655,33.103448,33.103447,33.275864
32527,知夫村,Chibu-mura,basic_municipality,-1.163082,0.87689441,33.045977,32.873562,33.275864
43531,苓北町,Reihoku-machi,basic_municipality,-1.1712024,0.42423091,32.988506,32.816093,32.988506
17461,穴水町,Anamizu-machi,basic_municipality,-1.1728023,1.1649417,32.931034,32.701149,33.103447
30424,古座川町,Kozagawa-cho,basic_municipality,-1.1777224,1.493474,32.873563,32.586208,33.045979
02361,藤崎町,Fujisaki-machi,basic_municipality,-1.1806554,-0.77589897,32.816092,32.586208,33.045979
07421,会津坂下町,Aizubange-machi,basic_municipality,-1.1868813,-0.15989635,32.758621,32.643677,32.816093
05206,男鹿市,Oga-shi,basic_municipality,-1.1894326,0.56646019,32.701149,32.528736,32.816093
39203,安芸市,Aki-shi,basic_municipality,-1.1900256,-1.0554265,32.643678,32.182468,33.045979
20415,喬木村,Takagi-mura,basic_municipality,-1.1928162,-0.76326149,32.586207,32.471264,32.931034
30304,紀美野町,Kimino-cho,basic_municipality,-1.2022551,0.079854832,32.528736,32.471264,32.643677
09215,那須烏山市,Nasukarasuyama-shi,basic_municipality,-1.2059278,-0.079349636,32.471264,32.356323,32.643677
36206,阿波市,Awa-shi,basic_municipality,-1.2131475,-0.64287476,32.413793,32.126438,32.528736
18205,大野市,Ono-shi,basic_municipality,-1.2154776,0.42297664,32.356322,32.068966,32.528736
39403,越知町,Ochi-cho,basic_municipality,-1.2202387,0.37105809,32.298851,32.068966,32.413792
38214,西予市,Seiyo-shi,basic_municipality,-1.2239687,-0.16825333,32.241379,31.896551,32.356323
17463,能登町,Noto-cho,basic_municipality,-1.2249103,0.627972,32.183908,31.896551,32.413792
45205,小林市,Kobayashi-shi,basic_municipality,-1.2295731,-0.17627678,32.126437,31.724138,32.241379
31328,智頭町,Chizu-cho,basic_municipality,-1.2296427,0.068246235,32.068966,31.837645,32.298851
36468,つるぎ町,Tsurugi-cho,basic_municipality,-1.2323565,0.73607002,32.011494,31.781609,32.356323
20402,松川町,Matsukawa-machi,basic_municipality,-1.2335838,-1.4821378,31.954023,31.379311,32.413792
19422,道志村,Doshi-mura,basic_municipality,-1.2365207,-0.3428422,31.896552,31.551723,32.298851
38488,鬼北町,Kihoku-cho,basic_municipality,-1.2381375,0.50878334,31.83908,31.666666,32.011494
17386,宝達志水町,Hodatsushimizu-cho,basic_municipality,-1.2398812,0.30361439,31.781609,31.551723,32.126438
45382,国富町,Kunitomi-cho,basic_municipality,-1.2423964,-0.4184801,31.724138,31.494253,32.011494
37406,まんのう町,Manno-cho,basic_municipality,-1.2452863,0.070743954,31.666667,31.551723,31.781609
01221,名寄市,Nayoro-shi,basic_municipality,-1.2455049,1.8711142,31.609195,31.20546,32.471264
32441,川本町,Kawamoto-machi,basic_municipality,-1.246784,1.0079511,31.551724,31.436781,32.011494
21401,揖斐川町,Ibigawa-cho,basic_municipality,-1.2519971,0.53369926,31.494253,31.379311,31.896551
20362,富士見町,Fujimi-machi,basic_municipality,-1.2632087,-0.32374113,31.436782,31.264368,31.551723
08310,城里町,Shirosato-machi,basic_municipality,-1.2649196,0.42818334,31.37931,31.264368,31.551723
10521,板倉町,Itakura-machi,basic_municipality,-1.2694481,-0.78915092,31.321839,31.033047,31.551723
31389,南部町,Nambu-cho,basic_municipality,-1.2734898,0.39100475,31.264368,30.977011,31.436781
15224,佐渡市,Sado-shi,basic_municipality,-1.2818421,0.4374168,31.206897,30.632183,31.379311
31329,八頭町,Yazu-cho,basic_municipality,-1.2820718,-0.04095483,31.149425,30.91954,31.264368
19429,鳴沢村,Narusawa-mura,basic_municipality,-1.2824248,0.57492797,31.091954,30.689655,31.264368
12349,東庄町,Tonosho-machi,basic_municipality,-1.2844477,-0.58976781,31.034483,30.632183,31.321838
05210,由利本荘市,Yurihonjo-shi,basic_municipality,-1.2868408,0.14527341,30.977011,30.689655,31.149426
15212,村上市,Murakami-shi,basic_municipality,-1.2868431,0.40531278,30.91954,30.573277,31.149426
03215,奥州市,Oshu-shi,basic_municipality,-1.2890356,-0.13721746,30.862069,30.632183,31.034483
15227,胎内市,Tainai-shi,basic_municipality,-1.2906705,-0.13200928,30.804598,30.402298,31.091953
36388,海陽町,Kaiyo-cho,basic_municipality,-1.2908709,0.090865861,30.747126,30.45977,31.091953
24472,南伊勢町,Minamiise-cho,basic_municipality,-1.2920349,-0.066370133,30.689655,30.344828,31.149426
12347,多古町,Tako-machi,basic_municipality,-1.2950848,-0.3028892,30.632184,30.344828,31.034483
40646,上毛町,Koge-machi,basic_municipality,-1.2965392,0.35730876,30.574713,30.344828,30.91954
07501,石川町,Ishikawa-machi,basic_municipality,-1.2973955,-0.39107917,30.517241,30.287355,30.91954
07303,国見町,Kunimi-machi,basic_municipality,-1.3028544,-0.25294397,30.45977,30.287355,30.632183
05212,大仙市,Daisen-shi,basic_municipality,-1.3032766,0.33756269,30.402299,30.344828,30.517241
01367,奥尻町,Okushiri-cho,basic_municipality,-1.3083526,1.8950213,30.344828,29.712645,31.206896
01453,東神楽町,Higashikagura-cho,basic_municipality,-1.3089742,1.1918277,30.287356,29.770115,31.091953
02423,大間町,Oma-machi,basic_municipality,-1.312931,-1.0969708,30.229885,29.712645,30.91954
06426,三川町,Mikawa-machi,basic_municipality,-1.3183082,-0.3906105,30.172414,29.94253,30.287355
03402,平泉町,Hiraizumi-cho,basic_municipality,-1.3197901,-0.04859411,30.114943,30,30.229885
05207,湯沢市,Yuzawa-shi,basic_municipality,-1.3222403,-0.052216537,30.057471,29.94253,30.229885
20404,阿南町,Anan-cho,basic_municipality,-1.3223938,-0.052011613,30,29.885057,30.287355
08229,稲敷市,Inashiki-shi,basic_municipality,-1.3236549,0.0016360025,29.942529,29.770115,30.287355
20446,麻績村,Omi-mura,basic_municipality,-1.3348915,0.067020349,29.885057,29.597702,29.94253
05303,小坂町,Kosaka-machi,basic_municipality,-1.3349846,0.67188641,29.827586,29.482759,30.05747
07542,楢葉町,Naraha-machi,basic_municipality,-1.3350034,1.2277013,29.770115,29.367817,30.229885
43482,芦北町,Ashikita-machi,basic_municipality,-1.3414587,0.19496948,29.712644,29.425287,29.770115
05214,にかほ市,Nikaho-shi,basic_municipality,-1.3425087,-0.4631442,29.655172,29.367817,29.94253
46535,与論町,Yoron-cho,basic_municipality,-1.343866,-1.052561,29.597701,28.965517,30.231323
20213,飯山市,Iiyama-shi,basic_municipality,-1.3441707,-0.22648181,29.54023,29.425287,29.770115
17384,志賀町,Shika-machi,basic_municipality,-1.3454441,0.35901387,29.482759,29.367817,29.827587
04212,登米市,Tome-shi,basic_municipality,-1.3457169,-0.31921457,29.425287,29.425287,29.712645
40448,東峰村,Toho-mura,basic_municipality,-1.3492556,-0.70061468,29.367816,29.022989,30
07208,喜多方市,Kitakata-shi,basic_municipality,-1.3584321,-0.034840857,29.310345,29.252874,29.425287
33215,美作市,Mimasaka-shi,basic_municipality,-1.3651472,-0.036345237,29.252874,29.08046,29.310345
01584,洞爺湖町,Toyako-cho,basic_municipality,-1.3769557,1.0443821,29.195402,28.678162,29.425287
07561,新地町,Shinchi-machi,basic_municipality,-1.3772801,-0.079676509,29.137931,28.908047,29.195402
20425,木祖村,Kiso-mura,basic_municipality,-1.3774085,0.77731971,29.08046,28.735632,29.252874
07408,猪苗代町,Inawashiro-machi,basic_municipality,-1.3778647,0.91244779,29.022989,28.793104,29.252874
13402,青ヶ島村,Aogashima-mura,basic_municipality,-1.3838936,1.5962465,28.965517,28.448277,29.369255
44209,豊後高田市,Bungotakada-shi,basic_municipality,-1.3886042,-0.34326612,28.908046,28.678162,29.08046
33209,高梁市,Takahashi-shi,basic_municipality,-1.3886845,0.043549438,28.850575,28.676725,29.08046
30343,九度山町,Kudoyama-cho,basic_municipality,-1.3906652,-0.55077536,28.793103,28.505747,29.195402
03503,野田村,Noda-mura,basic_municipality,-1.3919973,-0.15353452,28.735632,28.678162,28.965517
45383,綾町,Aya-cho,basic_municipality,-1.3926964,-0.77532841,28.678161,28.505747,29.195402
33214,真庭市,Maniwa-shi,basic_municipality,-1.3956686,0.07558434,28.62069,28.563219,28.793104
33623,奈義町,Nagi-cho,basic_municipality,-1.3961155,0.031005169,28.563218,28.505747,28.850574
09344,市貝町,Ichikai-machi,basic_municipality,-1.4019054,-0.21973711,28.505747,28.448277,28.735632
31371,琴浦町,Kotoura-cho,basic_municipality,-1.4094828,-0.54784782,28.448276,28.333334,28.620689
42321,東彼杵町,Higashisonogi-cho,basic_municipality,-1.415386,-0.056376589,28.390805,28.390804,28.448277
01578,白老町,Shiraoi-cho,basic_municipality,-1.4291569,0.74673864,28.333333,28.103449,28.448277
05361,五城目町,Gojome-machi,basic_municipality,-1.4387809,0.66147608,28.275862,27.931034,28.275862
20561,山ノ内町,Yamanouchi-machi,basic_municipality,-1.4404664,-0.74645595,28.218391,27.873564,28.334772
33210,新見市,Niimi-shi,basic_municipality,-1.4419501,0.056266004,28.16092,28.045977,28.275862
03209,一関市,Ichinoseki-shi,basic_municipality,-1.4434336,0.030643654,28.103448,27.98707,28.218391
24561,御浜町,Mihama-cho,basic_municipality,-1.4459318,-0.074381399,28.045977,27.931034,28.275862
45441,高千穂町,Takachiho-cho,basic_municipality,-1.4514063,-0.43191978,27.988506,27.701149,28.275862
06381,高畠町,Takahata-machi,basic_municipality,-1.4529876,-0.69369704,27.931034,27.758621,28.218391
43423,南小国町,Minamioguni-machi,basic_municipality,-1.4630565,0.60046871,27.873563,27.528736,27.988506
43501,錦町,Nishiki-machi,basic_municipality,-1.4667526,-0.31544842,27.816092,27.586206,27.873564
04362,山元町,Yamamoto-cho,basic_municipality,-1.4695234,-0.13189224,27.758621,27.528736,27.931034
33643,西粟倉村,Nishiawakura-son,basic_municipality,-1.4731765,0.0059742415,27.701149,27.413794,27.873564
20212,大町市,Omachi-shi,basic_municipality,-1.4733052,0.73520002,27.643678,27.356321,27.988506
20324,立科町,Tateshina-machi,basic_municipality,-1.4766293,-0.30065238,27.586207,27.471264,27.701149
01211,網走市,Abashiri-shi,basic_municipality,-1.4776879,1.0168827,27.528736,27.183908,27.988506
47361,久米島町,Kumejima-cho,basic_municipality,-1.4836379,-0.45513764,27.471264,27.241379,27.758621
15225,魚沼市,Uonuma-shi,basic_municipality,-1.4847788,0.19187663,27.413793,27.241379,27.643679
43468,氷川町,Hikawa-cho,basic_municipality,-1.4851674,-1.4575381,27.356322,27.011494,27.873564
02367,田舎館村,Inakadate-mura,basic_municipality,-1.4904261,-0.70865223,27.298851,27.183908,27.528736
05366,井川町,Ikawa-machi,basic_municipality,-1.500025,0.55644841,27.241379,26.781609,27.413794
29385,曽爾村,Soni-mura,basic_municipality,-1.502383,0.20077001,27.183908,27.011494,27.298851
04501,涌谷町,Wakuya-cho,basic_municipality,-1.505668,-0.33756878,27.126437,26.954023,27.241379
06208,村山市,Murayama-shi,basic_municipality,-1.5138073,-0.77456672,27.068966,26.724138,27.241379
30362,広川町,Hirogawa-cho,basic_municipality,-1.5151391,-0.87267806,27.011494,26.724138,27.241379
44210,杵築市,Kitsuki-shi,basic_municipality,-1.5177833,-0.16906128,26.954023,26.724138,27.011494
20416,豊丘村,Toyooka-mura,basic_municipality,-1.518343,-1.0883253,26.896552,26.551723,27.241379
01392,寿都町,Suttsu-cho,basic_municipality,-1.5217716,1.0344978,26.83908,26.379311,27.241379
35213,美祢市,Mine-shi,basic_municipality,-1.5222311,0.53006724,26.781609,26.494253,27.068966
30341,かつらぎ町,Katsuragi-cho,basic_municipality,-1.5226443,-0.91656531,26.724138,26.435345,27.126436
34214,安芸高田市,Akitakata-shi,basic_municipality,-1.5275835,0.029965031,26.666667,26.494253,26.896551
20363,原村,Hara-mura,basic_municipality,-1.5347614,-1.3717944,26.609195,25.977011,26.839081
30366,有田川町,Aridagawa-cho,basic_municipality,-1.5349501,-1.0710246,26.551724,25.91954,26.954023
12409,芝山町,Shibayama-machi,basic_municipality,-1.535747,-0.42790575,26.494253,26.206896,26.724138
20309,佐久穂町,Sakuho-machi,basic_municipality,-1.5421656,0.029808206,26.436782,26.321838,26.609196
20384,飯島町,Iijima-machi,basic_municipality,-1.5440835,-1.1087772,26.37931,25.862068,26.666666
10382,下仁田町,Shimonita-machi,basic_municipality,-1.5461741,-0.40567466,26.321839,25.91954,26.609196
46452,湧水町,Yusui-cho,basic_municipality,-1.5486643,0.2371405,26.264368,26.149426,26.379311
34368,安芸太田町,Akiota-cho,basic_municipality,-1.5523723,1.1882894,26.206897,25.91954,26.724138
01331,松前町,Matsumae-cho,basic_municipality,-1.5546416,0.73728842,26.149425,25.977011,26.494253
38484,松野町,Matsuno-cho,basic_municipality,-1.5561183,0.68784714,26.091954,25.91954,26.436781
35305,周防大島町,Suooshima-cho,basic_municipality,-1.5570629,-0.015948937,26.034483,25.804598,26.379311
01222,三笠市,Mikasa-shi,basic_municipality,-1.5619667,1.7073312,25.977011,25.402298,26.839081
16207,黒部市,Kurobe-shi,basic_municipality,-1.5635008,0.21834645,25.91954,25.630747,26.436781
20410,根羽村,Neba-mura,basic_municipality,-1.5710826,0.130761,25.862069,25.632183,26.149426
31364,三朝町,Misasa-cho,basic_municipality,-1.5746995,1.0234953,25.804598,25.402298,26.149426
20350,長和町,Nagawa-machi,basic_municipality,-1.5758985,0.13094355,25.747126,25.689655,25.862068
07504,浅川町,Asakawa-machi,basic_municipality,-1.5807865,-1.0109286,25.689655,25.287355,26.149426
46303,三島村,Mishima-mura,basic_municipality,-1.5814101,1.0004338,25.632184,25.172413,26.034483
10424,長野原町,Naganohara-machi,basic_municipality,-1.5889641,0.78024078,25.574713,25.05747,25.747126
26407,京丹波町,Kyotamba-cho,basic_municipality,-1.5932747,0.069663303,25.517241,25.287355,25.574713
10428,高山村,Takayama-mura,basic_municipality,-1.5943386,0.33661554,25.45977,25.114943,25.574713
31372,北栄町,Hokuei-cho,basic_municipality,-1.5958104,-0.71494571,25.402299,25.114943,25.747126
39428,黒潮町,Kuroshio-cho,basic_municipality,-1.5959219,-0.38582576,25.344828,25.114943,25.747126
21506,白川町,Shirakawa-cho,basic_municipality,-1.6000785,-0.37114539,25.287356,25.05747,25.689655
06402,白鷹町,Shirataka-machi,basic_municipality,-1.6006856,-0.22149922,25.229885,25.113506,25.574713
39401,中土佐町,Nakatosa-cho,basic_municipality,-1.6023455,-0.47749494,25.172414,25,25.632183
20543,高山村,Takayama-mura,basic_municipality,-1.6039161,-1.0673598,25.114943,24.94253,25.689655
07322,大玉村,Otama-mura,basic_municipality,-1.6106848,-0.060827462,25.057471,24.94253,25.287355
08521,八千代町,Yachiyo-machi,basic_municipality,-1.6213904,-1.5775241,25,24.310345,25.287355
46492,肝付町,Kimotsuki-cho,basic_municipality,-1.6234662,0.21147937,24.942529,24.712645,25.05747
01334,木古内町,Kikonai-cho,basic_municipality,-1.6267809,0.97358072,24.885057,24.597702,25.172413
07522,小野町,Ono-machi,basic_municipality,-1.6289841,-0.56409815,24.827586,24.367817,25
07464,泉崎村,Izumizaki-mura,basic_municipality,-1.6296659,-0.65735135,24.770115,24.425287,25
42212,西海市,Saikai-shi,basic_municipality,-1.6335251,-0.4121843,24.712644,24.54023,24.827587
05209,鹿角市,Kazuno-shi,basic_municipality,-1.6346372,0.46255679,24.655172,24.54023,24.885057
20583,信濃町,Shinano-machi,basic_municipality,-1.6424678,0.10810655,24.597701,24.425287,24.712645
20452,筑北村,Chikuhoku-mura,basic_municipality,-1.6426991,0.099634935,24.54023,24.425287,24.597702
16343,朝日町,Asahi-machi,basic_municipality,-1.6477435,0.73274019,24.482759,24.08046,24.827587
46523,大和村,Yamato-son,basic_municipality,-1.6496024,1.2220523,24.425287,24.195402,24.827587
31390,伯耆町,Hoki-cho,basic_municipality,-1.6576005,0.49031453,24.367816,24.136496,24.482759
46529,喜界町,Kikai-cho,basic_municipality,-1.6585915,0.21662727,24.310345,24.08046,24.482759
01214,稚内市,Wakkanai-shi,basic_municipality,-1.6681133,1.4131922,24.252874,23.160919,24.541668
23231,田原市,Tahara-shi,basic_municipality,-1.6690137,-2.3294652,24.195402,22.873564,24.885057
47381,竹富町,Taketomi-cho,basic_municipality,-1.671289,1.4688377,24.137931,23.160919,24.425287
39341,本山町,Motoyama-cho,basic_municipality,-1.6724709,0.23396091,24.08046,23.734196,24.195402
44212,豊後大野市,Bungoono-shi,basic_municipality,-1.6729814,0.20180827,24.022989,23.735632,24.195402
03213,二戸市,Ninohe-shi,basic_municipality,-1.674188,-0.2208464,23.965517,23.793104,24.195402
43432,西原村,Nishihara-mura,basic_municipality,-1.6757732,-0.25390782,23.908046,23.793104,24.195402
20451,朝日村,Asahi-mura,basic_municipality,-1.6781156,-0.83299338,23.850575,23.275862,24.367817
43367,南関町,Nankan-machi,basic_municipality,-1.6793357,-0.54869938,23.793103,23.389368,24.252874
08364,大子町,Daigo-machi,basic_municipality,-1.6798871,-0.18058993,23.735632,23.505747,24.022989
32505,吉賀町,Yoshika-cho,basic_municipality,-1.6840224,0.31320601,23.678161,23.333334,23.909485
10429,東吾妻町,Higashiagatsuma-machi,basic_municipality,-1.6843187,0.11144043,23.62069,23.448277,23.793104
10367,神流町,Kanna-machi,basic_municipality,-1.6853836,1.0998043,23.563218,22.988506,24.195402
09343,茂木町,Motegi-machi,basic_municipality,-1.6874882,0.17507796,23.505747,23.218391,23.735632
45209,えびの市,Ebino-shi,basic_municipality,-1.6878746,-0.45036839,23.448276,23.045977,23.965517
09407,那須町,Nasu-machi,basic_municipality,-1.6884005,0.23785152,23.390805,23.160919,23.620689
09345,芳賀町,Haga-machi,basic_municipality,-1.6926899,-0.66648219,23.333333,22.931034,23.678162
07447,会津美里町,Aizumisato-machi,basic_municipality,-1.6939899,0.071515967,23.275862,23.045977,23.333334
06324,大江町,Oe-machi,basic_municipality,-1.6945962,-0.46657997,23.218391,22.816092,23.678162
45208,西都市,Saito-shi,basic_municipality,-1.6965882,-0.81945312,23.16092,22.758621,23.850574
02425,風間浦村,Kazamaura-mura,basic_municipality,-1.6971753,0.030434695,23.103448,22.931034,23.448277
16323,立山町,Tateyama-machi,basic_municipality,-1.697916,0.80432345,23.045977,22.586206,24.022989
04422,大郷町,Osato-cho,basic_municipality,-1.7001613,0.38053965,22.988506,22.873564,23.390804
42383,小値賀町,Ojika-cho,basic_municipality,-1.7017836,-0.47551565,22.931034,22.528736,23.793104
13421,小笠原村,Ogasawara-mura,basic_municipality,-1.7048974,2.2536708,22.873563,22.068966,24.137932
46213,西之表市,Nishinoomote-shi,basic_municipality,-1.7097808,0.30149261,22.816092,22.586206,23.218391
20423,南木曽町,Nagiso-machi,basic_municipality,-1.7191276,0.49774678,22.758621,22.356321,22.988506
31402,日野町,Hino-cho,basic_municipality,-1.7193482,0.31979548,22.701149,22.643679,22.816092
47301,国頭村,Kunigami-son,basic_municipality,-1.7241302,0.64221606,22.643678,22.241379,22.816092
43348,美里町,Misato-machi,basic_municipality,-1.7286852,0.039070079,22.586207,22.298851,22.701149
04424,大衡村,Ohira-mura,basic_municipality,-1.7308028,-0.10516377,22.528736,22.183908,22.816092
46221,志布志市,Shibushi-shi,basic_municipality,-1.7312539,-0.39071072,22.471264,22.126436,22.758621
46224,伊佐市,Isa-shi,basic_municipality,-1.7319624,-0.039105668,22.413793,22.298851,22.528736
33606,鏡野町,Kagamino-cho,basic_municipality,-1.7325609,0.41532994,22.356322,22.183908,22.586206
41425,白石町,Shiroishi-cho,basic_municipality,-1.7328755,-0.97906581,22.298851,21.839081,22.931034
43514,あさぎり町,Asagiri-cho,basic_municipality,-1.7353193,-0.75917145,22.241379,21.839081,22.816092
01219,紋別市,Mombetsu-shi,basic_municipality,-1.7417731,1.0784384,22.183908,21.609196,22.587645
05215,仙北市,Semboku-shi,basic_municipality,-1.7488125,0.49119522,22.126437,21.781609,22.241379
31325,若桜町,Wakasa-cho,basic_municipality,-1.7493949,0.52662256,22.068966,21.724138,22.298851
43214,阿蘇市,Aso-shi,basic_municipality,-1.7526262,-0.16319214,22.011494,21.666666,22.126436
07368,南会津町,Minamiaizu-machi,basic_municipality,-1.7560456,0.3960691,21.954023,21.551723,22.011494
43433,南阿蘇村,Minamiaso-mura,basic_municipality,-1.7567913,-0.39054224,21.896552,21.551723,22.126436
06428,庄内町,Shonai-machi,basic_municipality,-1.7569437,0.18861553,21.83908,21.436781,22.068966
43505,多良木町,Taragi-machi,basic_municipality,-1.7585492,-0.74298054,21.781609,21.436781,22.183908
07502,玉川村,Tamakawa-mura,basic_municipality,-1.7622568,-1.0912256,21.724138,21.149426,22.241379
02210,平川市,Hirakawa-shi,basic_municipality,-1.7642697,-0.79451699,21.666667,21.206896,22.011494
05213,北秋田市,Kitaakita-shi,basic_municipality,-1.7707052,0.77423583,21.609195,21.264368,21.781609
29449,十津川村,Totsukawa-mura,basic_municipality,-1.7711585,1.7842038,21.551724,21.034483,22.126436
47315,伊江村,Ie-son,basic_municipality,-1.771614,-1.802827,21.494253,20.689655,22.530174
03485,普代村,Fudai-mura,basic_municipality,-1.7725984,-0.82328615,21.436782,20.91954,21.839081
43364,玉東町,Gyokuto-machi,basic_municipality,-1.7727084,-0.68656617,21.37931,21.091953,21.724138
39411,津野町,Tsuno-cho,basic_municipality,-1.773163,-0.19593498,21.321839,21.206896,21.551723
44214,国東市,Kunisaki-shi,basic_municipality,-1.7767545,-0.42496541,21.264368,21.147989,21.436781
20414,泰阜村,Yasuoka-mura,basic_municipality,-1.7788953,-0.30412115,21.206897,20.977011,21.494253
29450,下北山村,Shimokitayama-mura,basic_municipality,-1.7813243,2.249983,21.149425,20.747126,22.126436
01631,音更町,Otofuke-cho,basic_municipality,-1.7884474,1.1675017,21.091954,20.747126,21.609196
01215,美唄市,Bibai-shi,basic_municipality,-1.7937122,0.77492296,21.034483,20.804598,21.436781
04301,蔵王町,Zao-machi,basic_municipality,-1.796283,-0.059900135,20.977011,20.804598,21.149426
20413,天龍村,Tenryu-mura,basic_municipality,-1.7966558,0.63721856,20.91954,20.804598,21.093391
38422,内子町,Uchiko-cho,basic_municipality,-1.8039117,-0.34724806,20.862069,20.747126,21.149426
43506,湯前町,Yunomae-machi,basic_municipality,-1.8057021,-0.82189492,20.804598,20.574713,21.206896
09411,那珂川町,Nakagawa-machi,basic_municipality,-1.8162673,-0.50012424,20.747126,20.574713,20.91954
07545,大熊町,Okuma-machi,basic_municipality,-1.8166477,4.4229572,20.689655,19.885057,22.413794
08447,河内町,Kawachi-machi,basic_municipality,-1.8218221,-0.10537456,20.632184,20.574713,20.747126
01555,遠軽町,Engaru-cho,basic_municipality,-1.8267983,2.1895611,20.574713,20.287355,21.091953
04213,栗原市,Kurihara-shi,basic_municipality,-1.8459562,-0.088878181,20.517241,20.402298,20.574713
46392,さつま町,Satsuma-cho,basic_municipality,-1.8464872,-0.45079895,20.45977,20.402298,20.632183
46533,和泊町,Wadomari-cho,basic_municipality,-1.8647845,-0.94953342,20.402299,20,20.632183
07465,中島村,Nakajima-mura,basic_municipality,-1.8654028,-1.5842344,20.344828,20.113506,20.574713
45207,串間市,Kushima-shi,basic_municipality,-1.8676175,-0.5905929,20.287356,20.229885,20.45977
32449,邑南町,Onan-cho,basic_municipality,-1.8737729,0.15336141,20.229885,20.172413,20.402298
20411,下條村,Shimojo-mura,basic_municipality,-1.8838123,-0.98925566,20.172414,19.885057,20.344828
05434,美郷町,Misato-cho,basic_municipality,-1.8894238,-0.31926061,20.114943,19.885057,20.229885
41387,玄海町,Genkai-cho,basic_municipality,-1.8916613,-0.69082355,20.057471,19.827587,20.172413
07211,田村市,Tamura-shi,basic_municipality,-1.8921064,-0.66442254,20,19.770115,20.287355
46217,曽於市,So-shi,basic_municipality,-1.8943646,-0.28090619,19.942529,19.827587,20.114943
30427,北山村,Kitayama-mura,basic_municipality,-1.8992957,1.1011779,19.885057,19.770115,20.287355
10449,みなかみ町,Minakami-machi,basic_municipality,-1.9072406,1.3439964,19.827586,19.482759,20.287355
26463,伊根町,Ine-cho,basic_municipality,-1.9098678,-0.20378637,19.770115,19.655172,20
46524,宇検村,Uken-son,basic_municipality,-1.9191908,0.22311288,19.712644,19.655172,19.770115
29386,御杖村,Mitsue-mura,basic_municipality,-1.9319786,0.37822346,19.655172,19.367817,19.655172
45406,都農町,Tsuno-cho,basic_municipality,-1.9341239,-1.2562423,19.597701,19.195402,19.827587
08233,行方市,Namegata-shi,basic_municipality,-1.9379397,-1.1729918,19.54023,19.252874,19.712645
47302,大宜味村,Ogimi-son,basic_municipality,-1.9404203,-0.089611972,19.482759,19.193966,19.597702
33666,美咲町,Misaki-cho,basic_municipality,-1.9420331,-0.12864883,19.425287,19.252874,19.54023
46223,南九州市,Minamikyusyu-shi,basic_municipality,-1.9421806,-0.5472386,19.367816,19.252874,19.54023
07444,三島町,Mishima-machi,basic_municipality,-1.9423113,0.95610098,19.310345,18.908047,19.770115
32448,美郷町,Misato-cho,basic_municipality,-1.9493271,0.95084331,19.252874,18.850574,19.54023
04606,南三陸町,Minamisanriku-cho,basic_municipality,-1.9506727,-1.2233602,19.195402,18.965517,19.597702
43369,和水町,Nagomi-machi,basic_municipality,-1.9540965,-0.43137285,19.137931,19.022989,19.252874
20562,木島平村,Kijimadaira-mura,basic_municipality,-1.9575345,-0.76885801,19.08046,18.965517,19.310345
21507,東白川村,Higashishirakawa-mura,basic_municipality,-1.9623656,-0.91695942,19.022989,18.793104,19.367817
20303,小海町,Koumi-machi,basic_municipality,-1.9626432,-0.41866669,18.965517,18.908047,19.137932
02362,大鰐町,Owani-machi,basic_municipality,-1.9628387,-0.30923177,18.908046,18.908047,19.137932
34210,庄原市,Shobara-shi,basic_municipality,-1.9733707,0.078075279,18.850575,18.735632,18.965517
20590,飯綱町,Iizuna-machi,basic_municipality,-1.9757367,-1.0499062,18.793103,18.735632,19.022989
06341,大石田町,Oishida-machi,basic_municipality,-1.9994388,-0.7194467,18.735632,18.505747,18.735632
46482,東串良町,Higashikushira-cho,basic_municipality,-2.0003365,-1.4974097,18.678161,18.160919,18.793104
07402,北塩原村,Kitashiobara-mura,basic_municipality,-2.0096074,1.1114885,18.62069,18.505747,18.793104
45361,高原町,Takaharu-cho,basic_municipality,-2.0104756,-0.38448987,18.563218,18.448277,18.678162
18382,池田町,Ikeda-cho,basic_municipality,-2.0233615,0.34670235,18.505747,18.333334,18.620689
01404,神恵内村,Kamoenai-mura,basic_municipality,-2.0238018,1.7991126,18.448276,18.160919,18.735632
02405,六戸町,Rokunohe-machi,basic_municipality,-2.0252679,-0.21470785,18.390805,18.275862,18.563219
10383,南牧村,Nammoku-mura,basic_municipality,-2.0314799,0.61965406,18.333333,18.275862,18.505747
01395,ニセコ町,Niseko-cho,basic_municipality,-2.0374581,1.0024197,18.275862,18.045977,18.505747
01364,乙部町,Otobe-cho,basic_municipality,-2.0469503,0.7656622,18.218391,17.988506,18.275862
01332,福島町,Fukushima-cho,basic_municipality,-2.0514302,-0.63251842,18.16092,17.758621,18.390804
29452,川上村,Kawakami-mura,basic_municipality,-2.0566723,1.5655891,18.103448,17.701149,18.275862
09384,塩谷町,Shioya-machi,basic_municipality,-2.0567708,-0.075948507,18.045977,17.873564,18.160919
47359,伊平屋村,Iheya-son,basic_municipality,-2.0574202,-0.097768138,17.988506,17.873564,18.218391
32343,奥出雲町,Okuizumo-cho,basic_municipality,-2.059513,-0.4034458,17.931034,17.758621,18.275862
20486,小谷村,Otari-mura,basic_municipality,-2.0651226,1.4377183,17.873563,17.586206,18.103449
01228,深川市,Fukagawa-shi,basic_municipality,-2.0687499,1.0742455,17.816092,17.586206,18.103449
04445,加美町,Kami-machi,basic_municipality,-2.0772289,-0.36278041,17.758621,17.528736,17.931034
01460,上富良野町,Kamifurano-cho,basic_municipality,-2.0781657,1.2470209,17.701149,17.298851,17.988506
23561,設楽町,Shitara-cho,basic_municipality,-2.0839619,0.16771087,17.643678,17.528736,17.816092
04324,川崎町,Kawasaki-machi,basic_municipality,-2.0899013,0.53416635,17.586207,17.183908,17.701149
39405,檮原町,Yusuhara-cho,basic_municipality,-2.0929082,0.12736055,17.528736,17.356321,17.643679
01229,富良野市,Furano-shi,basic_municipality,-2.095165,0.73736897,17.471264,17.126436,17.701149
22429,川根本町,Kawanehon-cho,basic_municipality,-2.0952229,0.42575868,17.413793,17.241379,17.586206
10444,川場村,Kawaba-mura,basic_municipality,-2.1036051,-0.95369322,17.356322,17.011494,17.873564
01543,美幌町,Bihoro-cho,basic_municipality,-2.1042201,0.79455351,17.298851,16.896551,17.528736
07482,矢祭町,Yamatsuri-machi,basic_municipality,-2.1058555,-1.1013392,17.241379,16.895115,17.760059
07407,磐梯町,Bandai-machi,basic_municipality,-2.1069157,0.12877228,17.183908,17.011494,17.356321
46534,知名町,China-cho,basic_municipality,-2.1076538,-0.35844573,17.126437,17.011494,17.528736
05463,羽後町,Ugo-machi,basic_municipality,-2.1099334,-0.54752392,17.068966,17.068966,17.356321
07362,下郷町,Shimogo-machi,basic_municipality,-2.1195747,0.24592789,17.011494,16.781609,17.183908
45404,木城町,Kijo-cho,basic_municipality,-2.12228,-0.1592886,16.954023,16.896551,17.126436
30392,日高川町,Hidakagawa-cho,basic_municipality,-2.126711,-0.39706853,16.896552,16.839081,17.011494
08234,鉾田市,Hokota-shi,basic_municipality,-2.1322554,-1.7991311,16.83908,16.666666,17.356321
47360,伊是名村,Izena-son,basic_municipality,-2.1355644,-0.33085342,16.781609,16.724138,16.896551
02445,南部町,Nambu-cho,basic_municipality,-2.1519201,-0.56924983,16.724138,16.494253,16.781609
20448,生坂村,Ikusaka-mura,basic_municipality,-2.1552187,-0.58868446,16.666667,16.494253,16.724138
07483,塙町,Hanawa-machi,basic_municipality,-2.1574871,-0.96433872,16.609195,16.321838,16.781609
39301,東洋町,Toyo-cho,basic_municipality,-2.1592326,-0.54105617,16.551724,16.379311,16.666666
45405,川南町,Kawaminami-cho,basic_municipality,-2.1682683,-1.6368923,16.494253,16.091953,16.724138
29447,野迫川村,Nosegawa-mura,basic_municipality,-2.1683015,0.47512776,16.436782,16.264368,16.724138
06382,川西町,Kawanishi-machi,basic_municipality,-2.1692046,-0.48738491,16.37931,16.264368,16.551723
34369,北広島町,Kitahiroshima-cho,basic_municipality,-2.1710956,-0.28793709,16.321839,16.264368,16.494253
02381,板柳町,Itayanagi-machi,basic_municipality,-2.1829402,-2.2391945,16.264368,15.45977,16.724138
20588,小川村,Ogawa-mura,basic_municipality,-2.1858837,-0.31547706,16.206897,16.091953,16.264368
39424,大月町,Otsuki-cho,basic_municipality,-2.1934558,-0.6586796,16.149425,15.804598,16.264368
01692,中標津町,Nakashibetsu-cho,basic_municipality,-2.1965912,1.2875534,16.091954,15.458333,16.551723
36368,那賀町,Naka-cho,basic_municipality,-2.1996483,-0.367834,16.034483,15.747127,16.206896
23563,豊根村,Toyone-mura,basic_municipality,-2.2044556,1.2562647,15.977011,15.402299,16.264368
20386,中川村,Nakagawa-mura,basic_municipality,-2.205413,-1.1640353,15.91954,15.517241,16.149426
02442,五戸町,Gonohe-machi,basic_municipality,-2.2070604,-0.60460224,15.862069,15.689655,16.034483
02303,今別町,Imabetsu-machi,basic_municipality,-2.2100656,0.38908343,15.804598,15.517241,16.034483
07543,富岡町,Tomioka-machi,basic_municipality,-2.2102871,0.76409781,15.747126,15.057471,16.321838
06461,遊佐町,Yuza-machi,basic_municipality,-2.2104758,0.025542691,15.689655,15.574713,15.977012
02384,鶴田町,Tsuruta-machi,basic_municipality,-2.2166567,-1.7455133,15.632184,15.113505,16.149426
07422,湯川村,Yugawa-mura,basic_municipality,-2.2177968,-0.72717719,15.574713,15.402299,15.862069
01223,根室市,Nemuro-shi,basic_municipality,-2.2206826,-0.073428208,15.517241,15.344828,15.689655
03507,洋野町,Hirono-cho,basic_municipality,-2.2217885,-0.60913568,15.45977,15.287356,15.689655
34462,世羅町,Sera-cho,basic_municipality,-2.2237343,-0.69675316,15.402299,15.287356,15.804598
26365,和束町,Wazuka-cho,basic_municipality,-2.2238487,-0.71373004,15.344828,15.229885,15.862069
26367,南山城村,Minamiyamashiro-mura,basic_municipality,-2.2332598,0.58812731,15.287356,14.942529,15.747127
39387,仁淀川町,Niyodogawa-cho,basic_municipality,-2.233553,0.32926808,15.229885,14.942529,15.632184
03208,遠野市,Tono-shi,basic_municipality,-2.2369801,-0.42213771,15.172414,15,15.402299
32386,飯南町,Iinan-cho,basic_municipality,-2.2412871,0.076510989,15.114943,15,15.229885
31386,大山町,Daisen-cho,basic_municipality,-2.2435589,-0.45169456,15.057471,15,15.288795
39412,四万十町,Shimanto-cho,basic_municipality,-2.2483547,-0.6770181,15,14.712644,15.344828
46468,大崎町,Osaki-cho,basic_municipality,-2.256025,-1.0984644,14.942529,14.54023,15.114943
03301,雫石町,Shizukuishi-cho,basic_municipality,-2.2622349,0.58591245,14.885057,14.770115,15.057471
01424,奈井江町,Naie-cho,basic_municipality,-2.2668452,-0.12032218,14.827586,14.597701,14.885057
43428,高森町,Takamori-machi,basic_municipality,-2.2710603,-0.08392129,14.770115,14.54023,14.885057
01303,当別町,Tobetsu-cho,basic_municipality,-2.2712105,0.96111911,14.712644,14.655172,15.057471
01458,東川町,Higashikawa-cho,basic_municipality,-2.2712691,0.91055296,14.655172,14.655172,15
01452,鷹栖町,Takasu-cho,basic_municipality,-2.2807426,1.1241012,14.597701,14.482759,14.827586
01423,南幌町,Nanporo-cho,basic_municipality,-2.2893705,0.54068442,14.54023,14.482759,14.597701
29451,上北山村,Kamikitayama-mura,basic_municipality,-2.2998655,2.2063807,14.482759,14.252873,14.770115
07423,柳津町,Yanaizu-machi,basic_municipality,-2.3069465,-0.057079376,14.425287,14.425287,14.597701
02307,外ヶ浜町,Sotogahama-machi,basic_municipality,-2.3328115,-0.3407539,14.367816,14.195402,14.367816
36301,勝浦町,Katsuura-cho,basic_municipality,-2.3353159,-1.0503476,14.310345,13.965517,14.425287
01643,幕別町,Makubetsu-cho,basic_municipality,-2.3408571,0.88740316,14.252874,13.850574,14.367816
39363,土佐町,Tosa-cho,basic_municipality,-2.3427885,0.064690705,14.195402,14.08046,14.252873
03381,金ケ崎町,Kanegasaki-cho,basic_municipality,-2.3459618,-0.58781481,14.137931,13.965517,14.367816
01429,栗山町,Kuriyama-cho,basic_municipality,-2.3497267,-0.07811754,14.08046,13.965517,14.137931
29322,山添村,Yamazoe-mura,basic_municipality,-2.3508891,-0.337884,14.022989,13.965517,14.195402
01216,芦別市,Ashibetsu-shi,basic_municipality,-2.3548778,1.0571674,13.965517,13.734195,14.310345
41441,太良町,Tara-cho,basic_municipality,-2.3625425,-1.6562787,13.908046,13.793103,14.310345
30390,印南町,Inami-cho,basic_municipality,-2.3778657,-1.4820995,13.850575,13.678161,14.08046
46502,南種子町,Minamitane-cho,basic_municipality,-2.3791962,-0.17906876,13.793103,13.735632,13.908046
33663,久米南町,Kumenan-cho,basic_municipality,-2.3940718,-0.76902936,13.735632,13.620689,13.735632
02301,平内町,Hiranai-machi,basic_municipality,-2.4081787,-0.93340536,13.678161,13.160919,13.678161
39307,芸西村,Geisei-mura,basic_municipality,-2.4114558,-2.3344588,13.62069,12.873563,13.908046
05349,八峰町,Happou-cho,basic_municipality,-2.4130575,-0.24705211,13.563218,13.448276,13.678161
02402,七戸町,Shichinohe-machi,basic_municipality,-2.4158734,-0.047496478,13.505747,13.390804,13.620689
10443,片品村,Katashina-mura,basic_municipality,-2.4199028,0.20753566,13.448276,13.275862,13.563218
05348,三種町,Mitane-cho,basic_municipality,-2.4235079,-0.20260528,13.390805,13.21839,13.448276
04341,丸森町,Marumori-machi,basic_municipality,-2.4266319,-0.49121088,13.333333,13.045977,13.678161
05327,上小阿仁村,Kamikoani-mura,basic_municipality,-2.4276512,0.82016684,13.275862,13.045977,13.563218
43512,山江村,Yamae-mura,basic_municipality,-2.4320593,0.25623771,13.218391,13.045977,13.333333
46531,天城町,Amagi-cho,basic_municipality,-2.4371355,-0.40580452,13.16092,12.988505,13.333333
07364,檜枝岐村,Hinoemata-mura,basic_municipality,-2.444182,4.5328544,13.103448,12.011495,13.908046
21604,白川村,Shirakawa-mura,basic_municipality,-2.4484374,2.739343,13.045977,12.413794,13.735632
38442,伊方町,Ikata-cho,basic_municipality,-2.4545502,-1.1785008,12.988506,12.586206,13.21839
02387,中泊町,Nakadomari-machi,basic_municipality,-2.4586263,-0.55860345,12.931034,12.816092,13.045977
30391,みなべ町,Minabe-cho,basic_municipality,-2.4651365,-2.342687,12.873563,12.183908,13.449714
20430,大桑村,Okuwa-mura,basic_municipality,-2.4654473,-0.047854576,12.816092,12.356322,13.160919
44461,九重町,Kokonoe-machi,basic_municipality,-2.468612,-0.6384161,12.758621,12.471265,12.988505
03524,一戸町,Ichinohe-machi,basic_municipality,-2.46926,-0.24594802,12.701149,12.643678,12.873563
01610,新ひだか町,Shinhidaka-cho,basic_municipality,-2.4715415,0.56318303,12.643678,12.528735,12.988505
01406,古平町,Furubira-cho,basic_municipality,-2.4758575,0.48153918,12.586207,12.413794,12.931034
02321,鰺ヶ沢町,Ajigasawa-machi,basic_municipality,-2.4786755,0.30049894,12.528736,12.413794,12.75862
35502,阿武町,Abu-cho,basic_municipality,-2.4829866,-0.46212414,12.471264,12.413794,12.816092
15482,津南町,Tsunan-machi,basic_municipality,-2.4862835,-0.75049319,12.413793,12.298851,12.75862
01484,羽幌町,Haboro-cho,basic_municipality,-2.4950569,0.85400444,12.356322,12.126437,12.586206
43510,相良村,Sagara-mura,basic_municipality,-2.4983068,-0.57430197,12.298851,12.24138,12.471265
06363,舟形町,Funagata-machi,basic_municipality,-2.5076285,-0.35844785,12.241379,12.183908,12.298851
01345,森町,Mori-machi,basic_municipality,-2.5166022,-0.93537966,12.183908,12.011495,12.356322
01463,占冠村,Shimukappu-mura,basic_municipality,-2.5182412,3.3649036,12.126437,11.609196,12.988505
07505,古殿町,Furudono-machi,basic_municipality,-2.5256291,-0.92901587,12.068966,11.896552,12.298851
33681,吉備中央町,Kibichuo-cho,basic_municipality,-2.5375308,-0.64211073,12.011494,11.896552,12.068966
44208,竹田市,Taketa-shi,basic_municipality,-2.538226,-0.79951002,11.954023,11.896552,12.126437
19364,早川町,Hayakawa-cho,basic_municipality,-2.542914,0.94198374,11.896552,11.724138,12.126437
36342,神山町,Kamiyama-cho,basic_municipality,-2.5442527,-1.0812773,11.83908,11.839081,12.126437
06361,金山町,Kaneyama-machi,basic_municipality,-2.5730969,-0.69325353,11.781609,11.666667,11.839081
46532,伊仙町,Isen-cho,basic_municipality,-2.5789439,-0.64156851,11.724138,11.436782,11.839081
02441,三戸町,Sannohe-machi,basic_municipality,-2.5794595,-1.1445753,11.666667,11.494253,11.896552
02411,六ヶ所村,Rokkasho-mura,basic_municipality,-2.5942233,-0.20971861,11.609195,11.264368,11.724138
06212,尾花沢市,Obanazawa-shi,basic_municipality,-2.5948512,-0.81325234,11.551724,11.436782,11.610634
39427,三原村,Mihara-mura,basic_municipality,-2.5992421,-0.29011154,11.494253,11.379311,11.609196
07405,西会津町,Nishiaizu-machi,basic_municipality,-2.6025521,-0.40213083,11.436782,11.321839,11.609196
07344,天栄村,Tenei-mura,basic_municipality,-2.6049185,-0.24953587,11.37931,11.149426,11.610634
39304,安田町,Yasuda-cho,basic_municipality,-2.6122872,-1.5305582,11.321839,11.034483,11.666667
01607,浦河町,Urakawa-cho,basic_municipality,-2.6125614,0.27545879,11.264368,11.091954,11.609196
02408,東北町,Tohoku-machi,basic_municipality,-2.618587,-0.62292826,11.206897,11.149426,11.321839
46490,錦江町,Kinko-cho,basic_municipality,-2.6312186,-1.0524871,11.149425,10.91954,11.379311
07503,平田村,Hirata-mura,basic_municipality,-2.6335749,-1.3404593,11.091954,10.91954,11.321839
05346,藤里町,Fujisato-machi,basic_municipality,-2.6392035,0.9279206,11.034483,10.862069,11.264368
33586,新庄村,Shinjo-son,basic_municipality,-2.6537815,-0.24692121,10.977011,10.804598,11.034483
15385,阿賀町,Aga-machi,basic_municipality,-2.6593433,1.1471244,10.91954,10.747127,11.149426
04444,色麻町,Shikama-cho,basic_municipality,-2.6631925,-0.77381599,10.862069,10.689655,10.977012
02209,つがる市,Tsugaru-shi,basic_municipality,-2.6635092,-1.0612428,10.804598,10.632184,11.034483
02426,佐井村,Sai-mura,basic_municipality,-2.6728231,-0.34043008,10.747126,10.632184,10.862069
06322,西川町,Nishikawa-machi,basic_municipality,-2.6785723,0.85949965,10.689655,10.517241,10.977012
01665,弟子屈町,Teshikaga-cho,basic_municipality,-2.6840223,1.597263,10.632184,10.45977,10.977012
10366,上野村,Ueno-mura,basic_municipality,-2.6965289,0.28774342,10.574713,10.574713,10.632184
31403,江府町,Kofu-cho,basic_municipality,-2.7041184,0.0049961941,10.517241,10.45977,10.574713
20412,売木村,Urugi-mura,basic_municipality,-2.71223,-0.57131122,10.45977,10.344828,10.689655
02323,深浦町,Fukaura-machi,basic_municipality,-2.7139867,0.024532214,10.402299,10.402299,10.45977
01220,士別市,Shibetsu-shi,basic_municipality,-2.7185056,0.76857658,10.344828,10.287356,10.45977
38386,久万高原町,Kumakogen-cho,basic_municipality,-2.7280973,-0.1789645,10.287356,10.229885,10.344828
06364,真室川町,Mamurogawa-machi,basic_municipality,-2.7419061,-0.44781305,10.229885,10.114943,10.287356
03483,岩泉町,Iwaizumi-cho,basic_municipality,-2.7419906,0.10320843,10.172414,10.172414,10.229885
01346,八雲町,Yakumo-cho,basic_municipality,-2.7518852,0.081904006,10.114943,10.057471,10.172414
06362,最上町,Mogami-machi,basic_municipality,-2.7587836,-0.55839017,10.057471,10,10.114943
06401,小国町,Oguni-machi,basic_municipality,-2.7735957,0.1351619,10,9.7701149,10.114943
06403,飯豊町,Iide-machi,basic_municipality,-2.7751003,-0.38768829,9.9425287,9.8850574,10
03214,八幡平市,Hachimantai-shi,basic_municipality,-2.784659,-0.42457176,9.8850575,9.7701149,9.9425287
47358,北大東村,Kitadaito-son,basic_municipality,-2.7925952,-0.35978938,9.8275862,9.6551723,9.8850574
46501,中種子町,Nakatane-cho,basic_municipality,-2.7940215,-0.63078101,9.7701149,9.5977011,10
01668,白糠町,Shiranuka-cho,basic_municipality,-2.8029962,0.64506287,9.7126437,9.6551723,9.8275862
01393,黒松内町,Kuromatsunai-cho,basic_municipality,-2.8042374,1.663332,9.6551724,9.4827585,10
03441,住田町,Sumita-cho,basic_municipality,-2.811305,-0.40155874,9.5977011,9.5977011,9.7126436
01347,長万部町,Oshamambe-cho,basic_municipality,-2.8296424,-0.05070585,9.5402299,9.5402298,9.5402298
03484,田野畑村,Tanohata-mura,basic_municipality,-2.8412038,-0.74398574,9.4827586,9.4252872,9.5977011
34545,神石高原町,Jinsekikogen-cho,basic_municipality,-2.8583465,-0.5769657,9.4252874,9.3103447,9.4252872
01455,比布町,Pippu-cho,basic_municipality,-2.8599925,-0.095133121,9.3678161,9.3103447,9.4827585
07544,川内村,Kawauchi-mura,basic_municipality,-2.8714558,0.23819899,9.3103448,9.2528734,9.4252872
01399,京極町,Kyogoku-cho,basic_municipality,-2.8851677,0.14856168,9.2528736,9.1954021,9.2528734
01362,上ノ国町,Kaminokuni-cho,basic_municipality,-2.8950407,0.20796461,9.1954023,9.0229883,9.1954021
01398,喜茂別町,Kimobetsu-cho,basic_municipality,-2.8966266,0.73393919,9.137931,8.965517,9.2528734
01209,夕張市,Yubari-shi,basic_municipality,-2.9025638,0.77875844,9.0804598,8.8505745,9.1379309
01518,利尻町,Rishiri-cho,basic_municipality,-2.9093173,-0.38253382,9.0229885,8.965517,9.1379309
45403,西米良村,Nishimera-son,basic_municipality,-2.914954,0.39233877,8.9655172,8.8505745,9.0229883
46404,長島町,Nagashima-cho,basic_municipality,-2.917874,-2.2381935,8.908046,8.6206894,9.3103447
46491,南大隅町,Minamiosumi-cho,basic_municipality,-2.9331902,-1.1175265,8.8505747,8.6781607,9.0229883
03303,岩手町,Iwate-machi,basic_municipality,-2.940706,-1.0846443,8.7931034,8.6781607,8.8505745
03501,軽米町,Karumai-machi,basic_municipality,-2.9550535,-1.0399154,8.7356322,8.4482756,8.7356319
43507,水上村,Mizukami-mura,basic_municipality,-2.9550967,-0.66054296,8.6781609,8.4482756,8.7356319
01481,増毛町,Mashike-cho,basic_municipality,-2.9575528,-0.084805512,8.6206897,8.5632181,8.7931032
06367,戸沢村,Tozawa-mura,basic_municipality,-2.9578112,-0.36728161,8.5632184,8.4482756,8.9080458
01571,豊浦町,Toyoura-cho,basic_municipality,-2.964118,0.27376795,8.5057471,8.4482756,8.7931032
01608,様似町,Samani-cho,basic_municipality,-2.9753943,-0.77524835,8.4482759,8.333333,8.5632181
01575,壮瞥町,Sobetsu-cho,basic_municipality,-2.9973622,0.65379676,8.3908046,8.1609192,8.3908043
01457,上川町,Kamikawa-cho,basic_municipality,-2.999245,2.5704977,8.3333333,7.9310346,8.9080458
01519,利尻富士町,Rishirifuji-cho,basic_municipality,-3.0021809,-0.30506746,8.2758621,8.1609192,8.3908043
39364,大川村,Okawa-mura,basic_municipality,-3.0053894,0.7885571,8.2183908,8.1034479,8.333333
01454,当麻町,Tohma-cho,basic_municipality,-3.0127677,-0.2796472,8.1609195,8.0459766,8.2758617
06365,大蔵村,Okura-mura,basic_municipality,-3.0269788,-0.43474992,8.1034483,8.0459766,8.1609192
05464,東成瀬村,Higashinaruse-mura,basic_municipality,-3.0297221,-0.36182653,8.045977,7.9310346,8.3908043
06323,朝日町,Asahi-machi,basic_municipality,-3.0377592,-1.1548732,7.9885057,7.8735633,8.1609192
10425,嬬恋村,Tsumagoi-mura,basic_municipality,-3.0429674,-0.62030618,7.9310345,7.816092,8.1034479
15581,関川村,Sekikawa-mura,basic_municipality,-3.0584935,0.052917292,7.8735632,7.816092,7.9310346
01333,知内町,Shiriuchi-cho,basic_municipality,-3.0771212,-1.1820982,7.816092,7.7011495,7.8735633
20429,王滝村,Otaki-mura,basic_municipality,-3.0849175,2.44303,7.7586207,7.4712644,7.9885058
07445,金山町,Kaneyama-machi,basic_municipality,-3.1093446,1.5425054,7.7011494,7.2988505,7.7586207
02424,東通村,Higashidori-mura,basic_municipality,-3.1182111,-0.5011376,7.6436782,7.5287356,7.7586207
01637,芽室町,Memuro-cho,basic_municipality,-3.1228115,0.039755347,7.5862069,7.4137931,7.6436782
01428,長沼町,Naganuma-cho,basic_municipality,-3.1374362,-0.7536117,7.5287356,7.3563218,7.5862069
03506,九戸村,Kunohe-mura,basic_municipality,-3.1375646,-1.5199809,7.4712644,7.2988505,7.7011495
45443,五ヶ瀬町,Gokase-cho,basic_municipality,-3.1379612,-1.3927963,7.4137931,7.2413793,7.7586207
43513,球磨村,Kuma-mura,basic_municipality,-3.1431758,0.25196157,7.3563218,7.183908,7.5287356
45442,日之影町,Hinokage-cho,basic_municipality,-3.1474805,-1.0672014,7.2988506,7.183908,7.5287356
01513,中頓別町,Nakatombetsu-cho,basic_municipality,-3.1480397,1.9487873,7.2413793,7.0689654,7.6436782
02304,蓬田村,Yomogita-mura,basic_municipality,-3.1516152,-0.99511095,7.183908,7.183908,7.3563218
01343,鹿部町,Shikabe-cho,basic_municipality,-3.178728,-1.9853629,7.1264368,7.0114942,7.2413793
01585,安平町,Abira-cho,basic_municipality,-3.1918843,-0.057094418,7.0689655,7.0114942,7.1264367
03366,西和賀町,Nishiwaga-machi,basic_municipality,-3.1994949,0.46914127,7.0114943,6.9540229,7.1264367
02406,横浜町,Yokohama-machi,basic_municipality,-3.2024679,-1.6845215,6.954023,6.9540229,7.1264367
01371,せたな町,Setana-cho,basic_municipality,-3.2490879,0.28002464,6.8965517,6.8965516,6.8965516
46304,十島村,Toshima-mura,basic_municipality,-3.2759646,1.115776,6.8390805,6.551724,6.8390803
31401,日南町,Nichinan-cho,basic_municipality,-3.2799316,-0.94787455,6.7816092,6.4367814,6.8390803
01644,池田町,Ikeda-cho,basic_municipality,-3.2827843,0.22337309,6.7241379,6.551724,6.7816091
01469,美深町,Bifuka-cho,basic_municipality,-3.2854699,0.83924553,6.6666667,6.4367814,6.7816091
07484,鮫川村,Samegawa-mura,basic_municipality,-3.2891422,-1.1888052,6.6091954,6.3218389,6.8390803
43511,五木村,Itsuki-mura,basic_municipality,-3.2895352,0.33105227,6.5517241,6.4367814,6.7816091
36302,上勝町,Kamikatsu-cho,basic_municipality,-3.2939382,-1.4946485,6.4942529,6.2643676,6.8390803
01642,広尾町,Hiroo-cho,basic_municipality,-3.3002824,0.092052634,6.4367816,6.3793101,6.551724
20306,南相木村,Minamiaiki-mura,basic_municipality,-3.3200325,-1.0234942,6.3793103,6.1494255,6.4942527
01545,斜里町,Shari-cho,basic_municipality,-3.3212429,0.4609937,6.3218391,6.2068968,6.3793101
01470,音威子府村,Otoineppu-mura,basic_municipality,-3.3233163,2.233023,6.2643678,6.0919542,6.6666665
01397,留寿都村,Rusutsu-mura,basic_municipality,-3.325737,0.44351554,6.2068966,6.2068968,6.3793101
01512,浜頓別町,Hamatombetsu-cho,basic_municipality,-3.3525524,0.5345551,6.1494253,6.0919542,6.2068968
36321,佐那河内村,Sanagouchi-son,basic_municipality,-3.3547904,-2.3002407,6.091954,5.9770117,6.3218389
01430,月形町,Tsukigata-cho,basic_municipality,-3.3889707,-0.25898621,6.0344828,5.9195404,6.0919542
20307,北相木村,Kitaaiki-mura,basic_municipality,-3.3931467,-1.4381519,5.9770115,5.9195404,6.034483
04302,七ヶ宿町,Shichikashuku-machi,basic_municipality,-3.4004604,0.42052298,5.9195402,5.8620691,6.0919542
01517,礼文町,Rebun-cho,basic_municipality,-3.4079096,-1.2904126,5.862069,5.8045979,5.9770117
01432,新十津川町,Shintotsukawa-cho,basic_municipality,-3.4350978,0.25397109,5.8045977,5.7471266,5.8620691
03302,葛巻町,Kuzumaki-machi,basic_municipality,-3.4468558,-0.86428789,5.7471264,5.6896553,5.8045979
01401,共和町,Kyowa-cho,basic_municipality,-3.4594312,-0.13728687,5.6896552,5.632184,5.7471266
01434,秩父別町,Chippubetsu-cho,basic_municipality,-3.464053,-0.80998619,5.6321839,5.5172415,5.6896553
01394,蘭越町,Rankoshi-cho,basic_municipality,-3.4850753,0.098994317,5.5747126,5.4597702,5.5747128
01635,新得町,Shintoku-cho,basic_municipality,-3.4965129,1.1133448,5.5172414,5.3448277,5.632184
47357,南大東村,Minamidaito-son,basic_municipality,-3.4983471,-1.5996176,5.4597701,5.4022989,5.5747128
01562,西興部村,Nishiokoppe-mura,basic_municipality,-3.5001152,1.1274353,5.4022989,5.2298851,5.5747128
43447,山都町,Yamato-cho,basic_municipality,-3.5349051,-1.6914404,5.3448276,5.2298851,5.4022989
10448,昭和村,Showa-mura,basic_municipality,-3.5405851,-2.8138965,5.2873563,5,5.5172415
06366,鮭川村,Sakegawa-mura,basic_municipality,-3.5417465,-1.4274325,5.2298851,5.1149426,5.3448277
01646,本別町,Hombetsu-cho,basic_municipality,-3.544455,0.028670659,5.1724138,5.1149426,5.3448277
47303,東村,Higashi-son,basic_municipality,-3.5491251,-0.95003418,5.1149425,5.1149426,5.2873564
01456,愛別町,Aibetsu-cho,basic_municipality,-3.5786913,-0.34397156,5.0574713,5.0574713,5.1149426
01409,赤井川村,Akaigawa-mura,basic_municipality,-3.5879639,-0.19756259,5,4.9425287,5
01405,積丹町,Shakotan-cho,basic_municipality,-3.6082988,-0.014520655,4.9425287,4.8275862,4.9425287
39306,馬路村,Umaji-mura,basic_municipality,-3.6210375,-0.92175616,4.8850575,4.7701149,4.9425287
07547,浪江町,Namie-machi,basic_municipality,-3.6243305,-0.016252187,4.8275862,4.5402298,5.0574713
01461,中富良野町,Nakafurano-cho,basic_municipality,-3.6387276,-1.3239778,4.7701149,4.5402298,4.8850574
01370,今金町,Imakane-cho,basic_municipality,-3.6390811,0.10768755,4.7126437,4.5402298,4.8275862
39344,大豊町,Otoyo-cho,basic_municipality,-3.6572857,-1.5981501,4.6551724,4.4252872,4.7126436
47375,多良間村,Tarama-son,basic_municipality,-3.6622084,-2.2045981,4.5977011,4.3103447,4.7701149
02343,西目屋村,Nishimeya-mura,basic_municipality,-3.6671146,-0.29753129,4.5402299,4.4252872,4.6551723
01636,清水町,Shimizu-cho,basic_municipality,-3.6694517,-0.48032644,4.4827586,4.367816,4.5977011
02443,田子町,Takko-machi,basic_municipality,-3.6697738,-1.7796692,4.4252874,4.3103447,4.5977011
01462,南富良野町,Minamifurano-cho,basic_municipality,-3.6713355,0.96963898,4.3678161,4.3103447,4.7126436
07367,只見町,Tadami-machi,basic_municipality,-3.6858867,0.61826113,4.3103448,4.1954021,4.6551723
01433,妹背牛町,Moseushi-cho,basic_municipality,-3.6963304,-1.4440527,4.2528736,4.2528734,4.367816
01396,真狩村,Makkari-mura,basic_municipality,-3.7217519,-1.0880928,4.1954023,4.1954021,4.2528734
45431,美郷町,Misato-cho,basic_municipality,-3.7503427,-1.4915278,4.137931,3.9655173,4.1379309
01601,日高町,Hidaka-cho,basic_municipality,-3.7508729,-0.46243302,4.0804598,3.9655173,4.1379309
01427,由仁町,Yuni-cho,basic_municipality,-3.7527906,-1.3881869,4.0229885,4.0229883,4.1379309
07446,昭和村,Showa-mura,basic_municipality,-3.7685639,-0.84544991,3.9655172,3.8505747,3.9655173
43425,産山村,Ubuyama-mura,basic_municipality,-3.7728572,-1.9644857,3.908046,3.7341955,4.0229883
01544,津別町,Tsubetsu-cho,basic_municipality,-3.784018,-0.093785207,3.8505747,3.7931035,3.9655173
01438,沼田町,Numata-cho,basic_municipality,-3.793436,-0.11465234,3.7931034,3.7356322,3.8505747
01391,島牧村,Shimamaki-mura,basic_municipality,-3.7984731,1.289812,3.7356322,3.6206896,4.0804596
45430,椎葉村,Shiiba-son,basic_municipality,-3.8050815,-0.99763753,3.6781609,3.5632184,3.8505747
01586,むかわ町,Mukawa-cho,basic_municipality,-3.8247894,-0.77379801,3.6206897,3.4482758,3.6781609
01468,下川町,Shimokawa-cho,basic_municipality,-3.8260868,0.098099514,3.5632184,3.5632184,3.6206896
01560,滝上町,Takinoue-cho,basic_municipality,-3.8290351,0.88425591,3.5057471,3.5057471,3.679599
01487,天塩町,Teshio-cho,basic_municipality,-3.8507647,0.66567097,3.4482759,3.3908045,3.5057471
01459,美瑛町,Biei-cho,basic_municipality,-3.862467,-0.052243164,3.3908046,3.3908045,3.4482758
01638,中札内村,Nakasatsunai-mura,basic_municipality,-3.8754694,-0.2587576,3.3333333,3.275862,3.3333333
01514,枝幸町,Esashi-cho,basic_municipality,-3.8771213,-0.28625455,3.2758621,3.275862,3.3333333
01662,厚岸町,Akkeshi-cho,basic_municipality,-3.8884943,-0.76758546,3.2183908,3.1609194,3.2183907
01550,置戸町,Oketo-cho,basic_municipality,-3.8984704,0.2425993,3.1609195,2.9885058,3.2183907
01464,和寒町,Wassamu-cho,basic_municipality,-3.9030315,-0.60088471,3.1034483,2.9885058,3.1609194
01561,興部町,Okoppe-cho,basic_municipality,-3.9091817,-0.64728478,3.045977,2.9885058,3.1609194
01647,足寄町,Ashoro-cho,basic_municipality,-3.9206279,0.48134792,2.9885057,2.8735633,3.1034484
39305,北川村,Kitagawa-mura,basic_municipality,-3.9238291,-1.1007214,2.9310345,2.816092,2.9885058
45429,諸塚村,Morotsuka-son,basic_municipality,-3.9380405,-1.8076074,2.8735632,2.7586207,3.0459771
01520,幌延町,Horonobe-cho,basic_municipality,-3.9383908,0.65640368,2.816092,2.7586207,2.9310346
01471,中川町,Nakagawa-cho,basic_municipality,-3.9416393,0.70217403,2.7586207,2.7011495,2.9310346
01581,厚真町,Atsuma-cho,basic_municipality,-3.9664355,-0.61665231,2.7011494,2.7011495,2.816092
20602,栄村,Sakae-mura,basic_municipality,-4.0165254,-0.67593065,2.6436782,2.5862069,2.6436782
01609,えりも町,Erimo-cho,basic_municipality,-4.0182658,-2.4038637,2.5862069,2.4123564,2.6436782
01516,豊富町,Toyotomi-cho,basic_municipality,-4.0352811,0.41517133,2.5287356,2.3563218,2.6436782
20417,大鹿村,Oshika-mura,basic_municipality,-4.0361302,-0.86390947,2.4712644,2.4137931,2.5862069
01634,鹿追町,Shikaoi-cho,basic_municipality,-4.0509182,-0.3534216,2.4137931,2.3563218,2.5287356
01559,湧別町,Yubetsu-cho,basic_municipality,-4.0522239,-1.1263716,2.3563218,2.3563218,2.4712644
01363,厚沢部町,Assabu-cho,basic_municipality,-4.0939564,-0.64445506,2.2988506,2.2413793,2.2988505
01549,訓子府町,Kunneppu-cho,basic_municipality,-4.0985465,-1.4245849,2.2413793,2.2413793,2.2988505
01482,小平町,Obira-cho,basic_municipality,-4.1471577,-0.45562981,2.183908,2.183908,2.183908
01552,佐呂間町,Saroma-cho,basic_municipality,-4.1878281,-1.1160702,2.1264368,2.0689654,2.1264367
01648,陸別町,Rikubetsu-cho,basic_municipality,-4.1934573,0.17555789,2.0689655,1.954023,2.1264367
01602,平取町,Biratori-cho,basic_municipality,-4.201619,-0.66463067,2.0114943,1.954023,2.0689654
01564,大空町,Ozora-cho,basic_municipality,-4.2198255,-1.1550276,1.954023,1.8965517,1.954023
01407,仁木町,Niki-cho,basic_municipality,-4.219932,-2.3061534,1.8965517,1.8965517,2.1264367
01486,遠別町,Embetsu-cho,basic_municipality,-4.2774273,-0.3146922,1.8390805,1.8390805,1.8390805
01693,標津町,Shibetsu-cho,basic_municipality,-4.2903745,-0.39943571,1.7816092,1.7816092,1.7816092
07548,葛尾村,Katsurao-mura,basic_municipality,-4.3010123,-0.53473038,1.7241379,1.6666666,1.7241379
01604,新冠町,Niikappu-cho,basic_municipality,-4.3143529,-0.98897787,1.6666667,1.6666666,1.7241379
01633,上士幌町,Kamishihoro-cho,basic_municipality,-4.3271377,-0.49977528,1.6091954,1.5517242,1.6091954
01436,雨竜町,Uryu-cho,basic_municipality,-4.3326094,-0.91140301,1.5517241,1.4367816,1.6091954
01563,雄武町,Omu-cho,basic_municipality,-4.334774,-0.77865569,1.4942529,1.4367816,1.6091954
01485,初山別村,Shosambetsu-mura,basic_municipality,-4.3357111,-0.12470933,1.4367816,1.4367816,1.5517242
01694,羅臼町,Rausu-cho,basic_municipality,-4.370169,-1.6682685,1.3793103,1.2643678,1.3793104
01641,大樹町,Taiki-cho,basic_municipality,-4.3774994,-0.5294616,1.3218391,1.2068965,1.3793104
01465,剣淵町,Kembuchi-cho,basic_municipality,-4.3777677,-1.2958652,1.2643678,1.2629311,1.3793104
01304,新篠津村,Shinshinotsu-mura,basic_municipality,-4.3824898,-1.7390324,1.2068966,1.2068965,1.3218391
01664,標茶町,Shibecha-cho,basic_municipality,-4.4100825,-0.31291879,1.1494253,1.091954,1.1494253
01667,鶴居村,Tsurui-mura,basic_municipality,-4.4283222,-0.1178509,1.091954,0.9770115,1.091954
01547,小清水町,Koshimizu-cho,basic_municipality,-4.4307992,-1.3988496,1.0344828,0.9770115,1.1494253
01483,苫前町,Tomamae-cho,basic_municipality,-4.4360985,-1.1195796,0.97701149,0.9770115,1.0344827
01546,清里町,Kiyosato-cho,basic_municipality,-4.5075757,-0.88651427,0.91954023,0.91954023,0.91954023
01649,浦幌町,Urahoro-cho,basic_municipality,-4.574619,-0.90127276,0.86206897,0.86206895,0.86206895
01632,士幌町,Shihoro-cho,basic_municipality,-4.6394724,-1.6847187,0.8045977,0.68965518,0.80459768
02450,新郷村,Shingo-mura,basic_municipality,-4.6401575,-2.7332044,0.74712644,0.68965518,0.80459768
07564,飯舘村,Iitate-mura,basic_municipality,-4.6480817,-1.2041147,0.68965517,0.63218391,0.80459768
20305,南牧村,Minamimaki-mura,basic_municipality,-4.6553968,-3.8184642,0.63218391,0.63218391,0.80459768
01472,幌加内町,Horokanai-cho,basic_municipality,-4.7419655,0.33997394,0.57471264,0.57471263,0.57471263
01437,北竜町,Hokuryu-cho,basic_municipality,-4.80955,-1.8042783,0.51724138,0.51724136,0.51724136
01431,浦臼町,Urausu-cho,basic_municipality,-4.8415772,-2.23817,0.45977011,0.34482759,0.45977011
01691,別海町,Betsukai-cho,basic_municipality,-4.8555783,-1.2236766,0.40229885,0.34482759,0.45977011
01511,猿払村,Sarufutsu-mura,basic_municipality,-4.8572125,-1.1021961,0.34482759,0.34482759,0.45977011
01639,更別村,Sarabetsu-mura,basic_municipality,-4.8827352,-1.5982784,0.28735632,0.28735632,0.28735632
01645,豊頃町,Toyokoro-cho,basic_municipality,-5.2496749,-1.5264406,0.22988506,0.22988506,0.22988506
01663,浜中町,Hamanaka-cho,basic_municipality,-5.3367708,-2.8300321,0.17241379,0.1724138,0.1724138
20304,川上村,Kawakami-mura,basic_municipality,-5.6676819,-5.5107619,0.11494253,0.11494253,0.11494253
05368,大潟村,Ogata-mura,basic_municipality,-6.6615405,-4.7761524,0.057471264,0.057471264,0.057471264
